HS_Code,Description,Exemption_List,Scope_Limitation
0201.10.05,"Bovine carcasses and halves, fresh or chilled, described in general note 15 of the HTSUS",both,
0201.10.10,"Bovine carcasses and halves, fresh or chilled, described in additional U.S. note 3 to chapter 2 of the HTSUS",both,
0201.10.50,"Bovine carcasses and halves, fresh or chilled, other than described in general note 15 or additional U.S. note 3 to chapter 2 of the HTSUS",both,
0201.20.02,"High-quality beef cuts, with bone in, processed, fresh or chilled, described in general note 15 of the HTSUS",both,
0201.20.04,"Bovine meat cuts (except high-quality beef cuts), with bone in, processed, fresh or chilled, described in general note 15 of the HTSUS",both,
0201.20.06,"Bovine meat cuts, with bone in, not processed, fresh or chilled, described in general note 15 of the HTSUS",both,
0201.20.10,"High-quality beef cuts, with bone in, processed, fresh or chilled, described in additional U.S. note 3 to chapter 2 of the HTSUS",both,
0201.20.30,"Bovine meat cuts (except high-quality beef cuts), with bone in, processed, fresh or chilled, described in additional U.S. note 3 to chapter 2 of the HTSUS",both,
0201.20.50,"Bovine meat cuts, with bone in, not processed, fresh or chilled, described in additional U.S. note 3 to chapter 2 of the HTSUS",both,
0201.20.80,"Bovine meat cuts, with bone in, fresh or chilled, not described in general note 15 or additional U.S. note 3 to chapter 2 of the HTSUS",both,
0201.30.02,"High-quality beef cuts, boneless, processed, fresh or chilled, described in general note 15 of the HTSUS",both,
0201.30.04,"Bovine meat cuts (except high-quality beef cuts), boneless, processed, fresh or chilled, described in general note 15 of the HTSUS",both,
0201.30.06,"Bovine meat cuts, boneless, not processed, fresh or chilled, described in general note 15 of the HTSUS",both,
0201.30.10,"High-quality beef cuts, boneless, processed, fresh or chilled, described in additional U.S. note 3 to chapter 2 of the HTSUS",both,
0201.30.30,"Bovine meat cuts (except high-quality beef cuts), boneless, processed, fresh or chilled, described in additional U.S. note 3 to chapter 2 of the HTSUS",both,
0201.30.50,"Bovine meat cuts, boneless, not processed, fresh or chilled, described in additional U.S. note 3 to chapter 2 of the HTSUS",both,
0201.30.80,"Bovine meat cuts, boneless, fresh or chilled, not described in general note 15 or additional U.S. note 3 to chapter 2 of the HTSUS",both,
0202.10.05,"Bovine carcasses and halves, frozen, described in general note 15 of the HTSUS",both,
0202.10.10,"Bovine carcasses and halves, frozen, described in additional U.S. note 3 to chapter 2 of the HTSUS",both,
0202.10.50,"Bovine carcasses and halves, frozen, other than described in general note 15 or additional U.S. note 3 to chapter 2 of the HTSUS",both,
0202.20.02,"High-quality beef cuts, with bone in, processed, frozen, described in general note 15 of the HTSUS",both,
0202.20.04,"Bovine meat cuts (except high-quality beef cuts), with bone in, processed, frozen, described in general note 15 of the HTSUS",both,
0202.20.06,"Bovine meat cuts, with bone in, not processed, frozen, described in general note 15 of the HTSUS",both,
0202.20.10,"High-quality beef cuts, with bone in, processed, frozen, described in additional U.S. note 3 to chapter 2 of the HTSUS",both,
0202.20.30,"Bovine meat cuts (except high-quality beef cuts), with bone in, processed, frozen, described in additional U.S. note 3 to chapter 2 of the HTSUS",both,
0202.20.50,"Bovine meat cuts, with bone in, not processed, frozen, described in additional U.S. note 3 to chapter 2 of the HTSUS",both,
0202.20.80,"Bovine meat cuts, with bone in, frozen, not described in general note 15 or additional U.S. note 3 to chapter 2 of the HTSUS",both,
0202.30.02,"High-quality beef cuts, boneless, processed, frozen, described in general note 15 of the HTSUS",both,
0202.30.04,"Bovine meat cuts (except high-quality beef cuts), boneless, processed, frozen, described in general note 15 of the HTSUS",both,
0202.30.06,"Bovine meat cuts, boneless, not processed, frozen, described in general note 15 of the HTSUS",both,
0202.30.10,"High-quality beef cuts, boneless, processed, frozen, described in additional U.S. note 3 to chapter 2 of the HTSUS",both,
0202.30.30,"Bovine meat cuts (except high-quality beef cuts), boneless, processed, frozen, described in additional U.S. note 3 to chapter 2 of the HTSUS",both,
0202.30.50,"Bovine meat cuts, boneless, not processed, frozen, described in additional U.S. note 3 to chapter 2 of the HTSUS",both,
0202.30.80,"Bovine meat cuts, boneless, frozen, not described in general note 15 or additional U.S. note 3 to chapter 2 of the HTSUS",both,
0206.10.00,"Edible offal of bovine animals, fresh or chilled",both,
0206.21.00,"Tongues of bovine animals, frozen",both,
0206.22.00,"Livers of bovine animals, frozen",both,
0206.29.00,"Edible offal of bovine animals, except tongues or livers, frozen",both,
0210.20.00,"Meat of bovine animals, salted, in brine, dried or smoked",both,
0508.00.00,"Coral, shells, cuttlebone and similar materials, unworked or simply prepared but not cut to shape; powder and waste thereof",both,
0511.99.30,"Animal products chiefly used as food for animals or as ingredients in such food, nesoi",new,
0602.10.00,Unrooted cuttings and slips of live plants,new,
0701.10.00,"Seed potatoes, fresh or chilled",new,
0702.00.20,"Tomatoes, fresh or chilled, if entered during the period from March 1 to July 14, or the period from September 1 to November 14 in any year",both,
0702.00.40,"Tomatoes, fresh or chilled, if entered during the period from July 15 to August 31 in any year",both,
0702.00.60,"Tomatoes, fresh or chilled, if entered during the period from November 15, in any year, to the last day of February of the following year",both,
0709.99.05,"Jicamas and breadfruit, fresh or chilled",both,
0709.99.10,"Chayote (Sechium edule), fresh or chilled",both,
0710.80.15,"Bamboo shoots and water chestnuts (other than Chinese water chestnuts), uncooked or cooked by steaming or boiling in water, frozen",both,
0711.90.30,"Capers, provisionally preserved but unsuitable in that state for immediate consumption",both,
0712.32.00,"Dried wood ears (Auricularia spp.), whole, cut, sliced, broken or in powder, but not further prepared",both,
0712.34.10,Air dried or sun dried shiitake,both,
0712.34.20,Dried (other than air dried or sun dried) shiitake,both,
0712.90.8550,Sweet corn seeds of a kind used for sowing,new,
0713.10.10,Seeds of peas of a kind used for sowing,new,
0713.20.10,Seeds of chickpeas (garbanzos) of a kind used for sowing,new,
0713.31.10,Seeds of beans of a kind used for sowing,new,
0713.32.10,Seeds of small red (adzuki) beans of a kind used for sowing,new,
0713.33.10,"Seeds of kidney beans, including white pea beans of a kind used for sowing",new,
0713.34.10,"Dried seeds of Bambara beans, of a kind used for sowing",new,
0713.34.20,"Dried Bambara beans, shelled, if entered for consumption during the period from May 1 through August 31, inclusive, in any year",both,
0713.34.40,"Dried Bambara beans, shelled, if entered for consumption outside the above period, or if withdrawn for consumption",both,
0713.39.11,"Seeds of beans nesoi, of a kind used for sowing",new,
0713.40.10,Lentil seeds of a kind used for sowing,new,
0713.50.10,Seeds of broad beans and horse beans of a kind used for sowing,new,
0713.60.10,"Dried pigeon pea seeds, of a kind used for sowing",new,
0713.90.11,"Seeds of leguminous vegetables nesoi, of a kind used for sowing",new,
0713.90.50,"Dried guar seeds, shelled",new,
0714.10.10,"Cassava (manioc), frozen, whether or not sliced or in the form of pellets",both,
0714.10.20,"Cassava (manioc), fresh, chilled or dried, whether or not sliced or in the form of pellets",both,
0714.40.10,"Taro (Colocasia spp.), fresh or chilled, whether or not sliced or in the form of pellets",both,
0714.40.20,"Taro (Colocasia spp.), frozen",both,
0714.40.50,"Taro (Colocasia spp.), dried, in the form of pellets",both,
0714.40.60,"Taro (Colocasia spp.), dried, whether or not sliced but not in pellets",both,
0714.50.10,"Yautia (Xanthosoma spp.), fresh or chilled, whether or not sliced or in the form of pellets",both,
0714.50.20,"Yautia (Xanthosoma spp.), frozen",both,
0714.50.60,"Yautia (Xanthosoma spp.), dried, whether or not sliced but not in pellets",both,
0714.90.42,"Other mixtures of Chinese water chestnuts, frozen",both,
0714.90.44,"Chinese water chestnuts, not mixed, frozen",both,
0714.90.46,"Frozen dasheens, arrowroot, salep, Jerusalem artichokes, and similar roots and tubers, nesoi",both,
0714.90.48,"Chinese water chestnuts, dried",both,
0714.90.61,"Dried dasheens, arrowroot, salep, Jerusalem artichokes, and similar roots and tubers nesoi, whether or not sliced but not in pellets",both,
0801.11.00,"Coconuts, desiccated",both,
0801.12.00,"Coconuts, fresh, in the inner shell (endocarp)",both,
0801.19.01,"Coconuts, fresh, not in the inner shell (endocarp)",both,
0801.21.00,"Brazil nuts, fresh or dried, in shell",both,
0801.22.00,"Brazil nuts, fresh or dried, shelled",both,
0801.31.00,"Cashew nuts, fresh or dried, in shell",both,
0801.32.00,"Cashew nuts, fresh or dried, shelled",both,
0802.41.00,"Chestnuts (Castanea spp.), fresh or dried, in shell",both,
0802.42.00,"Chestnuts (Castanea spp.), fresh or dried, shelled",both,
0802.61.00,"Macadamia nuts, in shell",both,
0802.62.00,"Macadamia nuts, shelled",both,
0802.70.10,"Kola nuts (Cola spp.), fresh or dried, in shell",both,
0802.70.20,"Kola nuts (Cola spp.), fresh or dried, shelled",both,
0802.80.10,"Areca nuts, fresh or dried, in shell",both,
0802.80.20,"Areca nuts, fresh or dried, shelled",both,
0802.91.10,"Pignolia pine nuts, fresh or dried, in shell",both,
0802.91.90,"Pine nuts (other than Pignolia), fresh or dried, in shell",both,
0802.92.10,"Pignolia pine nuts, fresh or dried, shelled",both,
0802.92.90,"Pine nuts (other than Pignolia), fresh or dried, shelled",both,
0803.10.10,"Plantains, fresh",both,
0803.10.20,"Plantains, dried",both,
0803.90.00,"Bananas, fresh or dried",both,
0804.30.20,"Pineapples, fresh or dried, not reduced in size, in bulk",both,
0804.30.40,"Pineapples, fresh or dried, not reduced in size, in crates or other packages",both,
0804.30.60,"Pineapples, fresh or dried, reduced in size",both,
0804.40.00,"Avocados, fresh or dried",both,
0804.50.40,"Guavas, mangoes and mangosteens, fresh, if entered during the period September 1 through the following May 31, inclusive",both,
0804.50.60,"Guavas, mangoes and mangosteens, fresh, if entered during the period June 1 through August 31, inclusive",both,
0804.50.80,"Guavas, mangoes and mangosteens, dried",both,
0805.10.00,"Oranges, fresh or dried",both,
0805.50.30,"Tahitian limes, Persian limes and other limes of the Citrus latifolia variety, fresh or dried",both,
0805.50.40,"Limes of the Citrus aurantifolia variety, nesoi, fresh or dried",both,
0805.90.01,Etrogs,both,Ex
0807.20.00,"Papayas (papaws), fresh",both,
0808.40.20,"Quinces, fresh, if entered during the period from April 1 through June 30, inclusive",both,
0808.40.40,"Quinces, fresh, if entered during the period from July 1 through the following March 31, inclusive",both,
0810.50.00,"Kiwifruit, fresh",both,
0810.60.00,"Durians, fresh",both,
0810.90.27,"Other berries and tamarinds, fresh",both,
0810.90.46,"Fruit, nesoi, fresh",both,
0811.90.10,"Bananas and plantains, frozen, in water or containing added sweetening",both,
0811.90.25,"Cashew apples, mameyes colorados, sapodillas, soursops and sweetsops, frozen, in water or containing added sweetening",both,
0811.90.30,"Coconut meat, frozen, in water or containing added sweetening",both,
0811.90.40,"Papayas, frozen, in water or containing added sweetening",both,
0811.90.50,"Pineapples, frozen, in water or containing added sweetening",both,
0811.90.52,"Mangoes, frozen, whether or not previously steamed or boiled",both,
0811.90.80,"Tropical fruit, nesoi, frozen, whether or not previously steamed or boiled",both,Ex
0812.90.40,"Pineapples, provisionally preserved, but unsuitable in that state for immediate consumption",both,
0901.11.00,"Coffee, not roasted, not decaffeinated",both,
0901.12.00,"Coffee, not roasted, decaffeinated",both,
0901.21.00,"Coffee, roasted, not decaffeinated",both,
0901.22.00,"Coffee, roasted, decaffeinated",both,
0901.90.10,Coffee husks and skins,both,
0901.90.20,Coffee substitutes containing coffee,both,
0902.10.10,"Green tea in immediate packings of a content not exceeding 3 kg, flavored",both,
0902.10.90,"Green tea in immediate packings of a content not exceeding 3 kg, not flavored",both,
0902.20.10,"Green tea in immediate packings of a content exceeding 3 kg, flavored",both,
0902.20.90,"Green tea in immediate packings of a content exceeding 3 kg, not flavored",both,
0902.30.00,"Black tea (fermented) and partly fermented tea, in immediate packings of a content not exceeding 3 kg",both,
0902.40.00,"Black tea (fermented) and partly fermented tea, other than in immediate packings of a content not exceeding 3 kg",both,
0903.00.00,Maté,both,
0904.11.00,"Pepper of the genus Piper, neither crushed nor ground",both,
0904.12.00,"Pepper of the genus Piper, crushed or ground",both,
0904.21.20,"Paprika, dried, neither crushed nor ground",both,
0904.21.40,"Anaheim and ancho pepper, dried, neither crushed nor ground",both,
0904.21.60,"Fruits of the genus Capsicum, other than paprika or anaheim and ancho pepper, dried, neither crushed nor ground",both,
0904.21.80,"Fruits of the genus Pimenta (including allspice), dried",both,
0904.22.20,"Paprika, crushed or ground",both,
0904.22.40,"Anaheim and ancho pepper, crushed or ground",both,
0904.22.73,"Mixtures of mashed or macerated hot red peppers and salt, nesoi",both,
0904.22.76,"Fruits of the genus Capsicum, crushed or ground, nesoi",both,
0904.22.80,"Fruits of the genus Pimenta (including allspice), crushed or ground",both,
0905.10.00,"Vanilla beans, neither crushed nor ground",both,
0905.20.00,"Vanilla beans, crushed or ground",both,
0906.11.00,"Cinnamon (Cinnamomum zeylanicum Blume), neither crushed nor ground",both,
0906.19.00,"Cinnamon and cinnamon-tree flowers, nesoi, neither crushed nor ground",both,
0906.20.00,"Cinnamon and cinnamon-tree flowers, crushed or ground",both,
0907.10.00,"Cloves (whole fruit, cloves and stems), neither crushed nor ground",both,
0907.20.00,"Cloves (whole fruit, cloves and stems), crushed or ground",both,
0908.11.00,"Nutmeg, neither crushed nor ground",both,
0908.12.00,"Nutmeg, crushed or ground",both,
0908.21.00,"Mace, neither crushed nor ground",both,
0908.22.20,"Mace, ground, Bombay or wild",both,
0908.22.40,"Mace, crushed or ground, other than ground Bombay or wild mace",both,
0908.31.00,"Cardamoms, neither crushed nor ground",both,
0908.32.00,"Cardamoms, crushed or ground",both,
0909.21.00,"Seeds of coriander, neither crushed nor ground",both,
0909.22.00,"Seeds of coriander, crushed or ground",both,
0909.31.00,"Seeds of cumin, neither crushed nor ground",both,
0909.32.00,"Seeds of cumin, crushed or ground",both,
0909.61.00,"Seeds of anise, badian, caraway or fennel; juniper berries; neither crushed nor ground",both,
0909.62.00,"Seeds of anise, badian, caraway or fennel; juniper berries; crushed or ground",both,
0910.11.00,"Ginger, neither crushed nor ground",both,
0910.12.00,"Ginger, crushed or ground",both,
0910.20.00,Saffron,both,
0910.30.00,Turmeric (curcuma),both,
0910.91.00,Mixtures of spices referred to in note 1(b) to chapter 9 of the HTSUS,both,
0910.99.07,"Bay leaves, other than crude or not manufactured",both,
0910.99.10,Curry,both,
0910.99.20,"Origanum, crude or not manufactured",both,
0910.99.40,"Origanum, other than crude or not manufactured",both,
0910.99.50,Dill,both,
0910.99.60,"Spices, nesoi",both,
1001.11.00,"Durum wheat, seed",new,
1001.91.00,"Seed of wheat and meslin, other than durum wheat",new,
1002.10.00,"Rye, seed",new,
1003.10.00,"Barley, seed",new,
1003.90.40,"Barley, not seed, other than for malting purposes",both,
1004.10.00,"Oats, seed",new,
1005.10.00,Seed corn (maize),new,
1007.10.00,"Grain sorghum, seed",new,
1008.21.00,"Millet, seed",new,
1008.30.00,Canary seed,both,
1008.40.00,Fonio (Digitaria spp.),both,
1008.60.00,Triticale,both,
1106.20.90,"Flour, meal and powder of sago, or of roots or tubers of heading 0714 (excluding Chinese water chestnuts)",both,
1106.30.20,"Flour, meal and powder of banana and plantain",both,
1108.14.00,Cassava (manioc) starch,both,
1108.19.00,"Starches other than wheat, corn (maize), potato or cassava (manioc) starches",both,
1201.10.00,"Soybeans, whether or not broken, seed",new,
1202.30.05,"Peanuts (ground-nuts), seed, not roasted or cooked, shelled, subject to gen note 15 of the HTS",new,
1202.30.40,"Peanuts (ground-nuts), seed, not roasted or cooked, shelled, subject to add. US note 2 to Ch.12",new,
1202.30.80,"Peanuts (ground-nuts), seed, not roasted or cooked, shelled, not subject to gen note 15 or add. US note 2 to Ch.12",new,
1203.00.00,Copra,both,
1204.00.0010,"Flaxseed (linseed), whether or not broken, for sowing",new,
1205.10.0010,"Low erucic acid rape or colza seeds, for sowing",new,
1205.90.0010,"Rape or colza seeds (other than of low erucic acid), whether or not broken, for sowing",new,
1206.00.0031,"Sunflower seeds, whether or not broken, for sowing",new,
1207.21.00,"Cotton seeds, whether or not broken, seed for sowing",new,
1207.30.00,"Castor oil seeds, for sowing",new,Ex
1207.40.00,"Sesame seeds, whether or not broken, for sowing",new,Ex
1207.50.00,"Mustard seeds, whether or not broken, for sowing",new,Ex
1207.60.00,"Safflower (Carthamus tintorius) seeds, for sowing",new,Ex
1207.70.00,Melon seeds,new,
1207.91.00,"Poppy seeds, whether or not broken",both,
1207.99.03,"Other oil seeds and oleaginous fruits whether or not broken, including niger seeds, hemp seeds and seeds nesoi, for sowing",new,Ex
1209.10.00,Sugar beet seeds of a kind used for sowing,new,
1209.21.00,Alfalfa (lucerne) seed of a kind used for sowing,new,
1209.22.20,White and ladino clover seeds of a kind used for sowing,new,
1209.22.40,"Clover seeds, other than white and ladino, of a kind used for sowing",new,
1209.23.00,Fescue seeds of a kind used for sowing,new,
1209.24.00,Kentucky blue grass seeds of a kind used for sowing,new,
1209.25.00,Rye grass seeds of a kind used for sowing,new,
1209.29.10,"Beet seed, other than sugar beet seed, of a kind used for sowing",new,
1209.29.91,"Seeds of forage plants of a kind used for sowing, not elsewhere specified or included",new,
1209.30.00,Seeds of herbaceous plants cultivated principally for their flowers,new,
1209.91.10,Cauliflower seeds of a kind used for sowing,new,
1209.91.20,Celery seeds of a kind used for sowing,new,
1209.91.40,Onion seeds of a kind used for sowing,new,
1209.91.50,Parsley seeds of a kind used for sowing,new,
1209.91.60,Pepper seeds of a kind used for sowing,new,
1209.91.80,"Vegetable seeds, nesoi, of a kind used for sowing",new,
1209.99.20,Tree and shrub seeds of a kind used for sowing,new,
1209.99.41,"Seeds, fruits and spores, of a kind used for sowing, nesoi",new,
1404.90.90,Other vegetable materials nesoi,both,
1513.11.00,"Coconut (copra) oil and its fractions, crude oil",both,
1513.19.00,"Coconut (copra) oil and its fractions, other",both,
1521.10.00,"Vegetable waxes (other than triglycerides), whether or not refined or colored",both,
1521.90.20,Bleached beeswax,both,
1602.50.05,"Offal of bovine animals, prepared or preserved",both,
1602.50.07,Corned beef in airtight containers,both,
1602.50.08,"Offal of bovine animals, cured or pickled, not corned beef, not in airtight containers",both,
1602.50.21,"Offal of bovine animals, other, in airtight containers",both,
1602.50.60,"Prepared or preserved meat of bovine animals, not containing cereals or vegetables, nesoi",both,
1602.50.90,"Prepared or preserved meat of bovine animals, containing cereals or vegetables",both,
1701.12.10,"Beet sugar, raw, in solid form, w/o added flavoring or coloring, subject to add. US 5 to Ch.17",new,
1701.13.10,"Cane sugar, raw, specified in subheading 2 and subject to add'l note 5 to this chapter, in solid form, w/o added flavoring or coloring",new,
1701.14.10,"Other cane sugar, raw, in solid form, w/o added flavoring or coloring, subject to add. US 5 to Ch.17",new,
1701.91.10,"Cane/beet sugar & pure sucrose, refined, solid, w/added coloring but not flav., subject to add. US 5 to Ch.17",new,
1701.99.10,"Cane/beet sugar & pure sucrose, refined, solid, w/o added coloring or flavoring, subject to add. US 5 to Ch.17",new,
1702.90.10,"Cane/beet sugars & syrups (incl. invert sugar); nesoi, w/soluble non-sugar solids 6% or less soluble solids, subj Ch17 US note 5",new,
1801.00.00,"Cocoa beans, whole or broken, raw or roasted",both,
1802.00.00,"Cocoa shells, husks, skins and other cocoa waste",both,
1803.10.00,"Cocoa paste, not defatted",both,
1803.20.00,"Cocoa paste, wholly or partly defatted",both,
1804.00.00,"Cocoa butter, fat and oil",both,
1805.00.00,"Cocoa powder, not containing added sugar or other sweetening matter",both,
1903.00.20,"Tapioca and substitutes prepared from starch, of arrowroot, cassava or sago, in the form of flakes, grains, pearls, siftings or in similar forms",both,
1903.00.40,"Tapioca and substitutes, prepared from starch nesoi, in the form of flakes, grains, pearls, siftings or in similar forms",both,
1905.90.10,"Bread, pastry, cakes, biscuits and similar baked products, nesoi, and puddings, whether or not containing chocolate, fruit, nuts or confectionery, for religious purposes only",both,Ex
1905.90.90,"Bakers’ wares, communion wafers, sealing wafers, rice paper and similar products, nesoi, for religious purposes only",both,Ex
2001.90.45,"Mangoes, prepared or preserved by vinegar or acetic acid",both,
2005.91.60,"Bamboo shoots in airtight containers, prepared or preserved otherwise than by vinegar or acetic acid, not frozen, not preserved by sugar",both,
2006.00.40,"Pineapples, preserved by sugar (drained, glacé or crystallized)",both,
2007.99.40,Pineapple jam,both,
2007.99.50,"Guava and mango pastes and purees, being cooked preparations",both,
2008.19.15,"Coconuts, otherwise prepared or preserved, nesoi",both,
2008.20.00,"Pineapples, otherwise prepared or preserved, nesoi",both,
2008.30.35,Orange pulp,new,
2008.91.00,"Palm hearts, otherwise prepared or preserved, nesoi",both,
2008.99.13,"Banana pulp, otherwise prepared or preserved, nesoi",both,
2008.99.15,"Bananas, other than pulp, otherwise prepared or preserved, nesoi",both,
2008.99.21,Acai,both,Ex
2008.99.40,"Mangoes, otherwise prepared or preserved, nesoi",both,
2008.99.45,"Papaya pulp, otherwise prepared or preserved, nesoi",both,
2008.99.91,"Bean cake, bean stick, miso, other fruit, nuts and other edible parts of plants, prepared or preserved",both,
2009.11.00,"Orange juice, frozen, unfermented and not containing added spirit",both,
2009.12.25,"Orange juice, not frozen, of a Brix value not exceeding 20, not concentrated and not made from juice having a degree of concentration of 1.5 or more, unfermented",both,
2009.12.45,"Orange juice, not frozen, of a Brix value not exceeding 20, concentrated, unfermented",both,
2009.19.00,"Orange juice, not frozen, of a Brix value exceeding 20, unfermented",both,
2009.31.60,"Citrus juice of any single citrus fruit (other than orange, grapefruit or lime), of a Brix value not exceeding 20, concentrated, unfermented, except for lemon juice",both,Ex
2009.39.20,"Lime juice, of a Brix value exceeding 20, fit for beverage purposes, unfermented",both,
2009.49.40,"Pineapple juice, of a Brix value exceeding 20, concentrated (in degree of concentration greater than 3.5)",both,
2009.89.70,Coconut water or juice of acai,both,Ex
2009.90.40,"Coconut water juice blends, not from concentrate, packaged for retail sale",both,Ex
2101.11.21,"Instant coffee, not flavored",new,
2101.11.29,"Extracts, essences and concentrates of coffee other than unflavored instant coffee",both,
2101.12.90,"Preparations nesoi, with a basis of extracts, essences or concentrates or with a basis of coffee",both,
2101.20.20,"Extracts, essences or concentrates of tea or mate",both,
2106.90.44,"Syrups from cane/beet sugar, neosi, w/added coloring but not added flavoring, subject to add US note 5 to Ch. 17, not GN15",new,
2106.90.48,"Orange juice, fortified with vitamins or minerals",both,
2106.90.99,Acai preparations for the manufacture of beverages,both,Ex
2202.99.30,"Orange juice, fortified with vitamins or minerals, not made from a juice having a degree of concentration of 1.5 or more",both,
2202.99.35,"Orange juice, fortified with vitamins or minerals, nesoi",both,
2503.00.00,"Sulfur of all kinds, other than sublimed, precipitated and colloidal sulfur",new,
2504.10.10,"Natural graphite, crystalline flake (not including flake dust)",both,
2504.10.50,Natural graphite in powder or flakes other than crystalline flake,both,
2504.90.00,"Natural graphite, other than in powder or in flakes",both,
2510.10.00,"Natural calcium phosphates, natural aluminum calcium phosphates, unground",both,
2510.20.00,"Natural calcium phosphates, natural aluminum calcium phosphates, ground",both,
2511.10.10,"Natural barium sulfate (barytes), ground",both,
2511.10.50,"Natural barium sulfate (barytes), not ground",both,
2519.10.00,Natural magnesium carbonate (magnesite),both,
2519.90.10,"Fused magnesia; dead-burned (sintered) magnesia, whether or not containing small quantities of other oxides added before sintering",both,
2519.90.20,Caustic calcined magnesite,both,
2524.90.00,Asbestos other than crocidolite,both,
2529.21.00,"Fluorspar, containing by weight 97 percent or less of calcium fluoride",both,
2529.22.00,"Fluorspar, containing by weight more than 97 percent of calcium fluoride",both,
2530.20.10,Kieserite,both,
2530.20.20,Epsom salts (natural magnesium sulfates),both,
2530.90.10,Natural cryolite; natural chiolite,both,
2530.90.20,Natural micaceous iron oxides,both,
2530.90.80,"Other mineral substances, nesoi",both,
2601.11.00,Non-agglomerated iron ores and concentrates,new,
2601.20.00,Agglomerated iron ores and concentrates,new,
2602.00.00,Manganese ores and concentrates including ferruginous manganese ores and concentrates with manganese content over 20 percent calculated on the dry weight,both,
2603.00.00,Copper ores and concentrates,both,
2604.00.00,Nickel ores and concentrates,both,
2605.00.00,Cobalt ores and concentrates,both,
2606.00.00,Aluminum ores and concentrates,both,
2608.00.00,Zinc ores and concentrates,both,
2609.00.00,Tin ores and concentrates,both,
2610.00.00,Chromium ores and concentrates,both,
2611.00.30,Tungsten ores,both,
2611.00.60,Tungsten concentrates,both,
2612.10.00,Uranium ores and concentrates,both,
2612.20.00,Thorium ores and concentrates,both,
2613.90.00,"Molybdenum ores and concentrates, not roasted",both,
2614.00.30,Synthetic rutile,both,
2614.00.60,"Titanium ores and concentrates, other than synthetic rutile",both,
2615.90.30,Synthetic tantalum-niobium concentrates,both,
2615.90.60,"Niobium, tantalum or vanadium ores and concentrates, nesoi",both,
2616.10.00,Silver ores and concentrates,both,
2617.10.00,Antimony ores and concentrates,both,
2620.30.00,"Ash and residues (other than from the manufacture of iron or steel), containing mainly copper",both,
2620.99.50,"Slag (other than from the manufacture of iron or steel) containing over 40 percent titanium, and which if containing over 2 percent by weight of copper, lead, or zinc is not to be treated for the recovery thereof",both,
2701.11.00,"Coal, anthracite, whether or not pulverized, but not agglomerated",both,
2701.12.00,"Coal, bituminous, whether or not pulverized, but not agglomerated",both,
2701.19.00,"Coal, other than anthracite or bituminous, whether or not pulverized, but not agglomerated",both,
2701.20.00,"Coal, briquettes, ovoids and similar solid fuels manufactured from coal",both,
2702.10.00,"Lignite (excluding jet), whether or not pulverized, but not agglomerated",both,
2702.20.00,"Lignite (excluding jet), agglomerated",both,
2703.00.00,"Peat (including peat litter), whether or not agglomerated",both,
2704.00.00,"Coke and semicoke of coal, lignite or peat, whether or not agglomerated; retort carbon",both,
2705.00.00,"Coal gas, water gas, producer gas and similar gases, other than petroleum gases and other gaseous hydrocarbons",both,
2706.00.00,"Tars (including reconstituted tars), distilled from coal, lignite or peat, and other mineral tars, whether dehydrated or partially distilled",both,
2707.10.00,"Benzene, from the distillation of high-temperature coal tar, or in which the weight of the aromatic constituents exceeds that of the nonaromatic constituents",both,
2707.20.00,"Toluene, from the distillation of high-temperature coal tar, or in which the weight of aromatic constituents exceeds that of the nonaromatic constituents",both,
2707.30.00,"Xylenes, from the distillation of high-temperature coal tar, or in which the weight of the aromatic constituents exceeds that of the nonaromatic constituents",both,
2707.40.00,"Naphthalene, from the distillation of high- temperature coal tar, or in which the weight of the aromatic constituents exceeds that of the nonaromatic constituents",both,
2707.50.00,"Aromatic hydrocarbon mixtures (from the distillation of high-temperature coal tar, or similar products in which the weight of the aromatic constituents exceeds that of the nonaromatic constituents), other than Benzene, Toluene, Xylenes, and Naphathalene, in which 65% or more by volume (including losses) distills at 250 C by the ISO 3405 method (equivalent to the ASTM D 86 method)",both,
2707.91.00,"Creosote oils, from the distillation of high- temperature coal tar or similar products in which the weight of the aromatic constituents exceeds that of the nonaromatic constituents",both,
2707.99.10,"Light oil, from the distillation of high-temperature coal tar or similar products in which the weight of the aromatic constituents exceeds that of the nonaromatic constituents",both,
2707.99.20,"Picolines, from the distillation of high-temperature coal tar or similar products in which the weight of the aromatic constituents exceeds that of the nonaromatic constituents",both,
2707.99.40,"Carbazole, from the distillation of high-temperature coal tar or similar products in which the weight of the aromatic constituents exceeds that of the nonaromatic constituents, having a purity of 65 percent or more by weight",both,
2707.99.51,"Phenols, from the distillation of high-temperature coal tar or similar products in which the weight of aromatic constituents exceeds that of nonaromatic constituents, containing more than 50 percent by weight of hydroxybenzene",both,
2707.99.55,"Metacresol, orthocresol, paracresol, and metaparacresol, from the distillation of high- temperature coal tar or similar products where the weight of the aromatic constituents exceeds that of the nonaromatic constituents, having a purity of 75 percent or more by weight",both,
2707.99.59,"Phenols, nesoi",both,
2707.99.90,"Other products of the distillation of high-temperature coal tar and similar products in which the weight of the aromatic constituents exceed that of the nonaromatic constituents, nesoi",both,
2708.10.00,"Pitch, obtained from coal tar or other mineral tars",both,
2708.20.00,"Pitch coke, obtained from coal tar or other mineral tars",both,
2709.00.10,"Petroleum oils and oils from bituminous minerals, crude, testing under 25 degrees A.P.I.",both,
2709.00.20,"Petroleum oils and oils from bituminous minerals, crude, testing 25 degrees A.P.I. or more",both,
2710.12.15,Light oil motor fuel from petroleum oils and oils from bituminous minerals (other than crude) and containing by weight 70 percent or more of petroleum oils or oils from bituminous minerals,both,
2710.12.18,Light oil motor fuel blending stock from petroleum oils and oils from bituminous minerals (other than crude) containing by weight 70 percent or more from petroleum oils or oils from bituminous minerals,both,
2710.12.25,Naphthas (except motor fuel or motor fuel blending stock),both,
2710.12.45,Light oil mixtures of hydrocarbons nesoi which contain by weight not over 50 percent of any single hydrocarbon compound,both,
2710.12.90,"Light oils and preparations, from petroleum oils and oils from bituminous minerals or preparations nesoi containing by weight 70 percent or more of petroleum oils or oils obtained from bituminous minerals",both,
2710.19.06,"Distillate and residual fuel oils (including blended fuel oils), derived from petroleum or oils from bituminous minerals, testing under 25 degrees A.P.I.",both,
2710.19.11,"Distillate and residual fuel oils (including blended fuel oils), derived from petroleum oils or oils from bituminous minerals, testing 25 degrees A.P.I. or more",both,
2710.19.16,"Kerosene-type jet fuel, from petroleum oils and oils of bituminous minerals (other than crude) or preparations containing by weight 70 percent or more of petroleum oils or oils obtained from bituminous minerals",both,
2710.19.24,"Kerosene motor fuel (except kerosene-type jet fuel), from petroleum oils and oils of bituminous minerals (other than crude) or preparations containing by weight 70 percent or more of petroleum oils or oils obtained from bituminous minerals",both,
2710.19.25,"Kerosene motor fuel blending stock (except kerosene-type jet fuel), from petroleum oils and oils of bituminous minerals (other than crude) or preparations containing by weight 70 percent or more of petroleum oils or oils obtained from bituminous minerals",both,
2710.19.26,"Kerosene (except kerosene-type jet fuel, kerosene motor fuel, and kerosene motor fuel blending stock), from petroleum oils and oils of bituminous minerals (other than crude) or preparations containing by weight 70 percent or more of petroleum oils or oils obtained from bituminous minerals",both,
2710.19.30,"Lubricating oils, with or without additives, from petroleum oils and oils of bituminous minerals (other than crude) or preparations containing by weight 70 percent or more of petroleum oils or oils obtained from bituminous minerals",both,
2710.19.35,"Lubricating greases, containing not over 10 percent by weight of salts of fatty acids of animal or vegetable origin, from petroleum oils and oils of bituminous minerals (other than crude) or preparations containing by weight 70 percent or more of petroleum oils or oils obtained from bituminous minerals",both,
2710.19.40,"Lubricating greases, containing 10 percent or more by weight of salts of fatty acids of animal or vegetable origin, from petroleum oils and oils of bituminous minerals (other than crude) or preparations containing by weight 70 percent or more of petroleum oils or oils obtained from bituminous minerals",both,
2710.19.45,"Mixture of hydrocarbons nesoi, which contain by weight not over 50 percent of any single hydrocarbon compound, from petroleum oils and oils of bituminous minerals (other than crude) or preparations containing by weight 70 percent or more of petroleum oils or oils obtained from bituminous minerals",both,
2710.19.90,Petroleum oils and oils from bituminous minerals or preparations nesoi containing by weight 70 percent or more of petroleum oils or oils obtained from bituminous minerals,both,
2710.20.05,"Distillate and residual fuel oils (including blended fuel oils), testing under 25 degrees A.P.I., from petroleum oils and oils of bituminous minerals (other than crude) or preparations nesoi containing by weight 70 percent or more of petroleum oils or oils obtained from bituminous minerals, containing biodiesel, other than waste oils",both,
2710.20.10,"Distillate and residual fuel oils (including blended fuel oils), testing 25 degrees A.P.I. or more, from petroleum oils and oils of bituminous minerals (other than crude) or preparations nesoi containing by weight 70 percent or more of petroleum oils or oils obtained from bituminous minerals, containing biodiesel, and other than waste oils",both,
2710.20.15,"Kerosene-type jet fuel, motor fuel or motor fuel blending stock, from petroleum oils and oils of bituminous minerals (other than crude) or preparations nesoi containing by weight 70 percent or more of petroleum oils or oils obtained from bituminous minerals, containing biodiesel, and other than waste oils",both,
2710.20.25,"Kerosene (except kerosene-type jet fuel, motor fuel or motor fuel blending stock, from petroleum oils and oils of bituminous minerals (other than crude) or preparations nesoi containing by weight 70 percent or more of petroleum oils or oils obtained from bituminous minerals, containing biodiesel, other than waste oils",both,
2710.91.00,"Waste oils containing polychlorinated biphenyls (PCBs), polychlorinated terphenyls (PCTs) or polybrominated biphenyls (PBBs)",both,
2710.99.05,"Wastes of distillate and residual fuel oil (including blends) derived from petroleum oil or bituminous minerals, testing under 25 degrees A.P.I.",both,
2710.99.10,"Wastes of distillate and residual fuel oil (including blends) derived from petroleum oil or bituminous minerals, testing 25 degrees A.P.I. or more",both,
2710.99.16,Waste motor fuel or motor fuel blending stock,both,
2710.99.21,Waste kerosene or naphthas,both,
2710.99.31,"Waste lubricating oils, with or without additives",both,
2710.99.32,"Waste lubricating greases, containing not over 10 percent by weight of fatty acids of animal (including marine animal) or vegetable origin",both,
2710.99.39,Other wastes of lubricating oils and greases,both,
2710.99.45,Waste oil mixtures of hydrocarbons nesoi containing not over 50 percent of any single hydrocarbon compound,both,
2710.99.90,Other waste oils,both,
2711.11.00,"Natural gas, liquefied",both,
2711.12.00,"Propane, liquefied",both,
2711.13.00,"Butanes, liquefied",both,
2711.14.00,"Ethylene, propylene, butylene and butadiene, liquefied",both,
2711.19.00,"Liquefied petroleum gases and other gaseous hydrocarbons, nesoi",both,
2711.21.00,"Natural gas, in gaseous state",both,
2711.29.00,"Petroleum gases and other gaseous hydrocarbons, except natural gas",both,
2712.10.00,Petroleum jelly,both,
2712.20.00,"Paraffin wax (whether or not colored), obtained by synthesis or other process and less than 0.75 percent oil by weight",both,
2712.90.10,"Montan wax (whether or not colored), obtained by synthesis or other process",both,
2712.90.20,"Mineral waxes (i.e., paraffin wax with 0.75 percent or more oil by weight, microcrystalline wax, slack lignite and peat waxes, ozokerite), obtained by synthesis",both,
2713.11.00,"Coke, petroleum, not calcined",both,
2713.12.00,"Coke, petroleum coke, calcined",both,
2713.20.00,Petroleum bitumen,both,
2713.90.00,Residues (except petroleum coke or petroleum bitumen) of petroleum oils or of oils obtained from bituminous materials,both,
2714.10.00,Bituminous or oil shale and tar sands,both,
2714.90.00,"Bitumen and asphalt, natural; asphaltites and asphaltic rocks",both,
2715.00.00,"Bituminous mixtures based on natural asphalt, natural bitumen, petroleum bitumen, mineral tar or mineral tar pitch",both,
2716.00.00,Electrical energy,both,
2801.20.00,Iodine,both,
2802.00.00,"Sulfur, sublimed or precipitated; colloidal sulfur",new,
2804.10.00,Hydrogen,new,Pharma
2804.29.00,"Rare gases, other than argon",both,
2804.30.00,Nitrogen,new,
2804.50.00,Boron; tellurium,both,
2804.61.00,Silicon containing by weight not less than 99.99 percent of silicon,both,
2804.80.00,Arsenic,both,
2804.90.00,Selenium,both,
2805.19.10,Strontium,both,
2805.19.20,Barium,both,
2805.19.90,"Alkali metals, other than strontium and barium",both,
2805.30.00,"Rare-earth metals, scandium and yttrium, whether or not intermixed or interalloyed",both,
2806.10.00,Hydrogen chloride (Hydrochloric acid),new,Pharma
2807.00.00,Sulfuric acid; oleum,new,
2809.20.00,Phosphoric acid and polyphosphoric acids,new,Pharma
2811.11.00,Hydrogen fluoride (Hydrofluoric acid),both,
2811.12.00,Hydrogen cyanide,new,Pharma
2811.19.10,Arsenic acid,both,
2811.22.50,"Silicon dioxide, other than synthetic silica gel",new,Pharma
2811.29.10,Arsenic trioxide,both,
2811.29.20,Selenium dioxide,both,
2812.12.00,Phosphorus oxychloride,new,Pharma
2812.19.00,Other chlorides and chloride oxides,both,
2813.90.10,Arsenic sulfides,both,
2814.10.00,Anhydrous ammonia,new,
2814.20.00,Ammonia in aqueous solution,new,
2815.11.00,"Sodium hydroxide (Caustic soda), solid",new,Pharma
2815.12.00,"Sodium hydroxide (Caustic soda), in aqueous solution (Soda lye or liquid soda)",new,Pharma
2815.20.00,Potassium hydroxide (Caustic potash),both,
2815.30.00,Peroxides of sodium or potassium,new,Pharma
2816.10.00,Hydroxide and peroxide of magnesium,both,
2816.40.10,"Oxides, hydroxides and peroxides of strontium",both,
2816.40.20,"Oxides, hydroxides and peroxides of barium",both,
2817.00.00,Zinc oxide; zinc peroxide,both,
2818.10.10,"Artificial corundum, crude",both,
2818.10.20,"Artificial corundum, in grains, or ground, pulverized or refined",both,
2818.20.00,"Aluminum oxide, other than artificial corundum",both,
2818.30.00,Aluminum hydroxide,new,
2820.10.00,Manganese dioxide,both,
2821.10.00,Iron oxides and hydroxides,both,
2821.20.00,Earth colors containing 70 percent or more by weight of combined iron evaluated as Fe2O3,both,
2822.00.00,Cobalt oxides and hydroxides; commercial cobalt oxides,both,
2823.00.00,Titanium oxides,both,
2825.10.00,Hydrazine and hydroxylamine and their inorganic salts,new,Pharma
2825.20.00,Lithium oxide and hydroxide,both,
2825.30.00,Vanadium oxides and hydroxides,new,
2825.40.00,Nickel oxides and hydroxides,both,
2825.50.30,Copper hydroxides,both,
2825.60.00,Germanium oxides and zirconium dioxide,both,
2825.80.00,Antimony oxides,both,
2825.90.15,Niobium oxide,both,
2825.90.20,Tin oxides,new,
2825.90.30,Tungsten oxides,both,
2825.90.90,"Other inorganic bases; other metal oxides, hydroxides and peroxides, nesoi",both,
2826.12.00,Fluorides of aluminum,both,
2826.30.00,Sodium hexafluoroaluminate (Synthetic cryolite),both,
2826.90.90,"Other complex fluorine salts, nesoi",both,
2827.31.00,Magnesium chloride,both,
2827.39.25,Tin chlorides,new,
2827.39.45,Barium chloride,both,
2827.39.60,Cobalt chlorides,both,
2827.39.65,Zinc chloride,new,Pharma
2827.39.90,"Chlorides, nesoi",both,
2827.41.00,Chloride oxides and chloride hydroxides of copper,both,
2827.49.50,Chloride oxides and chloride hydroxides other than of copper or of vanadium,both,
2827.59.51,"Other bromides and bromide oxides, other than ammonium, calcium or zinc",both,
2827.60.10,Iodide and iodide oxide of calcium or copper,both,
2827.60.20,Iodide and iodide oxide of potassium,new,Pharma
2827.60.51,"Iodides and iodide oxides, other than of calcium, copper or potassium",both,
2832.10.00,Sodium sulfites,new,Pharma
2832.30.10,Sodium thiosulfate,new,Pharma
2833.11.50,"Disodium sulfate, other than salt cake",new,Pharma
2833.19.00,"Sodium sulfates, other than disodium sulfate",new,Pharma
2833.21.00,Magnesium sulfate,both,
2833.22.00,Aluminum sulfate,new,Pharma
2833.24.00,Nickel sulfate,both,
2833.25.00,Copper sulfate,both,
2833.27.00,Barium sulfate,both,
2833.29.10,Cobalt sulfate,both,
2833.29.45,Zinc sulfate,both,
2833.29.51,Other sulfates nesoi,both,
2834.10.10,Sodium nitrite,new,Pharma
2834.21.00,Potassium nitrate,both,
2834.29.10,Calcium nitrate,new,
2834.29.20,Strontium nitrate,both,
2834.29.51,"Nitrates, nesoi",both,
2835.22.00,Mono- or disodium phosphates,new,Pharma
2835.24.00,Potassium phosphate,new,Pharma
2836.20.00,Disodium carbonate,new,Pharma
2836.30.00,Sodium hydrogencarbonate (Sodium bicarbonate),new,Pharma
2836.40.20,Potassium hydrogencarbonate (Potassium bicarbonate),new,Pharma
2836.60.00,Barium carbonate,both,
2836.91.00,Lithium carbonates,both,
2836.92.00,Strontium carbonate,both,
2836.99.10,Cobalt carbonates,both,
2836.99.50,"Carbonates nesoi, and peroxocarbonates (percarbonates)",both,
2837.20.51,"Complex cyanides, excluding potassium ferricyanide",new,Pharma
2841.80.00,Tungstates (wolframates),both,
2841.90.20,Ammonium perrhenate,both,
2841.90.40,Aluminates,both,Pharma
2842.10.00,Double or complex silicates,new,Pharma
2842.90.90,"Salts of inorganic acids or peroxoacids nesoi, excluding azides",new,Pharma
2843.29.01,"Silver compounds, other than silver nitrate",both,Pharma
2843.30.00,Gold compounds,both,Pharma
2843.90.00,"Inorganic or organic compounds of precious metals, excluding those of silver and gold; amalgams of precious metals",both,Pharma
2844.10.10,Natural uranium metal,both,
2844.10.20,Natural uranium compounds,both,
2844.20.00,"Uranium enriched in U235 and plutonium and their compounds; alloys, dispersions, ceramic products and mixtures containing these products",both,
2844.30.20,Compounds of uranium depleted in U235,both,
2844.30.50,"Uranium depleted in U235, thorium; alloys, dispersions, ceramic products and mixtures of these products and their compounds",both,
2844.41.00,"Tritium and its compounds, alloys, dispersions, ceramic products and mixtures thereof",new,Pharma
2844.42.00,"Actinium, californium, curium, einsteinium, gadolinium, polonium, radium, uranium and their compounds, alloys, dispersions, ceramic products and mixtures",new,Pharma
2844.43.00,"Other radioactive elements, isotopes, compounds, nesoi; alloys, dispersions, ceramic products and mixtures thereof",both,Pharma
2844.44.00,Radioactive residues,new,Pharma
2845.20.00,Boron enriched in boron-10 and its compounds,new,Pharma
2845.30.00,Lithium enriched in lithium-6 and its compounds,new,Pharma
2845.90.01,"Isotopes not in heading 2844 and their compounds other than boron, lithium and helium",both,Pharma
2846.10.00,Cerium compounds,both,
2846.90.20,Mixtures of rare-earth oxides or of rare-earth chlorides,both,
2846.90.40,Yttrium bearing materials and compounds containing by weight more than 19 percent but less than 85 percent yttrium oxide equivalent,both,
2846.90.80,"Compounds, inorganic or organic, of rare-earth metals, of yttrium or of scandium, or of mixtures of these metals, nesoi",both,
2847.00.00,"Hydrogen peroxide, whether or not solidified with urea",new,Pharma
2849.20.10,"Silicon carbide, crude",both,
2849.20.20,"Silicon carbide, in grains, or ground, pulverized or refined",both,
2849.90.30,Tungsten carbide,both,
2850.00.50,"Hydrides, nitrides, azides, silicides and borides other than of calcium, titanium, tungsten or vanadium",new,Pharma
2853.10.00,Cyanogen chloride (Chlorocyan ),new,Pharma
2853.90.10,"Phosphor copper containing more than 15 percent by weight of phosphorus, excluding ferrosphosphorus",both,
2853.90.50,"Phosphides, whether or not chemically defined, excluding ferrophosphorus, of other metals or of nonmetals",new,Pharma
2853.90.90,"Other phosphides, excluding ferrophosphorous, nesoi",both,
2901.10.40,"Saturated acyclic hydrocarbon (not ethane, butane, n- pentane or isopentane), derived in whole or in part from petroleum, shale oil or natural gas",new,Pharma
2902.19.00,"Cyclanic hydrocarbons (except cyclohexane), cyclenic hydrocarbons and cycloterpenes nesoi",new,Pharma
2902.90.30,Alkylbenzenes and polyalkylbenzenes,new,Pharma
2903.12.00,Dichloromethane (Methylene chloride),new,Pharma
2903.13.00,Chloroform (Trichloromethane),new,Pharma
2903.22.00,Trichloroethylene,new,Pharma
2903.41.10,Trifluoromethane (HFC-23),new,Pharma
2903.42.10,Difluoromethane (HFC-32),new,Pharma
2903.43.10,"Fluoromethane (HFC-41), 1,2-difluoroethane (HFC- 152) and 1,1-difluoroethane (HFC-152-a)",new,Pharma
2903.44.10,"Pentafluoroethane (HFC-125), 1,1,1-trifluoroethane (HFC-143a) and 1,1,2-trifluoroethane (HFC-143)",new,Pharma
2903.45.10,"1,1,1,2-Tetrafluoroethane (HFC-134a) and 1,1,2,2- tetrafluoroethane (HFC-134)",both,Pharma
2903.46.10,"1,1,1,2,3,3,3-Heptafluoropropane (HFC- 227ea),1,1,1,2,2,3-hexafluoropropane (HFC- 236cb),1,1,1,2,3,3-hexafluoropropane (HFC-236ea) and 1,1,1,3,3,3-hexafluoropropane (HFC-236fa)",new,Pharma
2903.47.10,"1,1,1,3,3-Pentafluoropropane (HFC-245fa) and 1,1,2,2,3-pentafluoropropane (HFC-245ca)",new,Pharma
2903.48.00,"1,1,1,3,3-Pentafluorobutane (HFC-365mfc) and 1,1,1,2,2,3,4,5,5,5-decafluoropentane (HFC- 4310mee)",new,Pharma
2903.49.00,"Other saturated fluorinated derivatives of acyclic hydrocarbons, nesoi",new,Pharma
2903.51.10,"2,3,3,3-Tetrafluoropropene (HFO-1234yf), 1,3,3,3- tetrafluoropropene (HFO-1234ze) and (Z)- 1,1,1,4,4,4-hexafluoro-2-butene (HFO-1336mzz)",both,Pharma
2903.59.10,"1,1,3,3,3-Pentafluoro-2-(trifluoromethyl)-prop-1-ene",new,Pharma
2903.59.90,Other unsaturated fluorinated derivatives of acyclic hydrocarbons,both,Pharma
2903.69.10,"Acetylene tetrabromide; alkyl bromides, other than methyl bromide (bromomethane); methylene dibromide; and vinyl bromide",new,Pharma
2903.69.90,Other brominated or iodinated derivatives of acyclic hydrocarbons,both,Pharma
2903.71.01,Chlorodifluoromethane (HCFC-22),new,Pharma
2903.77.00,"Other acyclic hydrocarbon derivatives, perhalogenated only with fluorine and chlorine",new,Pharma
2903.78.00,"Other perhalogenated acyclic hydrocarbon derivatives, nesoi",both,Pharma
2903.79.90,"Other halogenated derivatives of acyclic hydrocarbons containing two or more different halogens, nesoi",both,Pharma
2903.81.00,"1,2,3,4,5,6-Hexachlorocyclohexane (HCH (ISO)), including lindane (ISO, INN)",new,Pharma
2903.89.15,"Halogenated products derived in whole or in part from benzene or other aromatic hydrocarbons, described in additional U.S. note 3 to section VI of the HTSUS",both,Pharma
2903.89.20,"Halogenated derivatives derived in whole or in part from benzene or other aromatic hydrocarbons, nesoi",both,Pharma
2903.89.70,"Other halogenated derivatives of cyclanic, cyclenic or cycloterpenic hydrocarbons not derived from benzene or other aromatic hydrocarbons",both,Pharma
2903.92.00,"Hexachlorobenzene (ISO) and DDT (clofenotane (INN), (1,1,1-trichloro-2,2-bis(p- chlorophenyl)ethane)",both,Pharma
2903.93.00,"Halogenated derivatives of aromatic hydrocarbons, pentachlorobenzene",new,Pharma
2903.94.00,"Halogenated derivatives of aromatic hydrocarbons, hexabromobiphenyls",new,Pharma
2903.99.20,"Benzyl chloride (α-Chlorotoluene); Benzotrichloride (α, α, α-Trichlorotoluene)",new,Pharma
2903.99.80,"Other halogenated derivatives of aromatic hydrocarbons, nesoi",new,Pharma
2904.10.32,"Aromatic derivatives of hydrocarbons containing only sulfo groups, their salts and ethyl esters, described in additional U.S. note 3 to section VI of the HTSUS",new,Pharma
2904.10.50,"Nonaromatic derivatives of hydrocarbons containing only sulfo groups, their salts and ethyl esters, nesoi",new,Pharma
2904.20.10,p-Nitrotoluene,new,Pharma
2904.20.15,p-Nitro-o-xylene,new,Pharma
2904.20.20,Trinitrotoluene,new,Pharma
2904.20.30,"5-tert-Butyl-2,4,6-trinitro-m-xylene (Musk xylol) and other artificial musks",new,Pharma
2904.20.35,"Nitrated benzene, nitrated toluene (except p- nitrotoluene) or nitrated naphthalene",new,Pharma
2904.20.40,"Aromatic derivatives of hydrocarbons containing only nitro or only nitroso groups, described in additional U.S. note 3 to section VI of the HTSUS",new,Pharma
2904.20.45,"Aromatic derivatives of hydrocarbons containing only nitro or only nitroso groups, nesoi",new,Pharma
2904.20.50,"Nonaromatic derivatives of hydrocarbons containing only nitro or only nitroso groups, nesoi",new,Pharma
2904.99.04,Monochloromononitrobenzenes; o- nitrochlorobenzene; p-nitrochlorobenzene,new,Pharma
2904.99.08,Monochloromononitrobenzenes nesoi,new,Pharma
2904.99.15,"4-Chloro-3-nitro-α-α-α-trifluorotoluene; 2-Chloro-5- nitro-α-α-α-trifluorotoluene; and 4-Chloro-3,5- dinitro-α-α-α-trifluorotoluene",new,Pharma
2904.99.20,Nitrotoluenesulfonic acids,new,Pharma
2904.99.30,"1-Bromo-2-nitrobenzene; 1,2-Dichloro-4- nitrobenzene and o-Fluoronitrobenzene",new,Pharma
2904.99.35,"4,4'-Dinitrostilbene-2,2'-disulfonic acid",new,Pharma
2904.99.40,"Sulfonated, nitrated or nitrosated derivatives of aromatic products described in additional U.S. note 3 to section VI of the HTSUS",both,Pharma
2904.99.47,"Other sulfonated, nitrated or nitrosated derivatives of aromatic hydrocarbons excluding aromatic products described in additional U.S. note 3 to section VI of the HTSUS",new,Pharma
2904.99.50,"Nonaromatic sulfonated, nitrated or nitrosated derivatives of hydrocarbons, nesoi",new,Pharma
2905.11.20,"Methanol (Methyl alcohol), other than imported only for use in producing synthetic natural gas (SNG) or for direct use as fuel",new,Pharma
2905.12.00,Propan-1-ol (Propyl alcohol) and Propan-2-ol (isopropyl alcohol),new,Pharma
2905.13.00,Butan-1-ol (n-Butyl alcohol),new,Pharma
2905.19.10,Pentanol (Amyl alcohol) and isomers thereof,new,Pharma
2905.19.90,"Saturated monohydric alcohols, nesoi",new,Pharma
2905.22.10,Geraniol,new,Pharma
2905.22.20,Isophytol,new,Pharma
2905.22.50,"Acyclic terpene alcohols, other than geraniol and isophytol",new,Pharma
2905.29.90,"Unsaturated monohydric alcohols, other than allyl alcohol or acyclic terpene alcohols",both,Pharma
2905.31.00,Ethylene glycol (Ethanediol),new,Pharma
2905.32.00,"Propylene glycol (Propane-1,2-diol)",new,Pharma
2905.39.90,"Dihydric alcohols (diols), nesoi",both,Pharma
2905.49.20,Esters of glycerol formed with the acids of heading,new,Pharma
2905.49.50,"Polyhydric alcohols, nesoi",new,Pharma
2905.51.00,Ethchlorvynol (INN),new,Pharma
2905.59.10,"Halogenated, sulfonated, nitrated or nitrosated derivatives of monohydric alcohols",both,Pharma
2905.59.90,"Halogenated, sulfonated, nitrated or nitrosated derivatives of acyclic alcohols, nesoi",both,Pharma
2906.11.00,Menthol,new,Pharma
2906.19.50,"Other cyclanic, cyclenic or cycloterpenic alcohols and their halogenated, sulfonated, nitrated or nitrosated derivatives",both,Pharma
2906.29.60,"Other aromatic alcohols and their halogenated, sulfonated, nitrated or nitrosated derivatives",both,Pharma
2907.11.00,Phenol (Hydroxybenzene) and its salts,new,Pharma
2907.19.10,Alkylcresols,new,Pharma
2907.19.20,Alkylphenols,new,Pharma
2907.19.40,Thymol,new,Pharma
2907.19.80,Other monophenols,new,Pharma
2907.29.90,"Other polyphenols, nesoi",both,Pharma
2908.19.10,6-Chloro-m-cresol [OH=1]; m-chlorophenol; and chlorothymol,new,Pharma
2908.19.35,Derivatives of phenols or phenol-alcohols containing only halogen substituents and their salts described in additional U.S. note 3 to section VI of the HTSUS,new,Pharma
2908.19.60,"Other halogenated, sulfonated, nitrated or nitrosated derivatives of phenol or phenol-alcohols",both,Pharma
2908.99.12,"Derivatives nesoi, of phenols or phenol-alcohols containing only sulfo groups, their salts and esters, described in additional U.S. note 3 to section VI of the HTSUS",new,Pharma
2908.99.15,"Derivatives of phenol or phenol-alcohols containing only sulfo groups, their salts and esters, nesoi",new,Pharma
2908.99.25,"Nitrophenols, except p-nitrophenol",new,Pharma
2909.11.00,Diethyl ether,new,Pharma
2909.19.18,"Ethers of acyclic monohydric alcohols and their derivatives, nesoi",both,Pharma
2909.19.60,"Ethers of polyhydric alcohols and their halogenated, sulfonated, nitrated or nitrosated derivatives, nesoi",new,Pharma
2909.20.00,"Cyclanic, cyclenic or cycloterpenic ethers and their halogenated, sulfonated, nitrated or nitrosated derivatives",both,Pharma
2909.30.40,"Aromatic ethers and their halogenated, sulfonated, nitrated or nitrosated derivatives, nesoi, described in additional U.S. note 3 to section VI of the HTSUS",new,Pharma
2909.30.60,"Other aromatic ethers and their halogenated, sulfonated, nitrated, or nitrosated derivatives, nesoi",both,Pharma
2909.49.05,Guaifenesin,new,Pharma
2909.49.10,"Other aromatic ether-alcohols, their halogenated, sulfonated, nitrated or nitrosated derivatives described in additional U.S. note 3 to section VI of the HTSUS",both,Pharma
2909.49.15,"Aromatic ether-alcohols and their halogenated, sulfonated, nitrated or nitrosated derivatives, nesoi",both,Pharma
2909.49.20,Nonaromatic glycerol ethers,both,Pharma
2909.49.60,"Other non-aromatic ether-alcohols and their halogenated, sulfonated, nitrated or nitrosated derivatives",both,Pharma
2909.50.20,Guaiacol and its derivatives,new,Pharma
2909.50.40,"Odoriferous or flavoring compounds of ether- phenols, ether-alcohol-phenols and their halogenated, sulfonated, nitrated or nitrosated derivatives",both,Pharma
2909.50.45,"Ether-phenols, ether-alcohol-phenols and their halogenated, sulfonated, nitrated or nitrosated derivatives nesoi, described in additional U.S. note 3 to section VI of the HTSUS",both,Pharma
2909.50.50,"Ether-phenols, ether-alcohol-phenols and their halogenated, sulfonated, nitrated or nitrosated derivatives, nesoi",both,Pharma
2910.10.00,Oxirane (Ethylene oxide),new,Pharma
2910.30.00,"1-Chloro-2,3-epoxypropane (Epichlorohydrin)",new,Pharma
2910.40.00,"Dieldrin (ISO, INN)",new,Pharma
2910.50.00,Endrin,new,Pharma
2910.90.10,Butylene oxide,new,Pharma
2910.90.20,"Aromatic epoxides, epoxyalcohols, epoxyphenols and epoxyethers, with a three-membered ring, and their derivatives, nesoi",new,Pharma
2910.90.91,"Other nonaromatic epoxides, epoxyalcohols and epoxyethers, with a three-membered ring, and their halogenated, sulfonated, nitrated or nitrosated derivatives",new,Pharma
2911.00.10,"1,1-Bis(1-methylethoxy)cyclohexane",new,Pharma
2911.00.50,"Acetals and hemiacetals, whether or not with other oxygen function, and their halogenated, sulfonated, nitrated or nitrosated derivatives",new,Pharma
2912.19.50,"Acyclic aldehydes without other oxygen function, nesoi",both,Pharma
2912.29.60,Other cyclic aldehydes without other oxygen function,new,Pharma
2912.49.26,"Other aromatic aldehyde-alcohols, aldehyde-ethers, aldehyde-phenols and aldehydes with other oxygen function",both,Pharma
2912.60.00,Paraformaldehyde,new,Pharma
2914.11.10,"Acetone, derived in whole or in part from cumene",new,Pharma
2914.19.00,"Acyclic ketones without other oxygen function, nesoi",both,Pharma
2914.29.30,Natural camphor,new,Pharma
2914.29.50,"Cyclanic, cyclenic or cycloterpenic ketones without other oxygen function, nesoi",new,Pharma
2914.39.90,"Aromatic ketones without other oxygen function, nesoi",new,Pharma
2914.40.40,"Aromatic ketone-alcohols and ketone-aldehydes, nesoi",new,Pharma
2914.40.90,"Nonaromatic ketone-alcohols and ketone-aldehydes, nesoi",both,Pharma
2914.50.10,5-Benzoyl-4-hydroxy-2-methoxybenzene-sulfonic acid,new,Pharma
2914.50.30,Aromatic ketone-phenols and ketones with other oxygen function,both,Pharma
2914.50.50,Nonaromatic ketone-phenols and ketones with other oxygen function,both,Pharma
2914.62.00,Coenzyme Q10 (ubidecarenone (INN),both,Pharma
2914.69.21,Quinone drugs,both,Pharma
2914.69.90,"Quinones, nesoi",both,Pharma
2914.71.00,"Halogenated, sulfonated, nitrated or nitrosated derivatives: chlordecone (ISO)",new,Pharma
2914.79.10,"2,3-dichloro-1,4-naphthoquinone and other artificial musks",new,Pharma
2914.79.40,"Other halogenated, sulfonated, nitrated or nitrosated derivatives of aromatic ketones and quinones whether or not with other oxygen function",both,Pharma
2914.79.60,1-Chloro-5-hexanone,new,Pharma
2914.79.90,"Other halogenated, sulfonated, nitrated or nitrosated derivatives of nonaromatic ketones and quinones whether or not with other oxygen function",new,Pharma
2915.21.00,Acetic acid,new,Pharma
2915.24.00,Acetic anhydride,new,Pharma
2915.29.30,Cobalt acetates,both,
2915.29.50,Other salts of acetic acid,new,Pharma
2915.32.00,Vinyl acetate,new,Pharma
2915.36.00,Dinoseb (ISO) acetate,new,Pharma
2915.39.10,Benzyl acetate,new,Pharma
2915.39.31,"Aromatic esters of acetic acid, described in additional U.S. note 3 to section VI of the HTSUS",both,Pharma
2915.39.35,"Aromatic esters of acetic acid, nesoi",both,Pharma
2915.39.40,Linalyl acetate,new,Pharma
2915.39.45,"Odoriferous or flavoring compounds of nonaromatic esters of acetic acid, nesoi",new,Pharma
2915.39.47,Acetates of polyhydric alcohols or of polyhydric alcohol ethers,both,Pharma
2915.39.70,Isobutyl acetate,new,Pharma
2915.39.90,Other non-aromatic esters of acetic acid,both,Pharma
2915.40.10,Chloroacetic acids,new,Pharma
2915.40.20,"Aromatic salts and esters of chlorocetic acids, described in additional U.S. note 3 to section VI of the HTSUS",new,Pharma
2915.40.30,"Aromatic salts and esters of chlorocetic acids, nesoi",new,Pharma
2915.40.50,"Nonaromatic salts and esters of chlorocetic acids, nesoi",new,Pharma
2915.50.20,Aromatic salts and esters of propionic acid,new,Pharma
2915.90.10,"Fatty acids of animal or vegetable origin, nesoi",both,Pharma
2915.90.14,Valproic acid,both,Pharma
2915.90.18,"Saturated acyclic monocarboxylic acids, nesoi",both,Pharma
2915.90.20,"Aromatic anhydrides, halides, peroxides and peroxyacids, of saturated acyclic monocarboxylic acids, and their derivatives, nesoi",both,Pharma
2915.90.50,"Nonaromatic anhydrides, halides, peroxides and peroxyacids, of saturated acyclic monocarboxylic acids, and their derivatives, nesoi",both,Pharma
2916.16.00,Binapacryl (ISO),new,Pharma
2916.19.30,"Unsaturated acyclic monocarboxylic acids, nesoi",both,Pharma
2916.19.50,"Unsaturated acyclic monocarboxylic acid anhydrides, halides, peroxides, peroxyacids and their derivatives, nesoi",both,Pharma
2916.20.50,"Cyclanic, cyclenic or cycloterpenic monocarboxylic acids, their anhydrides, halides, peroxides, peroxyacids and their derivatives, nesoi",both,Pharma
2916.31.30,"Benzoic acid esters, except odoriferous or flavoring compounds, described in additional U.S. note 3 to section VI of the HTSUS",new,Pharma
2916.31.50,"Benzoic acid esters, nesoi",both,Pharma
2916.39.15,Ibuprofen,new,Pharma
2916.39.17,"2,2-Dichlorophenylacetic acid, ethyl ester and m- Toluic acid",new,Pharma
2916.39.46,"Aromatic monocarboxylic acids, their anhydrides, halides, peroxides, peroxyacids and their derivatives, described in additional U.S. note 3 to section VI of the HTSUS",both,Pharma
2916.39.79,"Other aromatic monocarboxylic acids, their anhydrides, halides, peroxides, peroxyacids and their derivatives",both,Pharma
2917.13.00,"Azelaic acid, sebacic acid, their salts and esters",both,Pharma
2917.19.10,Ferrous fumarate,both,Pharma
2917.19.15,"Fumaric acid, derived in whole or in part from aromatic hydrocarbons",new,Pharma
2917.19.17,Fumaric acid except derived in whole or in part from aromatic hydrocarbons,new,Pharma
2917.19.20,"Specified acyclic polycarboxylic acids and their derivatives, described in additional U.S. note 3 to section VI of the HTSUS",new,Pharma
2917.19.23,Maleic acid,new,Pharma
2917.19.27,"Succinic acid, glutaric acid, and their derivatives, and derivatives of adipic, fumeric and maleic acids, nesoi",new,Pharma
2917.19.30,Ethylene brassylate,new,Pharma
2917.19.35,Malonic acid,new,Pharma
2917.19.40,"Acyclic polycarboxylic acids, derived from aromatic hydrocarbons, and their derivatives, nesoi",new,Pharma
2917.19.70,Acyclic polycarboxylic acids and their derivatives (excluding plasticizers),both,Pharma
2917.20.00,"Cyclanic, cyclenic or cycloterpenic polycarboxylic acids, their anhydrides, halides, peroxides, peroxyacids and their derivatives",new,Pharma
2917.34.01,"Esters of orthophthalic acid, nesoi",both,Pharma
2917.37.00,Dimethyl terephthalate,new,Pharma
2917.39.30,"Aromatic polycarboxylic acids, their anhydrides, halides, peroxides, peroxyacids and their derivatives nesoi, described in additional U.S. note 3 to section VI of the HTSUS",both,Pharma
2918.11.51,Salts and esters of lactic acid,both,Pharma
2918.12.00,Tartaric acid,new,Pharma
2918.13.50,"Salts and esters of tartaric acid, nesoi",both,Pharma
2918.14.00,Citric acid,new,Pharma
2918.16.50,"Salts and esters of gluconic acid, nesoi",both,Pharma
2918.18.00,Chlorobenzilate (ISO),new,Pharma
2918.19.15,Other Phenylglycolic (Mandelic) acid salts and esters,new,Pharma
2918.19.20,"Aromatic carboxylic acids with alcohol function, without other oxygen functions, and their derivatives, described in additional U.S. note 3 to section VI of the HTSUS",new,Pharma
2918.19.31,"Aromatic carboxylic acids with alcohol function, without other oxygen functions, and their derivatives, nesoi",new,Pharma
2918.19.60,Malic acid,both,Pharma
2918.19.90,"Nonaromatic carboxylic acids with alcohol function, without other oxygen function, and their derivatives, nesoi",both,Pharma
2918.21.10,"Salicylic acid and its salts, suitable for medicinal use",new,Pharma
2918.22.10,O-Acetylsalicylic acid (Aspirin),both,Pharma
2918.22.50,Salts and esters of O-acetylsalicylic acid,both,Pharma
2918.23.10,Salol (Phenyl salicylate) suitable for medicinal use,new,Pharma
2918.23.30,"Esters of salicylic acid and their salts, described in additional U.S. note 3 to section VI of the HTSUS",both,Pharma
2918.23.50,"Esters of salicylic acid and their salts, nesoi",both,Pharma
2918.29.20,Gentisic acid; and Hydroxycinnamic acid and its salts,both,Pharma
2918.29.22,p-Hydroxybenzoic acid,new,Pharma
2918.29.65,"Carboxylic acids with phenol function but without other oxygen function, described in additional U.S. note 3 to section VI of the HTSUS",both,Pharma
2918.29.75,Other carboxylic acids with phenol function but without other oxygen function and their derivatives (excluding goods of additional U.S. note 3 to section VI of the HTSUS),both,
2918.30.10,"1-Formylphenylacetic acid, methyl ester",new,Pharma
2918.30.15,"2-Chloro-4,5-difluoro-beta -oxobenzenepropanoic acid, ethyl ester; and Ethyl 2-keto-4-phenylbutanoate",new,Pharma
2918.30.25,"Aromatic carboxylic acids with aldehyde or ketone function but without other oxygen function and their derivatives described in additional U.S. note 3 to section VI of the HTSUS, nesoi",both,Pharma
2918.30.30,"Aromatic carboxylic acids with aldehyde or ketone function but without other oxygen function, and their derivatives, nesoi",both,Pharma
2918.30.70,"Dimethyl acetyl succinate; Oxalacetic acid diethyl ester, sodium salt; 4,4,4-Trifluoro-3-oxobutanoic acid, both ethyl and methyl ester versions",new,Pharma
2918.30.90,"Non-aromatic carboxylic acids with aldehyde or ketone function but without other oxygen function, their anhydrides, halides, peroxides, peroxyacids and their derivatives",both,Pharma
2918.99.05,p-Anisic acid; clofibrate and 3-phenoxybenzoic acid,new,Pharma
2918.99.30,"Aromatic drugs derived from carboxylic acids with additional oxygen function, and their derivatives, nesoi",both,Pharma
2918.99.43,"Aromatic carboxylic acids with additional oxygen function and their anhydrides, halides, peroxides, peroxyacids and their derivatives, described in additional U.S. note 3 to section VI of the HTSUS, nesoi",both,Pharma
2918.99.47,"Other aromatic carboxylic acids with additional oxygen function and their anhydrides, halides, peroxides, peroxyacids and their derivatives (excluding goods described in additional U.S. note 3 to section VI of the HTSUS)",both,Pharma
2918.99.50,"Nonaromatic carboxylic acids with additional oxygen function, and their derivatives, nesoi",both,Pharma
2919.10.00,"Tris(2,3-dibromopropyl phosphate)",new,Pharma
2919.90.30,"Aromatic phosphoric esters and their salts, including lactophosphates, and their derivatives, not used as plasticizers",both,Pharma
2919.90.50,"Nonaromatic phosphoric esters and their salts, including lactophosphates, and their derivatives",both,Pharma
2920.19.40,"Other aromatic thiophosphoric esters (phosphorothioates), their salts and their halogenated, sulfonated, nitrated or nitrosated derivatives",new,Pharma
2920.19.50,"Nonaromatic phosphorothioates, their salts and their halogenated, sulfonated, nitrated or nitrosated derivatives, nesoi",new,Pharma
2920.21.00,Dimethyl phosphite,new,Pharma
2920.22.00,Diethyl phosphite,new,Pharma
2920.23.00,Trimethyl phosphite,new,Pharma
2920.24.00,Triethyl phosphite,new,Pharma
2920.29.00,"Other phosphite esters, their salts and their halogenated, sulfonated, nitrated or nitrosated derivatives",new,Pharma
2920.30.00,Endosulfan (ISO),new,Pharma
2920.90.20,"Aromatic esters of other inorganic acids (excluding hydrogen halides), their salts and their derivatives, nesoi",new,Pharma
2920.90.51,"Nonaromatic esters of inorganic acids of nonmetals, their salts and derivatives, excluding esters of hydrogen halides, nesoi",both,Pharma
2921.11.00,"Methylamine, di- or trimethylamine, and their salts",new,Pharma
2921.14.00,"2-(N,N,-Diisopropylamino)ethyl chloride hydrochloride",new,Pharma
2921.19.11,"Mono- and triethylamines; mono-, di-, and tri(propyl- and butyl-) monoamines; salts of any of the foregoing",both,Pharma
2921.19.61,"N,N-Dialkyl (methyl, ethyl, n-Propyl or Isopropyl)- 2-Chloroethylamines and their protonated salts; Acyclic monoamines and their derivatives, nesoi",both,Pharma
2921.29.00,"Acyclic polyamines, their derivatives and salts, other than ethylenediamine or hexamethylenediamine and their salts",both,Pharma
2921.30.10,"Cyclanic, cyclenic or cycloterpenic mono- or polyamines, derivatives and salts, from any aromatic compound described in additional U.S. note 3 to section VI of the HTSUS",both,Pharma
2921.30.30,"Cyclanic, cyclenic, cycloterpenic mono- or polyamines and their derivatives and salts, derived from any aromatic compound (excluding goods described in additional U.S. note 3 to section VI of the HTSUS)",new,Pharma
2921.30.50,"Cyclanic, cyclenic or cycloterpenic mono- or polyamines, and their derivatives and salts, derived from any nonaromatic compounds",both,Pharma
2921.41.10,Aniline,new,Pharma
2921.41.20,Aniline salts,new,Pharma
2921.42.65,"Aniline derivatives and their salts thereof, described in additional U.S. note 3 to section VI of the HTSUS",new,Pharma
2921.42.90,Other aniline derivatives and their salts,both,Pharma
2921.43.40,"Toluidines and their derivatives and salts thereof, described in additional U.S. note 3 to section VI of the HTSUS",new,Pharma
2921.45.60,"Aromatic monoamines and their derivatives and salts thereof, described in additional U.S. note 3 to section VI of the HTSUS, nesoi",new,Pharma
2921.45.90,Aromatic monoamines and their derivatives and salts thereof nesoi,new,Pharma
2921.46.00,"Amfetamine (INN), benzfetamine (INN), dexamfetamine (INN), etilamfetamine (INN), and other specified INNs; salts thereof",both,Pharma
2921.49.38,"Aromatic monoamine antidepressants, tranquilizers and other psychotherapeutic agents,",both,Pharma
2921.49.43,"Aromatic monoamine drugs, nesoi",both,Pharma
2921.49.45,"Aromatic monoamines and their derivatives and salts thereof nesoi, described in additional U.S. note 3 to section VI of the HTSUS",both,Pharma
2921.49.50,"Aromatic monoamines and their derivatives and salts thereof, nesoi",both,Pharma
2921.59.40,"Aromatic polyamines and their derivatives and salts thereof, described in additional U.S. note 3 to section VI of the HTSUS",new,Pharma
2921.59.80,Aromatic polyamines and their derivatives and salts thereof nesoi,both,Pharma
2922.11.00,Monoethanolamine and its salts,both,Pharma
2922.12.00,Diethanolamine and its salts,new,Pharma
2922.14.00,Dextropropoxyphene (INN) and its salts,both,Pharma
2922.15.00,Triethanolamine,new,Pharma
2922.16.00,Diethylammonium perfluorooctane sulfonate,new,Pharma
2922.17.00,Methyldiethanolamine and ethyldiethanolamine,new,Pharma
2922.18.00,"2-(N,N-Diisopropylamino)ethanol",new,Pharma
2922.19.09,"Aromatic amino-alcohols drugs, their ethers and esters, other than those containing more than one kind of oxygen function, and their salts thereof; nesoi",both,Pharma
2922.19.20,"4,4'-Bis(dimethylamino)benzhydrol (Michler's hydrol) and other specified aromatic amino-alcohols, their ethers and esters, and salts thereof",both,Pharma
2922.19.33,"N1-(2-Hydroxyethyl-2-nitro-1,4-phenylendiamine; N1,N4,N4-tris(2-hydroxyethyl)-2-nitro-1,4- phenylenediamine; and other specified chemicals",both,Pharma
2922.19.60,"Aromatic amino-alcohols, their ethers and esters, other than those containing more than one oxygen function, described in additional U.S. note 3 to section VI of the HTSUS",both,Pharma
2922.19.70,"Other aromatic amino-alcohols, their ethers and esters, other than those containing more than one oxygen function (excluding goods described in additional U.S. note 3 to section VI of the HTSUS)",both,Pharma
2922.19.90,Salts of triethanolamine,both,Pharma
2922.19.96,"Amino-alcohols, other than those containing more than one kind of oxygen function, their ethers and esters and salts thereof, nesoi",both,Pharma
2922.21.10,"1-Amino-8-hydroxy-3,6-naphthalenedisulfonic acid; and other specified aminohydroxynaphthalenesulfonic acids and their salts",new,Pharma
2922.21.25,"1-Amino-8-hydroxy-4,6-naphthalenedisulfonic acid, monosodium salts",new,Pharma
2922.21.40,"Aminohydroxynaphthalene sulfonic acids and their salts, described in additional U.S. note 3 to section VI of the HTSUS",new,Pharma
2922.21.50,"Aminohydroxynaphthalene sulfonic acids and their salts, nesoi",new,Pharma
2922.29.03,o-Anisidine; p-anisidine; and p-phenetidine,new,Pharma
2922.29.06,m-Nitro-p-anisidine and m-nitro-o-anisidine as fast color bases,new,Pharma
2922.29.08,"m-Nitro-p-anisidine and m-nitro-o-anisidine, nesoi",new,Pharma
2922.29.10,"2-Amino-6-chloro-4-nitrophenol and other specified amino-naphthols and amino-phenols, their ethers and esters; salts thereof",new,Pharma
2922.29.13,"o-Aminophenol; and 2,2-bis-[4-(4- aminophenoxy)phenyl]propane",new,Pharma
2922.29.15,m-Diethylaminophenol; m-dimethylaminophenol; 3- ethylamino-p-cresol; and 5-methoxy-m- phenylenediamine,new,Pharma
2922.29.20,"4-Chloro-2,5-dimethoxyaniline; and 2,4- dimethoxyaniline",new,Pharma
2922.29.26,Amino-naphthols and other amino-phenols and their derivatives used as fast color bases,new,Pharma
2922.29.27,"Drugs of amino-naphthols and -phenols, their ethers and esters, except those containing more than one oxygen function, and salts thereof, nesoi",both,Pharma
2922.29.29,"Photographic chemicals of amino-naphthols and - phenols, their ethers and esters, except those containing more than one oxygen function, and salts thereof, nesoi",new,Pharma
2922.29.61,"Amino-naphthols and other amino-phenols and their derivatives, described in additional U.S. note 3 to section VI of the HTSUS",both,Pharma
2922.29.81,"Amino-naphthols and other amino-phenols, their ethers and esters (not containing more than one oxygen function), and salts thereof, nesoi",both,Pharma
2922.31.00,"Amfepramone (INN), methadone (INN) and normethadone (INN), and salts thereof",both,Pharma
2922.39.05,"1-Amino-2,4-dibromoanthraquinone and 2-Amino-5- chlorobenzophenone",new,Pharma
2922.39.10,"2'-Amino aceto phenone and other specified aromatic amino-aldehydes, -ketones and -quinones, other than those with more than one oxygen function",new,Pharma
2922.39.14,2-Aminoanthraquinone,new,Pharma
2922.39.17,1-Aminoanthraquinone,new,Pharma
2922.39.25,"Aromatic amino-aldehydes, -ketones and -quinones, other than those with more than one oxygen function, and salts thereof, described in additional U.S. note 3 to section VI of the HTSUS",both,Pharma
2922.39.45,"Aromatic amino-aldehydes, -ketones and -quinones, other than those with more than one oxygen function, and salts thereof, nesoi",both,Pharma
2922.39.50,"Nonaromatic amino-aldehydes, -ketones and - quinones, other than those with more than one kind of oxygen function, and salts thereof, nesoi",both,Pharma
2922.41.00,Lysine and its esters and salts thereof,both,Pharma
2922.42.10,Monosodium glutamate,new,Pharma
2922.42.50,"Glutamic acid and its salts, other than monosodium glutamate",both,Pharma
2922.43.10,"Anthranilic acid and its salts, described in additional U.S. note 3 to section VI of the HTSUS",new,Pharma
2922.43.50,"Anthranilic acid and its salts, nesoi",new,Pharma
2922.44.00,Tildine (INN) and its salts,both,Pharma
2922.49.05,"(R)-α-Aminobenzeneacetic acid; and 2-amino-3- chlorobenzoic acid, methyl ester",new,Pharma
2922.49.10,"m-Aminobenzoic acid, technical; and other specified aromatic amino-acids and their esters, except those with more than one oxygen function",both,Pharma
2922.49.26,"Aromatic amino-acids drugs and their esters, not containing more than one kind of oxygen function, nesoi",both,Pharma
2922.49.30,"Aromatic amino-acids and their esters, excluding those with more than one oxygen function, and their salts, described in additional U.S. note 3 to section VI of the HTSUS",both,Pharma
2922.49.37,"Aromatic amino-acids and their esters, not containing more than one oxygen function (excluding goods described in additional U.S. note 3 to section VI of the HTSUS), nesoi",both,Pharma
2922.49.43,Glycine (aminoacetic acid),new,Pharma
2922.49.49,"Nonaromatic amino-acids, other than those containing more than one oxygen function, other than glycine",both,Pharma
2922.49.60,"3-Aminocrotonic acid, methyl ester; and (R)-α- amino-1,4-cyclohexadiene-1-acetic acid",new,Pharma
2922.49.80,"Non-aromatic esters of amino-acids, other than those containing more than one oxygen function, and salts thereof",both,Pharma
2922.50.07,"3,4-Diaminophenetole dihydrogen sulfate, 2-nitro-5- [(2,3-dihydroxy)propoxy]-N-methylaniline and other specified aromatic chemicals",both,Pharma
2922.50.10,"Specified aromatic amino-alcohol-phenols, amino- acid-phenols and other amino-compounds with oxygen function",both,Pharma
2922.50.11,Salts of d(-)-p-Hydroxyphenylglycine ((R)- α- Amino-4-hydroxybenzeneacetic acid),both,Pharma
2922.50.13,Isoetharine hydrochloride and other specified aromatic drugs of amino-compounds with oxygen function,both,Pharma
2922.50.14,Other aromatic cardiovascular drugs of amino- compounds with oxygen function,both,Pharma
2922.50.17,Aromatic dermatological agents and local anesthetics of amino-compounds with oxygen function,both,Pharma
2922.50.19,Aromatic guaiacol derivatives of amino-compounds with oxygen function,new,Pharma
2922.50.25,"Aromatic drugs of amino-compounds with oxygen function, nesoi",both,Pharma
2922.50.35,"Aromatic amino-alcohol-phenols, amino-acid- phenols and other amino-compounds with oxygen function described in additional U.S. note 3 to section VI of the HTSUS",both,Pharma
2922.50.40,"Aromatic amino-alcohol-phenols, amino-acid- phenols and other amino-compounds with oxygen function, nesoi",both,Pharma
2922.50.50,"Nonaromatic amino-alcohol-phenols, amino-acid- phenols and other amino-compounds with oxygen function",both,Pharma
2923.10.00,Choline and its salts,both,Pharma
2923.20.10,"Purified egg phospholipids, pharmaceutical grade meeting requirements of the U.S. FDA, for use in intravenous fat emulsion",new,Pharma
2923.20.20,"Lecithins and other phosphoaminolipids, nesoi",both,Pharma
2923.30.00,Tetraethylammonium perfluorooctane sulfonate,new,Pharma
2923.40.00,Didecylmethylammonium perfluorooctane sulfonate,new,Pharma
2923.90.01,"Quaternary ammonium salts and hydroxides, whether or not chemically defined, nesoi",both,Pharma
2924.11.00,Meprobamate (INN),both,Pharma
2924.12.00,"Fluoroacetamide (ISO), monocrotophos (ISO) and phosphamidon (ISO)",new,Pharma
2924.19.11,Acyclic amides (including acyclic carbamates),both,Pharma
2924.19.80,Acyclic amide derivatives and salts thereof; nesoi,both,Pharma
2924.21.16,"Aromatic ureines and their derivatives, nesoi",both,Pharma
2924.21.20,"Aromatic ureines, their derivatives and salts thereof, described in additional U.S. note 3 to section VI of the HTSUS",new,Pharma
2924.21.45,"Aromatic ureines, their derivatives and salts thereof, nesoi",new,Pharma
2924.21.50,Nonaromatic ureines and their derivatives; and salts thereof,both,Pharma
2924.23.70,2-Acetamidobenzoic acid salts described in additional U.S. note 3 to section VI of the HTSUS,new,Pharma
2924.23.75,"2-Acetamidobenzoic acid salts, nesoi",new,Pharma
2924.24.00,Ethinamate (INN),new,Pharma
2924.25.00,Alachlor (ISO),new,Pharma
2924.29.01,"p-Acetanisidide; p-acetoacetatoluidide; 4'-amino-N- methylacetanilide; 2,5-dimethoxyacetanilide; and N- (7-hydroxy-1-naphthyl)acetamide",both,Pharma
2924.29.03,"3,5-Dinitro-o-toluamide",both,Pharma
2924.29.05,"Biligrafin acid; 3,5-diacetamido-2,4,6-triiodobenzoic acid; and metrizoic acid",new,Pharma
2924.29.10,"Acetanilide; N-acetylsulfanilyl chloride; aspartame; and 2-methoxy-5-acetamino-N,N-bis(2- acetoxyethyl)aniline",both,Pharma
2924.29.23,"4-Aminoacetanilide; 2-2-oxamidobis[ethyl-3-(3,5-di- tert-butyl-4-hydroxyphenyl)propionate]; and other specified cyclic amide chemicals",both,Pharma
2924.29.26,3-Aminomethoxybenzanilide,both,Pharma
2924.29.28,"N-[[(4- Chlorophenyl)amino]carbonyl]difluorobenzamide; and 3,5-dichloro-N-(1,1-dimethyl-2- propynyl)benzamide (pronamide)",both,Pharma
2924.29.33,3-Hydroxy-2-naphthanilide; 3-hydroxy-2-naphtho-o- toluidide; 3-hydroxy-2-naphtho-o-anisidine; 3- hydroxy-2-naphtho-o-phenetidide; and other,both,Pharma
2924.29.57,Diethylaminoacetoxylidide (Lidocaine),both,Pharma
2924.29.62,Other aromatic cyclic amides and derivatives for use as drugs,both,Pharma
2924.29.65,5-Bromoacetyl-2-salicylamide,new,Pharma
2924.29.71,"Aromatic cyclic amides and their derivatives, described in additional U.S. note 3 to section VI of the HTSUS, nesoi",both,Pharma
2924.29.77,"Aromatic cyclic amides (including cyclic carbamates), their derivatives and salts thereof, nesoi",both,Pharma
2924.29.80,"2,2-Dimethylcyclopropylcarboxamide",both,Pharma
2924.29.95,"Other nonaromatic cyclic amides, their derivatives and salts thereof; nesoi",both,Pharma
2925.12.00,Glutethimide (INN),both,Pharma
2925.19.42,"Other aromatic imides, their derivatives and salts thereof; nesoi",both,Pharma
2925.19.91,Other non-aromatic imides and their derivatives,both,Pharma
2925.21.00,Chlordimeform (ISO),both,Pharma
2925.29.10,"N'-(4-Chloro-o-tolyl)-N,N-dimethylformamidine; bunamidine hydrochloride; and pentamidine",new,Pharma
2925.29.18,"N,N'-Diphenylguanidine; 3-Dimethyl amino methyleneiminophenol hydrochloride; 1,3-Di-o- tolylguanidine; and N,N-Dimethyl-N'-[3- [[(methylamino) carbonyl]- oxy] phenyl] methanimidamide monohydro- chloride",new,Pharma
2925.29.20,"Aromatic drugs of imines and their derivatives, nesoi",both,Pharma
2925.29.60,"Aromatic imines, their derivatives and salts thereof (excluding drugs), nesoi",both,Pharma
2925.29.70,Tetramethylguanidine,new,Pharma
2925.29.90,"Non-aromatic imines, their derivatives and salts thereof",both,Pharma
2926.30.10,Fenproporex (INN) and its salts,both,Pharma
2926.40.00,alpha-Phenylacetoacetonitrile,both,Pharma
2926.90.14,p-Chlorobenzonitrile and verapamil hydrochloride,both,Pharma
2926.90.30,Other aromatic nitrile-function pesticides,new,
2926.90.43,"Aromatic nitrile-function compounds, nesoi, described in additional U.S. note 3 to section VI of the HTSUS",both,Pharma
2926.90.48,"Aromatic nitrile-function compounds other than those products described in additional U.S. note 3 to section VI of the HTSUS, nesoi",both,Pharma
2926.90.50,"Nonaromatic nitrile-function compounds, nesoi",both,Pharma
2927.00.40,"Diazo-, azo- or azoxy-compounds, nesoi, described in additional U.S. note 3 to section VI of the HTSUS",both,Pharma
2927.00.50,"Other diazo-, azo- or azoxy-compounds, nesoi",both,Pharma
2928.00.10,Methyl ethyl ketoxime,new,Pharma
2928.00.15,Phenylhydrazine,new,Pharma
2928.00.25,Aromatic organic derivatives of hydrazine or of hydroxylamine,both,Pharma
2928.00.30,"Nonaromatic drugs of organic derivatives of hydrazine or of hydroxylamine, other than Methyl ethyl ketoxime",both,Pharma
2928.00.50,"Nonaromatic organic derivatives of hydrazine or of hydroxylamine, nesoi",both,Pharma
2929.90.05,"2,2-Bis(4-cyanatophenyl)-1,1,1,3,3,3,- hexafluoropropane; 2,2-bis(4- cyanatophenyl)propane; 1,1-ethylidenebis(phenyl-4- cyanate); and 2 others",new,Pharma
2929.90.15,"Other aromatic compounds with other nitrogen function, described in additional U.S. note 3 to section VI of the HTSUS",new,Pharma
2929.90.20,"Aromatic compounds with other nitrogen function, nesoi",both,Pharma
2929.90.50,"Nonaromatic compounds with other nitrogen functions, except isocyanates",both,Pharma
2930.10.01,"2-(N,N-Dimethylamino) ethanethiol",new,Pharma
2930.20.10,Aromatic pesticides of thiocarbamates and dithiocarbamates,new,
2930.20.20,"Aromatic compounds of thiocarbamates and dithiocarbamates, excluding pesticides",both,Pharma
2930.20.90,Other non-aromatic thiocarbamates and dithiocarbamates,both,Pharma
2930.30.60,"Thiuram mono-, di- or tetrasulfides, other than tetramethylthiuram monosulfide",both,Pharma
2930.40.00,Methionine,new,Pharma
2930.60.00,"2-(N,N-Diethylamino)ethanethiol",new,Pharma
2930.70.00,Bis(2-hydroxyethyl)sulfide (thiodiglycol (INN)),new,Pharma
2930.90.29,Other aromatic organo-sulfur compounds (excluding pesticides),both,Pharma
2930.90.49,"Nonaromatic organo-sulfur acids, nesoi",both,Pharma
2930.90.92,Other non-aromatic organo-sulfur compounds,both,Pharma
2931.41.00,Dimethyl methylphosphonate,new,Pharma
2931.42.00,Dimethyl propylphosphonate,new,Pharma
2931.43.00,Diethyl ethylphosphonate,new,Pharma
2931.44.00,Methylphosphonic acid,new,Pharma
2931.45.00,Salt of methylphosphonic acid and (aminoiminomethyl)urea (1:1),new,Pharma
2931.46.00,"2,4,6-Tripropyl-1,3,5,2,4,6-trioxatriphosphinane 2,4,6-trioxide",new,Pharma
2931.47.00,"(5-Ethyl-2-methyl-2-oxido-1,3,2-dioxaphosphinan- 5-yl) methyl methyl methylphosphonate",new,Pharma
2931.48.00,"3,9-Dimethyl-2,4,8,10-tetraoxa-3,9-diphosphaspiro [5.5] undecane 3,9-dioxide",new,Pharma
2931.49.00,Other non-halogenated organo-phosphorous derivatives,both,Pharma
2931.51.00,Methylphosphonic dichloride,new,Pharma
2931.52.00,Propylphosphonic dichloride,new,Pharma
2931.53.00,O-(3-chloropropyl) O-[4-nitro-3- (trifluoromethyl)phenyl] methylphosphonothionate,both,Pharma
2931.54.00,Trichlorfon (ISO),new,Pharma
2931.59.00,Other halogenated organo-phosphorous derivatives,new,Pharma
2931.90.22,Drugs of aromatic organo-inorganic compounds,both,Pharma
2931.90.30,"Aromatic organo-inorganic compounds, nesoi, described in additional U.S. note 3 to section VI of the HTSUS",new,Pharma
2931.90.60,Other aromatic organo-inorganic compounds (excluding products described in additional U.S. note 3 to section VI of the HTSUS),new,Pharma
2931.90.90,Other non-aromatic organo-inorganic compounds,both,Pharma
2932.11.00,Tetrahydrofuran,new,Pharma
2932.14.00,Sucralose,both,Pharma
2932.19.10,"Aromatic heterocyclic compounds with oxygen hetero-atom(s) only, containing an unfused furan ring, nesoi",new,Pharma
2932.19.51,Nonaromatic compounds containing an unfused furan ring (whether or not hydrogenated) in the ring,both,Pharma
2932.20.05,"Coumarin, methylcoumarins and ethylcoumarins",new,Pharma
2932.20.20,Aromatic drugs of lactones,both,Pharma
2932.20.25,4-Hydroxycoumarin,new,Pharma
2932.20.30,"Aromatic lactones, nesoi, described in additional U.S. note 3 to section VI of the HTSUS",both,Pharma
2932.20.45,"Aromatic lactones, nesoi",new,Pharma
2932.20.50,Nonaromatic lactones,both,Pharma
2932.95.00,Tetrahydrocannabinols (all isomers),new,Pharma
2932.99.04,"2,2-Dimethyl-1,3-benzodioxol-4-yl methylcarbamate (Bendiocarb)",new,Pharma
2932.99.08,"2-Ethoxy-2,3-dihydro-3,3-dimethyl-5- benzofuranylmethanesulfonate",new,Pharma
2932.99.21,"Aromatic pesticides of heterocyclic compounds with oxygen hetero-atom(s) only, nesoi",new,Pharma
2932.99.32,Benzofuran (Coumarone); and Dibenzofuran (Diphenylene oxide),new,Pharma
2932.99.35,2-Hydroxy-3-dibenzofurancarboxylic acid,new,Pharma
2932.99.39,Benzointetrahydropyranyl ester; and Xanthen-9-one,new,Pharma
2932.99.55,Bis-O-[(4-methylphenyl)methylene]-D-glucitol (Dimethylbenzylidene sorbitol); and Rhodamine 2C base,new,Pharma
2932.99.61,"Aromatic heterocyclic compounds with oxygen hetero-atom(s) only, described in additional U.S. note 3 to section VI of the HTSUS, nesoi",both,Pharma
2932.99.70,"Aromatic heterocyclic compounds with oxygen hetero-atom(s) only, nesoi",both,Pharma
2932.99.90,"Nonaromatic heterocyclic compounds with oxygen hetero-atom(s) only, nesoi",both,Pharma
2933.11.00,Phenazone (Antipyrine) and its derivatives,both,Pharma
2933.19.08,3-(5-Amino-3-methyl-1H-pyrazol-1- yl)benzenesulfonic acid; amino-J-pyrazolone; and another 12 specified chemicals,new,Pharma
2933.19.23,Aromatic or modified aromatic pesticides containing an unfused pyrazole ring (whether or not hydrogenated) in the structure,new,
2933.19.35,"Aromatic or modified aromatic drugs of heterocyclic compounds with nitrogen hetero-atom(s) only, containing an unfused pyrazole ring",both,Pharma
2933.19.37,"Aromatic or modified aromatic compounds, described in additional U.S. note 3 to section VI of the HTSUS, containing an unfused pyrazole ring (whether or not hydrogenated) in the structure",new,Pharma
2933.19.43,"Aromatic or modified aromatic compounds (excluding products described in additional U.S. note 3 to section VI of the HTSUS), containing an unfused pyrazole ring in the structure",new,Pharma
2933.19.45,"Nonaromatic drugs of heterocyclic compounds with nitrogen hetero-atom(s) only, containing an unfused pyrazole ring",both,Pharma
2933.19.90,Other compounds (excluding aromatic or modified aromatic compounds and drugs) containing an unfused pyrazole ring (whether or not hydrogenated) in the structure,both,Pharma
2933.21.00,Hydantoin and its derivatives,both,Pharma
2933.29.05,1-[1-((4-Chloro-2-(trifluoromethyl)phenyl)imino)-2- propoxyethyl]-1H-imidazole (triflumizole); and Ethylene thiourea,both,Pharma
2933.29.10,2-Phenylimidazole,new,Pharma
2933.29.20,"Aromatic or modified aromatic drugs of heterocyclic compounds with nitrogen hetero-atom(s) only, containing an unfused imidazole ring",both,Pharma
2933.29.35,"Aromatic or modified aromatic goods, described in additional U.S. note 3 to section VI of the HTSUS, containing an unfused imidazole ring (whether or not hydrogenated) in structure",both,Pharma
2933.29.43,Aromatic or modified aromatic goods containing an unfused imidazole ring (whether or not hydrogenated) in the structure (excluding products described in additional U.S. note 3 to section VI of the HTSUS),both,Pharma
2933.29.45,"Nonaromatic drugs of heterocyclic compounds with nitrogen hetero-atom(s) only, containing an unfused imidazole ring, nesoi",both,Pharma
2933.29.60,Imidazole,both,Pharma
2933.29.90,"Other compounds (excluding drugs, aromatic and modified aromatic compounds) containing an unfused imidazole ring (whether or not hydrogenated)",both,Pharma
2933.31.00,Pyridine and its salts,new,Pharma
2933.33.01,"Alfentanil (INN), anileridine (INN), bezitramide (INN), bromazepam (INN), difenoxin (INN), and other specified INNs; salts thereof",both,Pharma
2933.34.00,"Other fentanyls and their derivatives, containing an unfused pyrazole ring",both,Pharma
2933.35.00,3-Quinuclidinol,both,Pharma
2933.36.00,4-Anilino-N-phenethylpiperidine (ANPP),new,Pharma
2933.37.00,N-Phenethyl-4-piperidone (NPP),both,Pharma
2933.39.08,"1-(3-Sulfapropyl)pryidinium hydroxide; N,N- bis(2,2,6,6-tetramethyl-4-piperidinyl)-1,6- hexanediamine; and 5 other specified chemicals",both,Pharma
2933.39.10,"Collidines, lutidines and picolines",both,Pharma
2933.39.20,"p-Chloro-2-benzylpyridine and other specified heterocyclic compounds, with nitrogen hetero- atom(s) only, containing an unfused pyridine ring",both,Pharma
2933.39.21,"Fungicides of heterocyclic compounds with nitrogen hetero-atom(s) only, containing an unfused pyridine ring",both,Pharma
2933.39.23,o-Paraquat dichloride,both,Pharma
2933.39.25,"Herbicides nesoi, of heterocyclic compounds with nitrogen hetero-atom(s) only, containing an unfused pyridine ring",both,Pharma
2933.39.27,"Pesticides nesoi, of heterocyclic compounds with nitrogen hetero-atom(s) only, containing an unfused pyridine ring",both,Pharma
2933.39.31,"Psychotherapeutic agents of heterocyclic compounds with nitrogen hetero-atom(s) only, containing an unfused pyridine ring, nesoi",both,Pharma
2933.39.41,"Drugs containing an unfused pyridine ring (whether or not hydrogenated) in the structure, nesoi",both,Pharma
2933.39.61,"Heterocyclic compounds with nitrogen hetero- atom(s) only, containing an unfused pyridine ring, described in additional U.S. note 3 to section VI of the HTSUS",both,Pharma
2933.39.92,"Heterocyclic compounds with nitrogen hetero- atom(s) only, containing an unfused pyridine ring, nesoi",both,Pharma
2933.41.00,Levorphenol (INN) and its salts,both,Pharma
2933.49.08,"4,7-Dichloroquinoline",both,Pharma
2933.49.10,"Ethoxyquin (1,2-Dihydro-6-ethoxy-2,2,4- trimethylquinoline)",both,Pharma
2933.49.15,8-Methylquinoline and Isoquinoline,both,Pharma
2933.49.17,"Ethyl ethyl-6,7,8-trifluoro-1,4-dihydro-4-oxo-3- quinoline carboxylate",both,Pharma
2933.49.20,5-Chloro-7-iodo-8-quinolinol (Iodochlorhydroxyquin); Decoquinate; Diiodohydroxyquin; and Oxyquinoline sulfate,both,Pharma
2933.49.26,"Drugs containing a quinoline or isoquinoline ring- system (whether or not hydrogenated), not further fused, nesoi",both,Pharma
2933.49.30,"Pesticides of heterocyclic compounds with nitrogen hetero-atom(s) only, containing a quinoline or isoquinoline ring-system, not further fused",both,Pharma
2933.49.60,"Products described in additional U.S. note 3 to section VI of the HTSUS containing quinoline or isoquinoline ring-system (whether or not hydrogenated), not further fused",both,Pharma
2933.49.70,"Heterocyclic compounds with nitrogen hetero- atom(s) only, containing a quinoline ring-system, not further fused, nesoi",both,Pharma
2933.52.10,Malonylurea (barbituric acid),both,Pharma
2933.52.90,Salts of barbituric acid,both,Pharma
2933.53.00,"Allobarbital (INN), amobarbital (INN), barbital (INN), butalbital (INN), butobarbital, and other specified INNs; salts thereof",both,Pharma
2933.54.00,Other derivatives of malonylurea (barbituric acid); salts thereof,both,Pharma
2933.55.00,"Loprazolam (INN), mecloqualone (INN), methaqualone (INN) and zipeprol (INN); salts thereof",new,Pharma
2933.59.10,"Aromatic or modified aromatic herbicides of heterocyclic compounds with nitrogen hetero- atom(s) only, containing a pyrimidine or piperazine ring",both,Pharma
2933.59.15,"Aromatic or modified aromatic pesticides nesoi, of heterocyclic compounds with nitrogen hetero- atom(s) only, containing a pyrimidine or piperazine ring",both,Pharma
2933.59.18,"Nonaromatic pesticides of heterocyclic compounds with nitrogen hetero-atom(s) only, containing a pyrimidine or piperazine ring, nesoi",both,Pharma
2933.59.21,"Antihistamines, including those principally used as antinauseants",both,Pharma
2933.59.22,Nicarbazin and trimethoprim,both,Pharma
2933.59.36,"Anti-infective agents nesoi, of heterocyclic compounds with nitrogen hetero-atom(s) only, containing a pyrimidine or piperazine ring",both,Pharma
2933.59.46,"Psychotherapeutic agents of heterocyclic compounds with nitrogen hetero-atom(s) only, containing a pyrimidine or piperazine ring, nesoi",both,Pharma
2933.59.53,Other aromatic or modified aromatic drugs containing a pyrimidine ring (whether or not hydrogenated) or piperazine ring in the structure,both,Pharma
2933.59.59,"Nonaromatic drugs of heterocyclic compounds nesoi, with nitrogen hetero-atom(s) only, containing a pyrimidine or piperazine ring",both,Pharma
2933.59.70,"Aromatic heterocyclic compounds nesoi, with nitrogen hetero-atom(s) only, containing a pyrimidine or piperazine ring, described in additional U.S. note 3 to section VI of the HTSUS",both,Pharma
2933.59.80,"Aromatic or modified aromatic heterocyclic compounds nesoi, with nitrogen hetero-atom(s) only, containing a pyrimidine or piperazine ring",both,Pharma
2933.59.85,"2-Amino-4-chloro-6-methoxypyrimidine; 2-amino- 4,6-dimethoxypyrimidine; and 6-methyluracil",both,Pharma
2933.59.95,Other (excluding aromatic or modified aromatic) compounds containing a pyrimidine ring (whether or not hydrogenated) or piperazine ring in the structure,both,Pharma
2933.69.50,Hexamethylenetetramine,new,Pharma
2933.69.60,Other compounds containing an unfused triazine ring (whether or not hydrogenated) in the structure,both,Pharma
2933.72.00,Clobazam (INN) and methyprylon (INN),both,Pharma
2933.79.04,"2,4-Dihydro-3,6-diphenylpyrrolo-(3,4-C)pyrrole-1,4- dione",new,Pharma
2933.79.08,"Aromatic or modified aromatic lactams with nitrogen hetero-atoms only, described in additional U.S. note 3 to section VI of the HTSUS",both,Pharma
2933.79.15,"Aromatic or modified aromatic lactams, nesoi",both,Pharma
2933.79.20,N-Methyl-2-pyrrolidone; and 2-pyrrolidone,new,Pharma
2933.79.30,"N-Vinyl-2-pyrrolidone, monomer",new,Pharma
2933.79.40,12-Aminododecanoic acid lactam,new,Pharma
2933.79.85,"Aromatic or modified aromatic lactams with nitrogen hetero-atoms only, nesoi",both,Pharma
2933.91.00,"Alprazolam (INN), camazepam (INN), chlordiazepoxide (INN), clonazepam (INN), clorazepate, and other specified INNs; salts thereof",both,Pharma
2933.99.01,Butyl (R)-2-[4-(5-triflouromethyl-2- pyridinyloxy)phenoxy]propanoate,both,Pharma
2933.99.02,"2-[4-[(6-Chloro-2- quinoxalinyl)oxy]phenoxy]propionic acid, ethyl ester; and 1 other specified aromatic chemical",both,Pharma
2933.99.05,Acridine and indole,both,Pharma
2933.99.06,"α-Butyl-α-(4-chlorophenyl)-1H-1,2,4-triazole-1- propanenitrile (Mycolbutanil); and one other specified aromatic chemical",both,Pharma
2933.99.08,"Acetoacetyl-5-aminobenzimidazolone; 1,3,3- Trimethyl-2-methyleneindoline; and two other specified aromatic chemicals",both,Pharma
2933.99.11,Carbazole,both,Pharma
2933.99.12,"6-Bromo-5-methyl-1H-imidazo-(4,5-b)pyridine; 2- sec-butyl-4-tert-butyl-6-(benzotriazol-2-yl)phenol; 2- methylindoline; and other chemicals specified",both,Pharma
2933.99.14,5-Amino-4-chloro-a-phenyl-3-pyridazinone,new,Pharma
2933.99.16,"o-Diquat dibromide (1,1-Ethylene-2,2’-dipyridylium dibromide)",both,Pharma
2933.99.17,"Aromatic or modified aromatic insecticides with nitrogen hetero-atom(s) only, nesoi",both,Pharma
2933.99.22,"Other heterocyclic aromatic or modified aromatic pesticides with nitrogen hetero-atom(s) only, nesoi",both,Pharma
2933.99.24,Aromatic or modified aromatic photographic chemicals with nitrogen hetero-atom(s) only,both,Pharma
2933.99.26,Aromatic or modified aromatic antihistamines of heterocyclic compounds with nitrogen hetero- atom(s) only,both,Pharma
2933.99.42,Acriflavin; Acriflavin hydrochloride; Carbadox; Pyrazinamide,both,Pharma
2933.99.46,"Aromatic or modified aromatic anti-infective agents of heterocyclic compounds with nitrogen hetero- atom(s) only, nesoi",both,Pharma
2933.99.51,Hydralazine hydrochloride,both,Pharma
2933.99.53,"Aromatic or modified aromatic cardiovascular drugs of heterocyclic compounds with nitrogen hetero- atom(s) only, nesoi",both,Pharma
2933.99.55,"Aromatic or modified aromatic analgesics and certain like affecting chemicals, of heterocyclic compounds with nitrogen hetero-atom(s) only",both,Pharma
2933.99.58,Droperidol; and Imipramine hydrochloride,both,Pharma
2933.99.61,"Aromatic or modified aromatic psychotherapeutic agents, affecting the central nervous system, of heterocyclic compounds with nitrogen hetero- atom(s) only, nesoi",both,Pharma
2933.99.65,"Aromatic or modified aromatic anticonvulsants, hypnotics and sedatives, of heterocyclic compounds with nitrogen hetero-atom(s) only, nesoi",both,Pharma
2933.99.70,"Aromatic or modified aromatic drugs affecting the central nervous system, of heterocyclic compounds with nitrogen atom(s) only, nesoi",both,Pharma
2933.99.75,"Aromatic or modified aromatic drugs of heterocyclic compounds with nitrogen hetero-atom(s) only, nesoi",both,Pharma
2933.99.79,"Aromatic or modified aromatic compounds with nitrogen hetero-atom(s) only, described in additional U.S. note 3 to section VI of the HTSUS",both,Pharma
2933.99.82,"Aromatic or modified aromatic compounds with nitrogen hetero-atom(s) only, excluding products described in additional U.S. note 3 to section VI of the HTSUS, nesoi",both,Pharma
2933.99.85,"3-Amino-1,2,4-triazole",both,Pharma
2933.99.89,Hexamethyleneimine,both,Pharma
2933.99.90,"Nonaromatic drugs of heterocyclic compounds with nitrogen hetero-atom(s) only, nesoi",both,Pharma
2933.99.97,"Nonaromatic heterocyclic compounds with nitrogen hetero-atom(s) only, nesoi",both,Pharma
2934.10.10,"Aromatic or modified aromatic heterocyclic compounds containing an unfused thiazole ring, described in additional U.S. note 3 to section VI of the HTSUS",both,Pharma
2934.10.20,"Aromatic or modified aromatic heterocyclic compounds, nesoi, containing an unfused thiazole ring",both,Pharma
2934.10.70,"4,5-Dichloro-2-n-octyl-4-isothiazolin-3-one; thiothiamine hydrochloride; and 4 other specified chemicals",new,Pharma
2934.10.90,Other (excluding aromatic or modified aromatic) compounds containing an unfused thiazole ring (whether or not hydrogenated) in the structure,both,Pharma
2934.20.40,"Heterocyclic compounds containing a benzothiazole ring-system, not further fused, described in additional U.S. note 3 to section VI of the HTSUS",both,Pharma
2934.20.80,"Other compounds containing a benzothiazole ring system (whether or not hydrogenated), not further fused",both,Pharma
2934.30.18,"Ethyl (1H-phenothiazin-2,4,1)carbamate",new,Pharma
2934.30.23,"Antidepressants, tranquilizers and other psychotherapeutic agents containing a phenothiazine ring-system, not further fused",both,Pharma
2934.30.27,"Other drugs containing a phenothiazine ring system (whether or not hydrogenated), not further fused, nesoi",both,Pharma
2934.30.43,"Products described in additional U.S. note 3 to section VI of the HTSUS containing a phenothiazine ring system (whether or not hydrogenated), not further fused",both,Pharma
2934.30.50,"Heterocyclic compounds containing a phenothiazine ring-system (whether or not hydrogenated), not further fused, nesoi",both,Pharma
2934.91.00,"Aminorex (INN), brotizolam (INN), clotiazepam (INN), cloxazolam (INN), dextromoramide (INN), and other specified INNs; salts thereof",both,Pharma
2934.92.00,"Other fentanyls and their derivatives, containing an unfused thiazole ring",both,Pharma
2934.99.01,Mycophenolate mofetil,both,Pharma
2934.99.03,2-Acetylbenzo(b)thiophene; and 2 other specified aromatic or modified aromatic compounds,both,Pharma
2934.99.05,"5-Amino-3-phenyl-1,2,4-thiadiazole(3-Phenyl-5- amino-1,2,4-thiadiazole); and 3 other specified aromatic or modified aromatic heterocyclic compounds",both,Pharma
2934.99.06,"7-Nitronaphth[1,2]oxadiazole-5-sulfonic acid and its salts",both,Pharma
2934.99.07,Ethyl 2-[4-[(6-chloro-2- benzoxazoyl)oxy]phenoxy]propanoate (Fenoxaprop- ethyl),both,Pharma
2934.99.08,"2,5-Diphenyloxazole",both,Pharma
2934.99.09,"1,2-Benzisothiazolin-3-one",both,Pharma
2934.99.11,"2-tert-Butyl-4-(2,4-dichloro-5-isopropoxyphenyl)- Δ2-1,3,4-oxadiazolin-5-one; Bentazon; Phosalone",both,Pharma
2934.99.12,"Aromatic or modified aromatic fungicides of other heterocyclic compounds, nesoi",both,Pharma
2934.99.15,"Aromatic or modified aromatic herbicides of other heterocyclic compounds, nesoi",both,Pharma
2934.99.16,"Aromatic or modified aromatic insecticides of other heterocyclic compounds, nesoi",both,Pharma
2934.99.18,"Aromatic or modified aromatic pesticides nesoi, of other heterocyclic compounds, nesoi",both,Pharma
2934.99.20,"Aromatic or modified aromatic photographic chemicals of other heterocyclic compounds, nesoi",both,Pharma
2934.99.30,"Aromatic or modified aromatic drugs of other heterocyclic compounds, nesoi",both,Pharma
2934.99.39,"Aromatic or modified aromatic, other heterocyclic compounds, described in additional U.S. note 3 to section VI of the HTSUS",both,Pharma
2934.99.44,"Aromatic or modified aromatic, other heterocyclic compounds, nesoi",both,Pharma
2934.99.47,"Nonaromatic drugs of other heterocyclic compounds, nesoi",both,Pharma
2934.99.70,"Morpholinoethyl chloride hydrochloride; 2-Methyl- 2,5-dioxo-1-oxa-2-phospholan; and (6R-trans)-7- Amino-3-methyl-8-oxo-5- thia-1-azabicyclo[4.2.0]- oct-2-ene-2- carboxylic acid",both,Pharma
2934.99.90,"Nonaromatic other heterocyclic compounds, nesoi",both,Pharma
2935.50.00,Other perfluorooctane sulfonamides,both,Pharma
2935.90.06,4-Amino-6-chloro-m-benzenedisulfonamide and Methyl-4-aminobenzenesulfonylcarbamate (Asulam),both,Pharma
2935.90.10,2-Amino-N-Ethylbenzenesulfonanilide etc,both,Pharma
2935.90.13,(5-[2-Chloro-4-(Trifluoromeythyl)phenoxy]-N- (Methylsulfonyl)-2-Nitrobenzamide)(fomesafen); etc,both,Pharma
2935.90.15,ortho-Toluenesulfonamide,both,Pharma
2935.90.20,Sulfonamides used as fast color bases and fast color salts,both,Pharma
2935.90.29,Acetylsulfaguanidine,new,Pharma
2935.90.30,Sulfamethazine,both,Pharma
2935.90.32,"Acetylsulfisoxazole; Sulfacetamide, sodium; and Sulfamethazine, sodium",both,Pharma
2935.90.33,"Sulfathiazole and Sulfathiazole, sodium",both,Pharma
2935.90.42,Salicylazosulfapyridine (Sulfasalazine); Sulfadiazine; Sulfaguanidine; Sulfamerizine; and Sulfapyridine,both,Pharma
2935.90.48,Other sulfonamides used as anti-infective agents,both,Pharma
2935.90.60,Other sulfonamide drugs (excluding anti-infective agents),both,Pharma
2935.90.75,"Other sulfonamides (excluding fast color bases, fast color salts, and drugs) of products described in additional U.S. note 3 to section VI of the HTSUS",both,Pharma
2935.90.95,"Other sulfonamides, excluding fast color bases, fast color salts, and drugs and products described in additional U.S. note 3 to section VI of the HTSUS",both,Pharma
2936.21.00,"Vitamins A and their derivatives, unmixed, natural or synthesized",both,
2936.22.00,"Vitamin B1 (Thiamine) and its derivatives, unmixed, natural or synthesized",both,
2936.23.00,"Vitamin B2 (Riboflavin) and its derivatives, unmixed, natural or synthesized",both,
2936.24.01,"Vitamin B5 (D- or DL-Pantothenic acid) and its derivatives, unmixed, natural or synthesized",both,
2936.25.00,"Vitamin B6 (Pyridoxine and related compounds with Vitamin B6 activity) and its derivatives, unmixed, natural or synthesized",both,
2936.26.00,"Vitamin B12 (Cyanocobalamin and related compounds with Vitamin B12 activity) and its derivatives, unmixed, natural or synthesized",both,
2936.27.00,"Vitamin C (Ascorbic acid) and its derivatives, unmixed, natural or synthesized",both,
2936.28.00,"Vitamin E (Tocopherols and related compounds with Vitamin E activity) and its derivatives, unmixed, natural or synthesized",both,
2936.29.10,"Folic acid and its derivatives, unmixed",both,
2936.29.16,Niacin and niacinamide,both,
2936.29.20,"Aromatic or modified aromatic vitamins and their derivatives, nesoi",both,
2936.29.50,"Other vitamins and their derivatives, nesoi",both,
2936.90.01,"Vitamins or provitamins (including natural concentrates) and intermixtures of the foregoing, whether or not in any solvent",both,
2937.11.00,"Somatotropin, its derivatives and structural analogues",both,
2937.12.00,Insulin and its salts,both,
2937.19.00,"Polypeptide hormones, protein hormones and glycoprotein hormones, their derivatives and structural analogues, nesoi",both,
2937.21.00,"Cortisone, hydrocortisone, prednisone (Dehydrocortisone) and prednisolone (Dehydrohydrocortisone)",both,
2937.22.00,Halogenated derivatives of adrenal cortical hormones,both,
2937.23.10,Estrogens and progestins obtained directly or indirectly from animal or vegetable materials,both,
2937.23.25,Estradiol benzoate; and Estradiol cyclopentylpropionate (estradiol cypionate),both,
2937.23.50,"Other estrogens and progestins not derived from animal or vegetable materials, nesoi",both,
2937.29.10,Desonide; and Nandrolone phenpropionate,both,
2937.29.90,"Steroidal hormones, their derivatives and structural analogues, nesoi",both,
2937.50.00,"Prostaglandins, thromboxanes and leukotrienes, their derivatives and structural analogues",both,
2937.90.05,Epinephrine,both,
2937.90.10,Epinephrine hydrochloride,both,
2937.90.20,"Catecholamine hormones, their derivatives and structural analogues, nesoi",both,
2937.90.40,"l-Thyroxine(Levothyroxine), sodium",both,
2937.90.45,"Amino-acid derivatives of hormones and their derivatives, nesoi",both,
2937.90.90,"Other hormones, their derivatives and structural analogues, other steroid derivatives and structural analogue used primarily as hormones, nesoi",both,
2938.10.00,Rutoside (Rutin) and its derivatives,both,Pharma
2938.90.00,"Glycosides, natural or synthesized, and their salts, ethers, esters, and other derivatives other than rutoside and its derivatives",both,Pharma
2939.11.00,"Concentrates of poppy straw; buprenorphine (INN), codeine, dihydrocodeine (INN), ethylmorphine, and other specified INNs; salts thereof",both,
2939.19.10,Papaverine and its salts,both,
2939.19.20,"Synthetic alkaloids of opium, their derivatives and salts thereof, nesoi",both,
2939.19.50,"Nonsynthetic alkaloids of opium, their derivatives and salts thereof, nesoi",both,
2939.20.00,"Alkaloids of cinchona, their derivatives and salts thereof, other than quinine and its salts",both,
2939.30.00,Caffeine and its salts,both,
2939.41.00,Ephedrine and its salts,both,
2939.42.00,Pseudoephedrine (INN) and its salts,both,
2939.43.00,Cathine (INN) and its salts,new,Pharma
2939.44.00,Norephedrine and its salts,both,
2939.45.00,"Levometamfetamine, metamfetamine (INN), metamfetamine racemate and their salts",both,
2939.49.03,"Alkaloids of ephedra, their derivatives and salts thereof, other than ephedrine, pseudoephedrine, cathine (INN), norephedrine, levometamfetamine and their salts",both,
2939.51.00,Fenetylline (INN) its salts,new,Pharma
2939.59.00,"Theophylline and aminophylline (theophylline- ethylenediamine), their derivatives and salts thereof, nesoi",both,
2939.61.00,Ergometrine and its salts,new,Pharma
2939.62.00,Ergotamine and its salts,both,
2939.63.00,Lysergic acid and its salts,both,
2939.69.00,"Alkaloids of rye ergot, their derivatives and salts thereof, nesoi",both,
2939.72.00,"Cocaine, ecgonine; salts, esters and other derivatives thereof",both,
2939.79.00,"Vegetal alkaloids, natural or reproduced by synthesis, their salts and other derivatives, nesoi",both,
2939.80.00,"Other alkaloids, natural or reproduced by synthesis, and their salts, ethers, esters and other derivatives, nesoi",both,Pharma
2940.00.60,"Other sugars, nesoi, excluding d-arabinose",both,Pharma
2941.10.10,Ampicillin and its salts,both,
2941.10.20,Penicillin G salts,both,
2941.10.30,"Carfecillin, sodium; cloxacillin, sodium; dicloxacillin, sodium; flucloxacillin (Floxacillin); and oxacillin, sodium",both,
2941.10.50,"Penicillins and their derivatives nesoi, with a penicillanic acid structure; salts thereof",both,
2941.20.10,Dihydrostreptomycins and its derivatives; salts thereof,both,
2941.20.50,"Streptomycins and their derivatives; salts thereof, nesoi",both,
2941.30.00,Tetracyclines and their derivatives; salts thereof,both,
2941.40.00,Chloramphenicol and its derivatives; salts thereof,both,
2941.50.00,Erythromycin and its derivatives; salts thereof,both,
2941.90.10,"Natural antibiotics, nesoi",both,
2941.90.30,"Antibiotics nesoi, aromatic or modified aromatic, other than natural",both,
2941.90.50,"Antibiotics nesoi, other than aromatic or modified aromatic antibiotics",both,
2942.00.03,"[2,2'-Thiobis(4-(1,1,3,3-tetramethyl-n- butyl)phenolato)(2,1)]-O,O',S-(1-butanamine), nickel II",new,Pharma
2942.00.05,"Aromatic or modified aromatic drugs of other organic compounds, nesoi",both,Pharma
2942.00.10,"Aromatic or modified aromatic organic compounds, nesoi, described in additional U.S. note 3 to section VI of the HTSUS",new,Pharma
2942.00.35,Other aromatic or modified aromatic organic compounds (excluding products described in additional U.S. note 3 to section VI of the HTSUS),both,Pharma
2942.00.50,"Nonaromatic organic compounds, nesoi",both,Pharma
3001.20.00,Extracts of glands or other organs or of their secretions for organotherapeutic uses,both,
3001.90.01,"Glands and other organs for organotherapeutic uses, dried, whether or not powdered",both,
3002.12.00,Antisera and other blood fractions including human blood plasma and fetal bovine serum (FBS),both,
3002.13.00,"Immunological products, unmixed, not put up in measured doses or in forms or packings for retail sale",both,
3002.14.00,"Immunological products, mixed, not put up in measured doses or in forms or packings for retail sale",both,
3002.15.00,"Immunological products, put up in measured doses or in forms or packings for retail sale",both,
3002.41.00,Vaccines for human medicine,both,
3002.42.00,Vaccines for veterinary medicine,both,
3002.49.00,Toxins or cultures of micro-organisms (excluding yeasts),both,
3002.51.00,Cell therapy products,both,
3002.59.00,"Other cell cultures, other than cell therapy products",both,
3002.90.10,"Ferments, excluding yeasts",both,
3002.90.52,"Human blood; animal blood prepared for therapeutic, prophylactic, or diagnostic uses; antisera; antiallergenic preparations, nesoi and like products",both,
3003.10.00,"Medicaments, containing penicillins or streptomycins, not in dosage form and not packed for retail",both,
3003.20.00,"Medicaments containing antibiotics, nesoi, not in dosage form and not packed for retail",both,
3003.31.00,"Medicaments containing insulin, not in dosage form and not packed for retail",new,Pharma
3003.39.10,"Medicaments containing artificial mixtures of natural hormones, but not antibiotics, not in dosage form and not packed for retail",both,
3003.39.50,"Medicaments containing products of heading 2937, nesoi, but not antibiotics, not in dosage form and not packed for retail",both,
3003.41.00,"Medicaments containing ephedrine or its salts, not in dosage form and not packed for retail",both,
3003.42.00,"Medicaments containing pseudoephedrine (INN) or its salts, not in dosage form and not packed for retail",both,
3003.43.00,"Medicaments containing norephedrine or its salts, not in dosage form and not packed for retail",new,Pharma
3003.49.00,"Other medicaments containing alkaloids or derivatives thereof, nesoi, not in dosage form and not packed for retail",both,
3003.60.00,"Other medicaments containing antimalarial active principles described in subheading note 2 to this chapter, not dosage form and not packed for retail",new,Pharma
3003.90.01,"Other medicaments (excluding goods of headings 3002, 3005 and 3006) consisting of two or more constituents mixed together for therapeutic or prophylactic uses, not in dosage form and not packed for retail",both,
3004.10.10,"Medicaments (excluding goods of headings 3002, 3005 and 3006) containing penicillin G salts, in dosage form or packed for retail",both,
3004.10.50,"Medicaments containing penicillins or streptomycins, nesoi, in dosage form or packed for retail",both,
3004.20.00,"Medicaments containing antibiotics, nesoi, in dosage form or packed for retail",both,
3004.31.00,"Medicaments containing insulin, in dosage form or packed for retail",both,
3004.32.00,"Medicaments containing corticosteroidhormones, in dosage form or packed for retail",both,
3004.39.00,"Medicaments containing products of heading 2937 nesoi, in dosage form or packed for retail",both,
3004.41.00,"Medicaments containing ephedrine or its salts, in dosage form or packed for retail",both,
3004.42.00,"Medicaments containing pseudoephedrine (INN) or its salts, in dosage form or packed for retail",both,
3004.43.00,"Medicaments containing norephedrine or its salts, in dosage form or packed for retail",new,Pharma
3004.49.00,"Other medicaments containing alkaloids or derivatives thereof, nesoi, in dosage form or packed for retail",both,
3004.50.10,"Medicaments containing vitamin B2 synthesized from aromatic or modified aromatic industrial organic compounds, in dosage form or packed for retail",both,
3004.50.20,"Medicaments containing vitamin B12 synthesized from aromatic or modified aromatic industrial organic compounds, in dosage form or packed for retail",both,
3004.50.30,"Medicaments containing vitamin E synthesized from aromatic or modified aromatic industrial organic compounds, in dosage form or packed for retail",both,
3004.50.40,"Medicaments containing vitamins nesoi, synthesized from aromatic or modified aromatic industrial organic compounds, in dosage form or packed for retail",both,
3004.50.50,"Medicaments containing vitamins or other products of heading 2936, nesoi, in dosage form or packed for retail",both,
3004.60.00,"Other medicaments containing antimalarial active principles described in subheading note 2 to chapter 30 of the HTSUS, in dosage form or packed for retail",both,
3004.90.10,"Medicaments containing antigens or hyaluronic acid or its sodium salt, nesoi, in dosage form or packed for retail",both,
3004.90.92,"Medicaments nesoi, in dosage form or packed for retail",both,
3006.30.10,Opacifying preparation for X-ray examination; diagnostic reagents designed to be administered to the patient; containing antigens or antisera,both,
3006.30.50,"Opacifying preparations for X-ray examinations; diagnostic reagents designed to be administered to the patient, nesoi",both,
3006.60.00,Chemical contraceptive preparations based on hormones or spermicides,both,
3006.70.00,"Gel preparations designed to be used in human or veterinary medicine as a lubricant in surgical operation, physical examinations or as a coupling agent between body and medical instrument",both,Pharma
3006.92.00,Waste pharmaceuticals,new,Pharma
3006.93.10,"Placebos and blinded clinical trial kits, put up in measured doses, packaged with medicinal preparations",both,
3006.93.20,"Placebos and blinded clinical trial kits, put up in measured doses, containing over 10 percent by dry weight of sugar",both,
3006.93.50,"Placebos and blinded clinical trial kits, put up in measured doses, containing ingredients having nutritional value",both,
3006.93.60,"Placebos and blinded clinical trial kits, put up in measured doses, in liquid form for oral intake",both,
3006.93.80,"Placebos and blinded clinical trial kits, put up in measured doses, containing other chemicals other than medicaments",both,Pharma
3101.00.00,Animal or vegetable fertilizers; fertilizers produced by the mixing or chemical treatment of animal or vegetable products,both,
3102.10.00,"Urea, whether or not in aqueous solution",both,
3102.21.00,Ammonium sulfate,both,
3102.29.00,Double salts and mixtures of ammonium sulfate and ammonium nitrate,both,
3102.30.00,"Ammonium nitrate, whether or not in aqueous solution",both,
3102.40.00,Mixtures of ammonium nitrate with calcium carbonate or other inorganic nonfertilizing substances,both,
3102.50.00,Sodium nitrate,both,
3102.60.00,Double salts and mixtures of calcium nitrate and ammonium nitrate,both,
3102.80.00,Mixtures of urea and ammonium nitrate in aqueous or ammoniacal solution,both,
3102.90.01,"Mineral or chemical fertilizers, nitrogenous, nesoi, including mixtures not specified elsewhere in heading 3102",both,
3103.11.00,Superphosphates containing by weight 35 percent or more of diphosphorous pentaoxide (P2O5),both,
3103.19.00,Superphosphates nesoi,both,
3103.90.01,"Mineral or chemical fertilizers, phosphatic",both,
3104.20.00,Potassium chloride,both,
3104.30.00,Potassium sulfate,both,
3104.90.01,"Mineral or chemical fertilizers, potassic, nesoi",both,
3105.10.00,Fertilizers of chapter 31 of the HTSUS in tablets or similar forms,both,
3105.20.00,"Mineral or chemical fertilizers nesoi, containing three fertilizing elements",both,
3105.30.00,Diammonium hydrogenorthophosphate (Diammonium phosphate),both,
3105.40.00,"Ammonium dihydrogenorthophosphate (Monoammonium phosphate), mixtures thereof with diammonium hydrogenorthophosphate (Diammonium phosphate)",both,
3105.51.00,"Mineral or chemical fertilizers nesoi, containing nitrates and phosphates",both,
3105.59.00,"Mineral or chemical fertilizers nesoi, containing the two fertilizing elements nitrogen and phosphorus",both,
3105.60.00,"Mineral or chemical fertilizers nesoi, containing 2 fertilizing elements",both,
3105.90.00,"Mineral or chemical fertilizers containing two or three of the fertilizing elements nitrogen, phosphorus and potassium fertilizers, nesoi",both,
3203.00.80,"Coloring matter of vegetable or animal origin, nesoi",both,Pharma
3204.13.60,"Basic dyes and preparations based thereon, described in additional U.S note 3 to section VI of the HTSUS",new,Pharma
3204.13.80,"Basic dyes and preparations based thereon, nesoi",both,Pharma
3204.17.20,Copper phthalocyanine ([Phthalocyanato(2-)]copper) not ready for use as a pigment,both,
3204.18.00,Carotenoid coloring matters and preparations based thereon,both,Pharma
3204.90.00,"Synthetic organic coloring matter or preparations based thereon, nesoi; synthetic organic products used as luminophores",new,Pharma
3206.11.00,"Pigments and preparations based on titanium dioxide, containing 80 percent or more by weight of titanium dioxide calculated on the dry matter",both,
3206.19.00,"Pigments and preparations based on titanium dioxide, nesoi",both,
3301.29.51,"Essential oils other than those of citrus fruit, nesoi, for religious purposes only",both,Ex
3401.30.10,"Organic surface-active products for washing skin, in liquid or cream form, containing any aromatic or modified aromatic surface-active agent, put up for retail",new,Pharma
3402.42.10,"Non-ionic organic surface-active agents, aromatic or modified aromatic",both,Pharma
3402.42.20,"Fatty substances of animal, vegetable or microbial origin; non-ionic organic surface-active agents, other than aromatic or modified aromatic",both,Pharma
3402.42.90,"Non-ionic organic surface-active agents, other than fatty substances of animal, vegetable or microbial origin, other than aromatic or modified aromatic",both,Pharma
3402.50.11,"Preparations of organic surface-active agents, put up for retail sale, containing any aromatic or modified aromatic surface-active agent",new,Pharma
3507.90.70,"Enzymes and prepared enzymes, nesoi",new,Pharma
3606.90.30,Ferrocerium and other pyrophoric alloys in all forms,both,
3802.10.00,Activated carbon,new,Pharma
3808.59.40,Disinfectants specified in subheading note 1 to chapter 38,new,Pharma
3808.59.50,"Pesticides, nesoi, specified in subheading note 1 to chapter 38",new,Pharma
3808.61.50,"Pesticides, nesoi, not exceeding 300g, specified in subheading note 2 to chapter 38",new,Pharma
3808.94.10,"Disinfectants, containing any aromatic or modified aromatic disinfectant",both,Pharma
3808.94.50,"Disinfectants not included in subheading note 1 of chapter 38 of the HTSUS, nesoi",both,Pharma
3812.31.00,"Mixtures of oligomers of 2,2,4-trimethyl-1,2- dihydroquinoline (TMQ)",new,Pharma
3815.11.00,Supported catalysts with nickel or nickel compounds as the active substance,new,Pharma
3815.12.00,Supported catalysts with precious metal or precious metal compounds as the active substance,new,Pharma
3815.90.50,"Reaction initiators, reaction accelerators and catalytic preparations, nesoi",new,Pharma
3818.00.00,"Chemical elements doped for use in electronics, in the form of discs, wafers etc., chemical compounds doped for electronic use",both,
3824.81.00,Chemical mixtures containing oxirane (ethylene oxide),new,Pharma
3824.82.10,"Goods specified in subheading note 3 to chapter 38, containing PCBs, PCTs or PBBs, chlorinated but not otherwise halogenated, nesoi",new,Pharma
3824.82.90,"Goods specified in subheading note 3 to chapter 38, containing PCBs, PCTs or PBBs, other than chlorinated only, nesoi",new,Pharma
3824.83.00,"Containing tris(2,3-dibromopropyl) phosphate",new,Pharma
3824.84.00,"Other mixtures containing aldrin, camphechlor (toxaphene), chlordane, chlordecone, DDT (clofenatone), 1,1,1-trichloro-2,2-bis(p- chlorophenyl)ethane), dieldrin, endosulfan, endrin, heptachlor or mirex",new,Pharma
3824.85.00,"Mixtures containing 1,2,3,4,5,6- hexachlorocyclohexane (HCH (ISO)), including lindane (ISO,INN)",new,Pharma
3824.86.00,Mixtures containing pentachlorobenzene (ISO) or hexachlorobenzene (ISO),new,Pharma
3824.87.00,"Mixtures containing perfluorooctane sulfonic acid, its salts, perfluorooctane sulfonamides, or perfluorooctane sulfonyl fluoride",new,Pharma
3824.88.00,"Mixtures containing tetra-, penta-, hexa-, hepta-, or octabromodiphenyl ethers",new,Pharma
3824.89.00,Mixtures containing short-chain chlorinated paraffins,new,Pharma
3824.91.00,Mixtures consisting mainly of methylphosphonate etc.,both,Pharma
3824.92.00,Polyglycol esters mixtures of methylphosphonic acid,new,Pharma
3824.99.25,"Mixtures of triphenyl sulfonium chloride, diphenyl (4-phenylthio)phenyl sulfonium chloride and (thiodi- 4,1- phenylene)bis(diphenyl sulfonium) dichloride",new,Pharma
3824.99.29,"Mixtures containing 5 percent or more by weight of one or more aromatic or modified aromatic substance, nesoi",both,Pharma
3824.99.49,"Mixtures that are in whole or in part of hydrocarbons derived in whole or in part from petroleum, shale oil or natural gas",both,Pharma
3824.99.50,Mixtures chlorinated but not otherwise halogenated,new,Pharma
3824.99.55,"Mixtures of halogenated hydrocarbons, nesoi",both,Pharma
3824.99.93,"Chemical products and preparations and residual products of the chemical or allied industries, nesoi",new,Pharma
3826.00.30,Biodiesel containing less than 70 percent petroleum or bituminous oil,new,Pharma
3827.13.00,Mixtures containing carbon tetrachloride,new,Pharma
3827.14.00,Mixtures containing methyl chloroform,new,Pharma
3827.40.00,Mixtures containing bromomethane or bromochloromethane,new,Pharma
3901.90.90,"Polymers of ethylene, nesoi, in primary forms, other than elastomeric",both,Pharma
3902.90.00,"Polymers of propylene or of other olefins, nesoi, in primary forms",both,Pharma
3904.61.00,"Polytetrafluoroethylene (PTFE), in primary forms",both,Pharma
3905.91.10,"Copolymers of vinyl esters or other vinyls, in primary forms, containing by weight 50 percent or more of derivatives of vinyl acetate",both,Pharma
3905.91.50,"Copolymers of vinyl esters or other vinyls, in primary forms, nesoi",new,Pharma
3905.99.80,"Polymers of vinyl esters or other vinyl polymers, in primary forms, nesoi",both,Pharma
3906.90.50,"Acrylic polymers (except plastics or elastomers), in primary forms, nesoi",both,Pharma
3907.10.00,Polyacetals in primary forms,both,Pharma
3907.21.00,Bis(polyoxyethylene) methylphosphonate,both,Pharma
3907.29.00,"Polyethers, other than polyacetals or bis(polyoxyethylene) methylphosphonate, in primary forms",new,Pharma
3907.30.00,Epoxide resins in primary forms,new,Pharma
3907.61.00,"Polyethylene terephthalate, having a viscosity number of 78 ml/g or higher",new,Pharma
3907.69.00,"Polyethylene terephthalate, having a viscosity number less than 78 ml/g",new,Pharma
3907.70.00,Poly(lactic acid),both,Pharma
3907.99.50,"Other polyesters nesoi, saturated, in primary forms",new,Pharma
3908.10.00,"Polyamide-6, -11, -12, -6,6, -6,9, -6,10 or -6,12 in primary form",both,Pharma
3908.90.20,Bis(4-amino-3- methylcyclohexyl)methaneisophthalic acid- laurolactam copolymer,new,Pharma
3909.10.00,Urea resins; thiourea resins,new,Pharma
3909.40.00,Phenolic resins,new,Pharma
3910.00.00,Silicones in primary forms,new,Pharma
3911.20.00,"Poly(1,3-phenylene methylphosphonate)",new,Pharma
3911.90.25,"Thermoplastic polysulfides, polysulfones and other products specified in note 3 to chapter 39 of the HTSUS, containing aromatic monomer units or derived therefrom",both,Pharma
3911.90.45,"Thermosetting polysulfides, polysulfones and other products specified in note 3 to chapter 39, containing aromatic monomer units or derived therefrom",new,Pharma
3911.90.91,"Polysulfides, polysulfones and other products specified in note 3 to chapter 39 of the HTSUS, nesoi",both,Pharma
3912.20.00,"Cellulose nitrates (including collodions), in primary forms",new,Pharma
3912.31.00,Carboxymethylcellulose and its salts,both,Pharma
3912.39.00,"Cellulose ethers, other than carboxymethylcellulose and its salts, in primary forms",both,Pharma
3912.90.00,"Cellulose and its chemical derivatives, nesoi, in primary forms",both,Pharma
3913.90.20,"Polysaccharides and their derivatives, nesoi, in primary forms",both,Pharma
3913.90.50,"Natural polymers and modified natural polymers, nesoi, in primary forms",both,Pharma
3914.00.20,Cross-linked polyvinylbenzyltrimethylammonium chloride (Cholestyramine resin USP),new,Pharma
3914.00.60,"Ion-exchangers based on polymers of headings 3901 to 3913, in primary forms, nesoi",both,Pharma
3917.21.00,"Tubes, pipes and hoses, rigid, of polymers of ethylene",both,Aircraft
3917.22.00,"Tubes, pipes and hoses, rigid, of polymers of propylene",both,Aircraft
3917.23.00,"Tubes, pipes and hoses, rigid, of polymers of vinyl chloride",both,Aircraft
3917.29.00,"Tubes, pipes and hoses, rigid, of other plastics nesoi",both,Aircraft
3917.31.00,"Flexible plastic tubes, pipes and hoses, having a minimum burst pressure of 27.6 MPa",both,Aircraft
3917.33.00,"Flexible plastic tubes, pipes and hoses, nesoi, with fittings, not reinforced or otherwise combined with other materials",both,Aircraft
3917.39.00,"Flexible plastic tubes, pipes and hoses, nesoi",both,Aircraft
3917.40.00,"Fittings of plastics, for plastic tubes, pipes and hoses, nesoi",both,Aircraft
3926.90.45,"Gaskets, washers and other seals, of plastics",both,Aircraft
3926.90.94,"Cards, not punched, suitable for use as, or in making, jacquard cards; Jacquard cards and jacquard heads for power-driven weaving machines, and parts thereof; and transparent sheeting of plastics containing 30 percent or more by weight of lead",both,Aircraft
3926.90.96,"Casing for bicycle derailleur cables; and casing for cable or inner wire for caliper and cantilever brakes, whether or not cut to length; of plastic",both,Aircraft
3926.90.99,"Other articles of plastic, nesoi",both,Aircraft
4001.10.00,"Natural rubber latex, whether or not prevulcanized",both,
4001.21.00,Natural rubber smoked sheets,both,
4001.22.00,"Technically specified natural rubber (TSNR), in primary forms",both,
4001.29.00,"Natural rubber in primary forms other than latex, smoked sheets or technically specified natural rubber (TSNR)",both,
4001.30.00,"Balata, gutta-percha, guayule, chicle and similar natural rubber gums, in primary forms",both,
4008.29.20,"Rods and profile shapes of vulcanized, noncellular rubber, other than hard rubber",both,Aircraft
4009.12.00,"Tubes, pipes and hoses of vulcanized rubber other than hard rubber, not reinforced or combined with other materials, with fittings",both,Aircraft
4009.22.00,"Tubes, pipes and hoses of vulcanized rubber other than hard rubber, reinforced or combined only with metal, with fittings",both,Aircraft
4009.32.00,"Tubes, pipes and hoses of vulcanized rubber other than hard rubber, reinforced or combined only with textile materials, with fittings",both,Aircraft
4009.42.00,"Tubes, pipes and hoses of vulcanized rubber other than hard rubber, reinforced or combined with other materials nesoi, with fittings",both,Aircraft
4011.30.00,"New pneumatic tires, of rubber, of a kind used on aircraft",both,Aircraft
4012.13.00,"Retreaded pneumatic tires, of rubber, of a kind used on aircraft",both,Aircraft
4012.20.10,"Used pneumatic tires of rubber, for aircraft",both,Aircraft
4016.10.00,Articles of vulcanized cellular rubber other than hard rubber,both,Aircraft
4016.93.50,"Gaskets, washers and other seals, of noncellular vulcanized rubber other than hard rubber, not for use in automotive goods of chapter 87 of the HTSUS",both,Aircraft
4016.99.35,"Articles made of noncellular vulcanized natural rubber, not used as vibration control goods in vehicles of headings 8701 through 8705, nesoi",both,Aircraft
4016.99.60,Articles of noncellular vulcanized synthetic rubber other than hard rubber,both,Aircraft
4017.00.00,"Hard rubber (for example, ebonite) in all forms, including waste and scrap; articles of hard rubber",both,Aircraft
4113.30.30,"Reptile leather, not fancy, further prepared after tanning or crusting, other than leather of heading",new,
4113.30.60,"Reptile leather, fancy, further prepared after tanning or crusting, other than leather of heading 4114",new,
4113.90.30,"Leather of animals nesoi, without hair on, not fancy, further prepared after tanning or crusting, other than leather of heading 4114",new,
4113.90.60,"Leather of animals nesoi, without hair on, fancy, further prepared after tanning or crusting, other than leather of heading 4114",new,
4403.42.00,"Wood in the rough or roughly squared, of teak, not treated with paint, stain, creosote, or other preservatives",both,
4403.49.02,"Wood in the rough or roughly squared, of tropical wood other than Teak or Meranti, not treated with paint, stain, creosote, or other preservatives",both,
4403.98.00,"Eucalyptus wood in the rough/roughly squared, not treated with preservatives",new,
4407.21.00,"Mahogany (Swietenia spp.), sawn or chipped lengthwise, sliced or peeled, over 6 mm thick",both,
4407.22.00,"Virola, Imbuia and Balsa, sawn or chipped lengthwise, sliced or peeled, over 6 mm thick",both,
4407.23.01,"Teak, sawn or chipped lengthwise, sliced or peeled, over 6 mm thick",both,
4407.25.00,"Dark Red Meranti, Light Red Meranti and Meranti Bakau wood, sawn or chipped lengthwise, sliced or peeled, over 6 mm thick",both,
4407.26.00,"White Lauan, White Meranti, White Seraya, Yellow Meranti and Alan wood, sawn or chipped lengthwise, sliced or peeled, over 6 mm thick",both,
4407.27.00,"Sapelli wood, sawn or chipped lengthwise, sliced or peeled, over 6 mm thick",both,
4407.28.00,"Iroko wood, sawn or chipped lengthwise, sliced or peeled, over 6 mm thick",both,
4407.29.02,"Tropical wood, nesoi, sawn or chipped lengthwise, sliced or peeled, over 6 mm thick",both,
4407.99.0295,"Nonconiferous wood, nesoi, sawn or chipped lengthwise, sliced or peeled, over 6 mm thick; other",new,
4408.31.01,"Dark Red Meranti, Light Red Meranti and Meranti Bakau veneer sheets, for plywood and other wood, sawn lengthwise, sliced or peeled, not over 6 mm thick",both,
4408.39.02,"Other tropical wood veneer sheets, for plywood and other wood, sawn lengthwise, sliced or peeled, not over 6 mm thick",both,
4412.33.57,"Eucalyptus plywood sheets n/o 6mm thick, outerply of specified nonconiferous wood including birch and walnut, surface covered beyond clear/transparen",new,Ex
4504.90.00,"Agglomerated cork and articles of cork, nesoi",both,Aircraft
4703.11.00,Unbleached coniferous chemical woodpulp,both,
4703.21.00,Semibleached or bleached coniferous chemical woodpulp,both,
4703.29.00,Semibleached or bleached nonconiferous chemical woodpulp,both,
4823.90.10,"Articles of paper pulp, nesoi",both,Aircraft
4823.90.20,"Articles of papier-mâché, nesoi",both,Aircraft
4823.90.31,"Cards of paper or paperboard, nesoi, not punched, for punchcard machines, whether or not in strips",both,Aircraft
4823.90.40,Frames or mounts for photographic slides of paper or paperboard,both,Aircraft
4823.90.50,Hand fans of paper or paperboard,both,Aircraft
4823.90.60,"Gaskets, washers and other seals of coated paper or paperboard",both,Aircraft
4823.90.67,"Coated paper or paperboard, nesoi",both,Aircraft
4823.90.70,"Articles of cellulose wadding, nesoi",both,Aircraft
4823.90.80,"Gaskets, washers and other seals of paper, paperboard and webs of cellulose fibers, nesoi",both,Aircraft
4823.90.86,"Articles of paper pulp, paper, paperboard, cellulose wadding or webs of cellulose fibers, nesoi",both,Aircraft
6309.00.00,Worn clothing and other worn articles,new,
6812.80.90,"Articles or mixtures of crocidolite, nesoi",both,Aircraft
6812.99.10,"Paper, millboard and felt of asbestos, other than crocidolite",both,Aircraft
6812.99.20,"Compressed asbestos (other than crocidolite) fiber jointing, in sheets or rolls",both,Aircraft
6812.99.90,"Articles of mixtures of or with a basis of asbestos, nesoi, other than crocidolite",both,Aircraft
6813.20.00,"Friction material and articles thereof, containing asbestos",both,Aircraft
6813.81.00,Brake linings and pads not containing asbestos,both,Aircraft
6813.89.00,"Friction material and articles thereof with a basis of mineral substances (other than asbestos) or of cellulose, nesoi",both,Aircraft
7007.21.11,"Laminated safety glass windshields, of size and shape suitable for incorporation in vehicles (other than for goods of headings 8701 through 8705), aircraft, spacecraft or vessels",both,Aircraft
7106.91.10,Silver bullion and dore,both,
7108.11.00,"Gold, nonmonetary, powder",both,
7108.12.10,"Gold, nonmonetary, bullion and dore",both,
7108.12.50,"Gold, nonmonetary, other unwrought forms, other",both,
7108.13.10,"Gold, nonmonetary, other semimanufactured forms, gold leaf",both,
7108.13.55,"Gold, nonmonetary, other semimanufactured forms, rectangular or near rectangular shapes, containing 99.5 percent or more by weight of gold and not otherwise marked or decorated than with weight, purity, or other identifying information",both,
7108.13.70,"Gold, nonmonetary, other semimanufactured forms, other",both,
7108.20.00,"Gold, monetary",both,
7110.11.00,"Platinum, unwrought or in powder form",both,
7110.19.00,"Platinum, in semimanufactured forms",both,
7110.21.00,"Palladium, unwrought or in powder form",both,
7110.29.00,"Palladium, in semimanufactured forms",both,
7110.31.00,"Rhodium, unwrought or in powder form",both,
7110.39.00,"Rhodium, in semimanufactured forms",both,
7110.41.00,"Iridium, osmium and ruthenium, unwrought or in powder form",both,
7110.49.00,"Iridium, osmium and ruthenium, in semimanufactured forms",both,
7112.30.01,"Ash containing precious metals or precious metal compounds, other than goods of e-waste heading",new,
7112.92.01,"Platinum waste and scrap, including metal clad with platinum, excluding sweepings containing other precious metals, other than goods of heading 8549",both,
7115.90.05,"Articles of precious metal, in rectangular or near rectangular shapes, containing 99.5 percent or more by weight of a precious metal and not otherwise marked or decorated than with weight, purity, or other identifying information",both,
7115.90.30,"Articles of precious metal or of metal clad with precious metal, other articles of gold, including metal clad with gold",both,
7118.90.00,"Coins, nesoi",both,
7201.10.00,Nonalloy pig iron containing by weight 0.5 percent or less of phosphorus,new,
7201.20.00,Nonalloy pig iron containing by weight more than 0.5 percent of phosphorus,new,
7201.50.30,Alloy pig iron in blocks or other primary forms,new,
7202.11.10,Ferromanganese containing by weight more than 2 percent but not more than 4 percent of carbon,both,
7202.11.50,Ferromanganese containing by weight more than 4 percent of carbon,both,
7202.19.10,Ferromanganese containing by weight not more than 1 percent of carbon,both,
7202.19.50,Ferromanganese containing by weight more than 1 percent but not more than 2 percent of carbon,both,
7202.30.00,Ferrosilicon manganese,both,
7202.41.00,Ferrochromium containing by weight more than 4 percent of carbon,both,
7202.49.10,Ferrochromium containing by weight more than 3 percent but not more than 4 percent of carbon,both,
7202.49.50,Ferrochromium containing by weight 3 percent or less of carbon,both,
7202.50.00,Ferrosilicon chromium,both,
7202.60.00,Ferronickel,both,
7202.80.00,Ferrotungsten and ferrosilicon tungsten,both,
7202.91.00,Ferrotitanium and ferrosilicon titanium,both,
7202.93.40,Ferroniobium containing by weight less than 0.02 percent of phosphorus or sulfur or less than 0.4 percent of silicon,both,
7202.93.80,"Ferroniobium, nesoi",both,
7203.10.00,Ferrous products obtained by direct reduction of iron ore,new,
7203.90.00,"Spongy ferrous products, in lumps, pellets or like forms; iron of a minimum purity by weight of 99.94% in lumps, pellets or like forms",new,
7204.10.00,Cast iron waste and scrap,new,
7204.21.00,Stainless steel waste and scrap,both,
7204.29.00,Alloy steel (o/than stainless) waste and scrap,new,
7204.30.00,Tinned iron or steel waste and scrap,new,
7204.41.00,"Ferrous turnings, shavings, chips, milling wastes, sawdust, fillings, trimmings and stampings, whether or not in bundles",new,
7204.49.00,Ferrous waste and scrap nesoi,new,
7204.50.00,Iron or steel remelting scrap ingots,new,
7304.31.30,"Iron (other than cast) or nonalloy steel, seamless, cold-drawn or cold-rolled, hollow bars with circular cross section",both,Aircraft
7304.31.60,"Iron (other than cast) or nonalloy steel, seamless, cold-drawn or cold-rolled, tubes, pipes and hollow profiles, with circular cross section, nesoi",both,Aircraft
7304.39.00,"Iron (other than cast) or nonalloy steel, seamless, not cold-drawn or cold-rolled, tubes, pipes and hollow profiles, with circular cross section, nesoi",both,Aircraft
7304.41.30,"Stainless steel, seamless, cold-drawn or cold-rolled, tubes, pipes and hollow profiles, with circular cross section and external diameter of less than 19mm",both,Aircraft
7304.41.60,"Stainless steel, seamless, cold-drawn or cold-rolled, tubes, pipes and hollow profiles, with circular cross section and external diameter of 19mm or more",both,Aircraft
7304.49.00,"Stainless steel, seamless, not cold-drawn or cold- rolled, tubes, pipes and hollow profiles, with circular cross section",both,Aircraft
7304.51.10,"Alloy steel (other than stainless), seamless, cold- drawn or cold-rolled, tubes, pipes and hollow profiles, with circular cross section, for manufacture of ball or roller bearings",both,Aircraft
7304.51.50,"Alloy steel (other than stainless), seamless, cold- drawn or cold-rolled, tubes, pipes and hollow profiles, with circular cross section, nesoi",both,Aircraft
7304.59.10,"Alloy steel (other than stainless), seamless, not old- drawn or cold-rolled, tubes, pipes and hollow profiles, with circular cross section, for manufacture of ball or roller bearings",both,Aircraft
7304.59.20,"Alloy steel (other than stainless), seamless, not cold- drawn or cold-rolled, tubes, pipes and hollow profiles, with circular cross section, for boilers, heaters, etc.",both,Aircraft
7304.59.60,"Heat-resisting alloy steel (other than stainless), seamless, not cold-drawn or cold-rolled, tubes, pipes and hollow profiles, with circular cross section, nesoi",both,Aircraft
7304.59.80,"Alloy steel (other than heat-resist or stainless), seamless, not cold-drawn or cold-rolled, tubes, pipes and hollow profiles, with circular cross section, nesoi",both,Aircraft
7304.90.10,"Iron (other than cast) or nonalloy steel, seamless, tubes, pipes and hollow profiles, other than circular cross section, with wall thickness of 4 mm or more",both,Aircraft
7304.90.30,"Alloy steel (other than stainless), seamless, tubes, pipes and hollow profiles, other than circular cross section, with wall thickness of 4 mm or more",both,Aircraft
7304.90.50,"Iron (other than cast) or nonalloy steel, seamless, tubes, pipes and hollow profiles, other than circular cross section, with wall thickness of less than 4 mm",both,Aircraft
7304.90.70,"Alloy steel (other than stainless), seamless, tubes, pipes and hollow profiles, other than circular cross section, with wall thickness of less than 4 mm",both,Aircraft
7306.30.10,"Iron or nonalloy steel, welded, with circular cross section and external diameter of 406.4mm or less, tubes, pipes and hollow profiles, with wall thickness of less than 1.65 mm",both,Aircraft
7306.30.30,"Nonalloy steel, welded, with circular cross-section and external diameter 406.4mm or less, tapered pipes and tubes, with wall thickness of 1.65 mm or more, principally used as parts of illuminating articles",both,Aircraft
7306.30.50,"Iron or nonalloy steel, welded, with circular cross section and external diameter of 406.4mm or less, pipes, tubes and hollow profiles, with wall thickness of 1.65 mm or more",both,Aircraft
7306.40.10,"Stainless steel, welded, with circular cross section and external diameter of 406.4mm or less, tubes, pipes and hollow profiles, with wall thickness of less than 1.65 mm",both,Aircraft
7306.40.50,"Stainless steel, welded, with circular cross section and external diameter of 406.4mm or less, tubes, pipes and hollow profiles, with wall thickness of 1.65 mm or more",both,Aircraft
7306.50.10,"Alloy steel (other than stainless), welded, with circular cross section and external diameter of 406.4mm or less, tubes, pipes and hollow profiles, with wall thickness of less than 1.65 mm",both,Aircraft
7306.50.30,"Alloy steel (other than stainless), welded, with circular cross section and external diameter 406.4mm or less, tapered pipes and tubes, with wall thickness of 1.65 mm or more, principally used as parts of illuminating articles",both,Aircraft
7306.50.50,"Alloy steel (other than stainless), welded, with circular cross section and external diameter of 406.4mm or less, tubes, pipes and hollow profiles, with wall thickness of 1.65 mm or more",both,Aircraft
7306.61.10,"Iron or nonalloy steel, welded, with square or rectangular cross section, tubes, pipes and hollow profiles, with wall thickness of 4 mm or more",both,Aircraft
7306.61.30,"Alloy steel, welded, with square or rectangular cross section, tubes, pipes and hollow profiles, with wall thickness of 4 mm or more",both,Aircraft
7306.61.50,"Iron or nonalloy steel, welded, with square or rectangular cross section, tubes, pipes and hollow profiles, with wall thickness of less than 4 mm",both,Aircraft
7306.61.70,"Alloy steel, welded, with square or rectangular cross section, tubes, pipes and hollow profiles, with wall thickness of less than 4 mm",both,Aircraft
7306.69.10,"Iron or nonalloy steel, welded, with other non- circular cross section, tubes, pipes and hollow profiles, with wall thickness of 4 mm or more",both,Aircraft
7306.69.30,"Alloy steel, welded, with other non-circular cross- section, tubes, pipes and hollow profiles, with wall thickness of 4 mm or more",both,Aircraft
7306.69.50,"Iron or nonalloy steel, welded, with other non- circular cross section, tubes, pipes and hollow profiles, with wall thickness of less than 4 mm",both,Aircraft
7306.69.70,"Alloy steel, welded, with other non-circular cross section, tubes, pipes and hollow profiles, with wall thickness of less than 4 mm",both,Aircraft
7312.10.05,"Stainless steel, stranded wire, not electrically insulated, fitted with fittings or made up into articles",both,Aircraft
7312.10.10,"Stainless steel, stranded wire, not electrically insulated, not fitted with fittings or made up into articles",both,Aircraft
7312.10.20,"Iron or steel (other than stainless), stranded wire, not electrically insulated, fitted with fittings or made up into articles",both,Aircraft
7312.10.30,"Iron or steel (other than stainless), stranded wire, not electrically insulated, not fitted with fittings or made up into articles",both,Aircraft
7312.10.50,"Stainless steel, ropes, cables and cordage (other than stranded wire), not electrically insulated, fitted with fittings or made up into articles",both,Aircraft
7312.10.60,"Stainless steel, ropes, cables and cordage (other than stranded wire), not electrically insulated, not fitted with fittings or made up into articles",both,Aircraft
7312.10.70,"Iron or steel (other than stainless), ropes, cables and cordage (other than stranded wire), not electrically insulated, fitted with fittings or made up into articles",both,Aircraft
7312.10.80,"Iron or steel (other than stainless), ropes, cables and cordage, of brass plated wire (other than stranded wire), not electrically insulated, without fittings or articles",both,Aircraft
7312.10.90,"Iron or steel (other than stainless), ropes, cables and cordage, other than of brass plate wire (other than stranded wire), not electrically insulated, without fittings or articles",both,Aircraft
7312.90.00,"Iron or steel (other than stainless), plaited bands, slings and the like, not electrically insulated",both,Aircraft
7322.90.00,"Iron or steel, non-electrically heated air heaters and hot air distributors with motor driven fan or blower and parts thereof",both,Aircraft
7324.10.00,"Stainless steel, sinks and wash basins",both,Aircraft
7324.90.00,"Iron or steel, sanitary ware (other than baths or stainless steel sinks and wash basins) and parts thereof",both,Aircraft
7326.20.00,"Iron or steel, articles of wire, nesoi",both,Aircraft
7401.00.00,Copper mattes; cement copper (precipitated copper),both,
7402.00.00,Unrefined copper; copper anodes for electrolytic refining,both,
7403.11.00,Refined copper cathodes and sections of cathodes,both,
7403.12.00,"Refined copper, wire bars",both,
7403.13.00,"Refined copper, billets",both,
7403.19.00,"Refined copper, unwrought articles nesoi",both,
7403.21.00,"Copper-zinc base alloys (brass), unwrought nesoi",both,
7403.22.00,"Copper-tin base alloys (bronze), unwrought nesoi",both,
7403.29.01,"Copper alloys (other than copper-zinc, copper-tin alloys), unwrought nesoi",both,
7404.00.30,Copper spent anodes; copper waste and scrap containing less than 94 percent by weight of copper,both,
7404.00.60,"Copper, waste and scrap containing 94 percent or more by weight of copper",both,
7405.00.10,"Copper master alloys, containing 5 percent or more but not more than 15 percent by weight of phosphorus",both,
7405.00.60,"Copper master alloys, not containing 5 percent or more but not more than 15 percent by weight of phosphorus",both,
7413.00.90,"Copper, stranded wire, cables, plaited bands and the like, not electrically insulated, fitted with fittings or made up into articles",both,Aircraft
7501.10.00,Nickel mattes,both,
7502.10.00,"Nickel (other than alloy), unwrought",both,
7502.20.00,"Nickel alloys, unwrought",both,
7503.00.00,"Nickel, waste and scrap",both,
7504.00.00,"Nickel, powders and flakes",both,
7508.90.50,"Nickel, articles of nesoi",both,
7602.00.00,"Aluminum, waste and scrap",new,
7608.10.00,"Aluminum (other than alloy), tubes and pipes",both,Aircraft
7608.20.00,"Aluminum alloy, tubes and pipes",both,Aircraft
7901.11.00,"Zinc (other than alloy), unwrought, containing 99.99 percent or more by weight of zinc",both,
7901.12.10,"Zinc (other than alloy), unwrought, casting-grade zinc, containing at least 97.5 percent but less than 99.99 percent by weight of zinc",both,
7901.12.50,"Zinc (other than alloy), unwrought, other than casting-grade zinc, containing at least 97.5 percent but less than 99.99 percent by weight of zinc",both,
7901.20.00,"Zinc alloy, unwrought",both,
7902.00.00,"Zinc, waste and scrap",both,
7903.90.30,"Zinc, powders",both,
7907.00.60,"Zinc, articles (other than for household, table or kitchen use), nesoi",both,
8001.10.00,"Tin (other than alloy), unwrought",both,
8001.20.00,"Tin alloy, unwrought",both,
8002.00.00,"Tin, waste and scrap",both,
8007.00.50,"Tin, articles nesoi",both,
8101.10.00,"Tungsten, powders",both,
8101.97.00,Tungsten waste and scrap,both,
8103.20.00,"Tantalum, unwrought (including bars and rods obtained simply by sintering); tantalum powders",both,
8103.30.00,Tantalum waste and scrap,both,
8103.91.00,"Tantalum, crucibles",both,
8103.99.00,"Tantalum, articles other than crucibles, nesoi",both,
8104.11.00,"Magnesium, unwrought, containing at least 99.8 percent by weight of magnesium",both,
8104.19.00,"Magnesium, unwrought, nesoi",both,
8104.20.00,"Magnesium, waste and scrap",both,
8104.30.00,"Magnesium, raspings, turnings and granules graded according to size; magnesium powders",both,
8104.90.00,"Magnesium, articles nesoi",both,
8105.20.30,"Cobalt alloys, unwrought",both,
8105.20.60,"Cobalt (other than alloys), unwrought",both,
8105.20.90,"Cobalt, mattes and other intermediate products of cobalt metallurgy; cobalt powders",both,
8105.30.00,Cobalt waste and scrap,both,
8105.90.00,"Cobalt, articles thereof nesoi",both,
8106.10.00,"Bismuth (including waste and scrap) and articles thereof, containing more than 99.99 percent of bismuth by weight",both,
8106.90.00,"Bismuth (including waste and scrap) and articles thereof, containing 99.99 percent of bismuth or less, nesoi",both,
8108.20.00,"Titanium, unwrought; titanium powders",both,
8108.30.00,Titanium waste and scrap,both,
8108.90.30,"Titanium, articles nesoi",both,
8108.90.60,"Wrought titanium, nesoi",both,
8110.10.00,"Antimony, unwrought; antimony powders",both,
8110.20.00,Antimony waste and scrap,both,
8110.90.00,"Articles of antimony, nesoi",both,
8111.00.47,Unwrought manganese flake containing at least 99.5 percent by weight of manganese,both,
8111.00.49,"Unwrought manganese, nesoi",both,
8112.21.00,"Chromium, unwrought; chromium powders",both,
8112.22.00,Chromium waste and scrap,both,
8112.29.00,"Articles of chromium, nesoi",both,
8112.41.10,"Rhenium, waste and scrap",both,
8112.41.50,"Rhenium, unwrought; rhenium powders",both,
8112.49.00,"Rhenium, articles, nesoi",both,
8112.59.00,"Articles of thallium, nesoi",both,
8112.92.10,"Gallium, unwrought; gallium powders",both,
8112.92.30,"Indium, unwrought; indium powders",both,
8112.92.40,"Niobium (columbium), unwrought; niobium powders",both,
8112.92.60,"Germanium, unwrought",both,
8112.92.65,"Germanium powder, wrought",both,
8112.99.10,Germanium nesoi and articles thereof,both,
8112.99.20,"Vanadium, nesoi, and articles thereof",new,
8112.99.91,"Articles of gallium, indium, or niobium, nesoi",both,
8302.10.60,"Iron or steel, aluminum, or zinc hinges and base metal parts thereof, not designed for motor vehicles",both,Aircraft
8302.10.90,Base metal (other than iron or steel or aluminum or zinc) hinges and base metal parts thereof,both,Aircraft
8302.20.00,Base metal castors and base metal parts thereof,both,Aircraft
8302.42.30,"Iron or steel, aluminum, or zinc mountings, fittings and similar articles, suitable for furniture, and base metal parts thereof",both,Aircraft
8302.42.60,"Base metal (other than iron or steel or aluminum or zinc) mountings, fittings and similar articles, suitable for furniture, and base metal parts thereof",both,Aircraft
8302.49.40,"Base metal harness, saddlery or riding-bridle hardware, not coated or plated with precious metal, and base metal parts thereof",both,Aircraft
8302.49.60,"Iron or steel, aluminum, or zinc, mountings, fittings and similar articles nesoi, and base metal parts thereof",both,Aircraft
8302.49.80,"Base metal (other than iron or steel or aluminum or zinc) mountings, fittings and similar articles nesoi, and base metal parts thereof",both,Aircraft
8302.60.30,Base metal automatic door closers,both,Aircraft
8307.10.30,"Iron or steel flexible tubing, with fittings",both,Aircraft
8307.90.30,"Base metal (other than iron or steel) flexible tubing, with fittings",both,Aircraft
8407.10.00,Spark-ignition reciprocating or rotary internal combustion piston engines for use in aircraft,both,Aircraft
8408.90.90,"Compression-ignition internal-combustion piston engines, for machinery or equipment, nesoi",both,Aircraft
8409.10.00,Parts for internal combustion aircraft engines,both,Aircraft
8411.11.40,Aircraft turbojets of a thrust not exceeding 25 kN,both,Aircraft
8411.11.80,"Turbojets of a thrust not exceeding 25 kN, other than aircraft",both,Aircraft
8411.12.40,Aircraft turbojets of a thrust exceeding 25 kN,both,Aircraft
8411.12.80,"Turbojets of a thrust exceeding 25 kN, other than aircraft",both,Aircraft
8411.21.40,"Aircraft turbopropellers of a power not exceeding 1,100 kW",both,Aircraft
8411.21.80,"Turbopropellers of a power not exceeding 1,100 kW, other than aircraft",both,Aircraft
8411.22.40,"Aircraft turbopropellers of a power exceeding 1,100 kW",both,Aircraft
8411.22.80,"Turbopropellers of a power exceeding 1,100 kW, other than aircraft",both,Aircraft
8411.81.40,"Aircraft gas turbines other than turbojets or turbopropellers, of a power not exceeding 5,000 kW",both,Aircraft
8411.82.40,"Aircraft gas turbines other than turbojets or turbopropellers, of a power exceeding 5,000 kW",both,Aircraft
8411.91.10,"Cast-iron parts of turbojets or turbopropellers, not advanced beyond cleaning, machined only for removal of fins, gates, sprues and risers, or to permit location in machinery",both,Aircraft
8411.91.90,Parts of turbojets or turbopropellers other than those of subheading 8411.91.10,both,Aircraft
8411.99.10,"Cast-iron parts of gas turbines nesoi, not advanced beyond cleaning, and machined for removal of fins, gates, sprues and risers",both,Aircraft
8411.99.90,"Parts of gas turbines nesoi, other than those of subheading 8411.99.10",both,Aircraft
8412.10.00,Reaction engines other than turbojets,both,Aircraft
8412.21.00,"Hydraulic power engines and motors, linear acting (cylinders)",both,Aircraft
8412.29.40,Hydrojet engines for marine propulsion,both,Aircraft
8412.29.80,"Hydraulic power engines and motors, nesoi",both,Aircraft
8412.31.00,"Pneumatic power engines and motors, linear acting (cylinders)",both,Aircraft
8412.39.00,"Pneumatic power engines and motors, other than linear acting",both,Aircraft
8412.80.10,Spring-operated and weight-operated motors,both,Aircraft
8412.80.90,"Engines and motors, nesoi (excluding motors of heading 8501)",both,Aircraft
8412.90.90,Parts for engines of heading 8412 other than hydrojet engines for marine propulsion,both,Aircraft
8413.19.00,"Pumps for liquids fitted or designed to be fitted with a measuring device, nesoi",both,Aircraft
8413.20.00,"Hand pumps other than those of subheading 8413.11 or 8413.19, not fitted with a measuring device",both,Aircraft
8413.30.10,"Fuel-injection pumps for compression-ignition engines, not fitted with a measuring device",both,Aircraft
8413.30.90,"Fuel, lubricating or cooling medium pumps for internal-combustion piston engines, not fitted with a measuring device, nesoi",both,Aircraft
8413.50.00,"Reciprocating positive displacement pumps for liquids, not fitted with a measuring device, nesoi",both,Aircraft
8413.60.00,"Rotary positive displacement pumps for liquids, not fitted with a measuring device, nesoi",both,Aircraft
8413.70.10,"Stock pumps imported for use with machines for making cellulosic pulp, paper or paperboard, not fitted with a measuring device",both,Aircraft
8413.70.20,"Centrifugal pumps for liquids, not fitted with a measuring device, nesoi",both,Aircraft
8413.81.00,"Pumps for liquids, not fitted with a measuring device, nesoi",both,Aircraft
8413.91.10,Parts of fuel-injection pumps for compression- ignition engines,both,Aircraft
8413.91.20,"Parts of stock pumps imported for use with machines for making cellulosic pulp, paper or paperboard",both,Aircraft
8413.91.90,"Parts of pumps, nesoi",both,Aircraft
8414.10.00,Vacuum pumps,both,Aircraft
8414.20.00,Hand-operated or foot-operated air pumps,both,Aircraft
8414.30.40,Compressors of a kind used in refrigerating equipment (including air conditioning) not exceeding 1/4 horsepower,both,Aircraft
8414.30.80,Compressors of a kind used in refrigerating equipment (including air conditioning) exceeding 1/4 horsepower,both,Aircraft
8414.51.30,"Ceiling fans for permanent installation, with a self- contained electric motor of an output not exceeding 125 W",both,Aircraft
8414.51.90,"Table, floor, wall, window or roof fans, with a self- contained electric motor of an output not exceeding 125 W",both,Aircraft
8414.59.30,Turbocharger and supercharger fans,both,Aircraft
8414.59.65,"Other fans, nesoi",both,Aircraft
8414.80.05,Turbocharger and supercharger air compressors,both,Aircraft
8414.80.16,"Air compressors, nesoi",both,Aircraft
8414.80.20,"Gas compressors, nesoi",both,Aircraft
8414.80.90,"Air or gas pumps, compressors and fans, nesoi",both,Aircraft
8414.90.10,Parts of fans (including blowers) and ventilating or recycling hoods,both,Aircraft
8414.90.30,Stators and rotors of goods of subheading 8414.30,both,Aircraft
8414.90.41,"Parts of air or gas compressors, nesoi",both,Aircraft
8414.90.91,"Parts of air or vacuum pumps, ventilating or recycling hoods, gas-tight biological safety cabinets",both,Aircraft
8415.10.60,"Window or wall type air conditioning machines, split-system, incorporating a refrigerating unit and valve for reversal of cooling/heat cycle",both,Aircraft
8415.10.90,"Window or wall type air conditioning machines, split-system, nesoi",both,Aircraft
8415.81.01,"Air conditioning machines incorporating a refrigerating unit and valve for reversal of cooling/heat cycle, nesoi",both,Aircraft
8415.82.01,"Air conditioning machines incorporating a refrigerating unit, nesoi",both,Aircraft
8415.83.00,Air conditioning machines not incorporating a refrigerating unit,both,Aircraft
8415.90.40,"Chassis, chassis bases and other outer cabinets for air conditioning machines,",both,Aircraft
8415.90.80,"Parts for air conditioning machines, nesoi",both,Aircraft
8418.10.00,"Combined refrigerator-freezers, fitted with separate external doors, electric or other",both,Aircraft
8418.30.00,"Freezers of the chest type, not exceeding 800 liters capacity, electric or other",both,Aircraft
8418.40.00,"Freezers of the upright type, not exceeding 900 liters capacity, electric or other",both,Aircraft
8418.61.01,"Heat pumps, other than the air-conditioning machines of heading 8415",both,Aircraft
8418.69.01,Refrigerating or freezing equipment nesoi,both,Aircraft
8419.50.10,Brazed aluminum plate-fin heat exchangers,both,Aircraft
8419.50.50,"Heat exchange units, nesoi",both,Aircraft
8419.81.50,"Cooking stoves, ranges and ovens, other than microwave, for making hot drinks or for cooking or heating food, not used for domestic purposes",both,Aircraft
8419.81.90,"Machinery and equipment nesoi, for making hot drinks or for cooking or heating food, not used for domestic purposes",both,Aircraft
8419.90.10,Parts of instantaneous or storage water heaters,both,Aircraft
8419.90.20,"Parts of machinery and plant, for making paper pulp, paper or paperboard",both,Aircraft
8419.90.30,Parts of heat exchange units,both,Aircraft
8419.90.50,"Parts of molten-salt-cooled acrylic acid reactors, nesoi; parts of certain medical, surgical or laboratory sterilizers, nesoi",both,Aircraft
8419.90.85,"Parts of electromechanical tools for work in the hand, with self-contained electric motor, for treatment of materials by change in temperature",both,Aircraft
8421.19.00,"Centrifuges, other than cream separators or clothes dryers",both,Aircraft
8421.21.00,Machinery and apparatus for filtering or purifying water,both,Aircraft
8421.23.00,Oil or fuel filters for internal combustion engines,both,Aircraft
8421.29.00,"Filtering or purifying machinery and apparatus for liquids, nesoi",both,Aircraft
8421.31.00,Intake air filters for internal combustion engines,both,Aircraft
8421.32.00,Catalytic converters; particulate filters for internal combustion engines,both,Aircraft
8421.39.01,"Filtering or purifying machinery and apparatus for gases, other than intake air filters or catalytic converters, for internal combustion engines",both,Aircraft
8424.10.00,"Fire extinguishers, whether or not charged",both,Aircraft
8425.11.00,"Pulley tackle and hoists other than skip hoists or hoists used for raising vehicles, powered by electric motor",both,Aircraft
8425.19.00,"Pulley tackle and hoists other than skip hoists or hoists used for raising vehicles, not powered by electric motor",both,Aircraft
8425.31.01,"Winches nesoi, and capstans, powered by electric motor",both,Aircraft
8425.39.01,"Winches nesoi, and capstans, not powered by electric motor",both,Aircraft
8425.42.00,"Hydraulic jacks and hoists, nesoi",both,Aircraft
8425.49.00,"Jacks and hoists of a kind used for raising vehicles, other than hydraulic, nesoi",both,Aircraft
8426.99.00,"Derricks, cranes and other lifting machinery nesoi",both,Aircraft
8428.10.00,Passenger or freight elevators other than continuous action; skip hoists,both,Aircraft
8428.20.00,Pneumatic elevators and conveyors,both,Aircraft
8428.33.00,"Belt type continuous-action elevators and conveyors, for goods or materials",both,Aircraft
8428.39.00,"Continuous-action elevators and conveyors, for goods or materials, nesoi",both,Aircraft
8428.90.03,"Machinery for lifting, handling, loading or unloading, nesoi",both,Aircraft
8443.31.00,"Multifunction units (machines which perform two or more of the functions of printing, copying or facsimile transmission, capable of connecting to an automatic data processing machine or to a network)",both,Aircraft
8443.32.10,"Printer units, capable of connecting to an automatic data processing machine or to a network",both,Aircraft
8443.32.50,"Single function units other than printer units (machines which perform only one of the functions of printing, copying or facsimile transmission)",both,Aircraft
8471.30.01,"Portable automatic data processing machines, not over 10 kg, consisting at least a central processing unit, keyboard and display",both,
8471.41.01,"Automatic data processing machines, nonportable or over 10 kg, comprising in the same housing at least a central processing unit and an input and output unit, whether or not combined",both,
8471.49.00,"Automatic data processing machines, nesoi, entered in the form of systems (consisting of at least a central processing unit, and an input and output unit)",both,
8471.50.01,"Processing units other than those of subheading 8471.41 and 8471.49, nesoi",both,
8471.60.10,Combined input/output units for automatic data processing machines not entered with the rest of a system,both,
8471.60.20,Keyboards for automatic data processing machines not entered with the rest of a system,both,
8471.60.70,"Input or output units suitable for physical incorporation into an automatic data processing machine or unit thereof, nesoi, not entered with the rest of a system",both,
8471.60.80,Optical scanners and magnetic ink recognition devices not entered with the rest of an automatic data processing system,both,
8471.60.90,"Other input or output units of digital automatic data processing machines, nesoi, not entered with the rest of a system",both,
8471.70.10,"Automatic data processing magnetic disk drive storage units, disk diameter exceeding 21 cm, without read-write unit assembled therein; read-write units; all not entered with the rest of a system",both,
8471.70.20,"Automatic data processing magnetic disk drive storage units, disk diameter exceeding 21 cm, for incorporation into automatic data processing machines or units, not entered with the rest of a system",both,
8471.70.30,"Automatic data processing magnetic disk drive storage units, disk diameter exceeding 21 cm, nesoi, not entered with the rest of a system",both,
8471.70.40,"Automatic data processing magnetic disk drive storage units, disk diameter not exceeding 21 cm, not assembled in cabinets, without attached external power supply, not entered with the rest of a system",both,
8471.70.50,"Automatic data processing magnetic disk drive storage units, disk diameter not exceeding 21 cm, nesoi, not entered with the rest of a system",both,
8471.70.60,"Automatic data processing storage units other than magnetic disk, not assembled in cabinets for placing on a table etc., not entered with the rest of a system",both,
8471.70.90,"Automatic data processing storage units other than magnetic disk drive units, nesoi, not entered with the rest of a system",both,
8471.80.10,Control or adapter units for automatic data processing machines not entered with rest of a system,both,
8471.80.40,"Unit suitable for physical incorporation into automatic data processing machine or unit thereof, not entered with the rest of a system, nesoi",both,
8471.80.90,"Other units of automatic data processing machines, not entered with the rest of a system, nesoi",both,
8471.90.00,"Magnetic or optical readers, nesoi; machines for transcribing data on data media in coded form and machines for processing such data, nesoi",both,
8473.30.11,"Printed circuit assemblies, not incorporating a cathode ray tube, of the machines of 8471",both,
8473.30.20,"Parts and accessories of the automatic data processing machines of heading 8471, not incorporating a CRT, parts and accessories of printed circuit assemblies",both,
8473.30.51,"Parts and accessories of the automatic data processing machines of heading 8471, not incorporating a CRT, nesoi",both,
8473.30.91,"Parts and accessories of the automatic data processing machines of heading 8471, incorporating a CRT, nesoi",both,
8479.89.10,"Air humidifiers or dehumidifiers with self-contained electric motor, other than for domestic purposes",both,Aircraft
8479.89.20,"Floor polishers with self-contained electric motor, other than for domestic purposes",both,Aircraft
8479.89.65,"Electromechanical appliances with self-contained electric motor, nesoi",both,Aircraft
8479.89.70,"Carpet sweepers, not electromechanical with self- contained electric motor",both,Aircraft
8479.89.95,"Other machines and mechanical appliances having individual functions, not specified or included elsewhere in chapter 84 of the HTSUS, nesoi",both,Aircraft
8479.90.41,Parts of floor polishers of subheading 8479.89.20; parts of carpet sweepers,both,Aircraft
8479.90.45,"Parts of trash compactors, frame assemblies",both,Aircraft
8479.90.55,"Parts of trash compactors, ram assemblies",both,Aircraft
8479.90.65,"Parts of trash compactors, container assemblies",both,Aircraft
8479.90.75,"Parts of trash compactors, cabinets or cases",both,Aircraft
8479.90.85,"Parts of trash compactors, nesoi",both,Aircraft
8479.90.95,"Parts of machines and mechanical appliances having individual functions, not specified or included elsewhere in chapter 84 of the HTSUS, nesoi",both,Aircraft
8483.10.10,Camshafts and crankshafts for use solely or principally with spark-ignition internal-combustion piston or rotary engines,both,Aircraft
8483.10.30,Camshafts and crankshafts nesoi,both,Aircraft
8483.10.50,Transmission shafts and cranks other than camshafts and crankshafts,both,Aircraft
8483.30.40,"Bearing housings of the flange, take-up, cartridge and hanger unit type",both,Aircraft
8483.30.80,Bearing housings nesoi; plain shaft bearings,both,Aircraft
8483.40.10,Torque converters,both,Aircraft
8483.40.30,"Fixed, multiple and variable ratio speed changers, imported for use with machines for making cellulosic pulp, paper or paperboard",both,Aircraft
8483.40.50,"Fixed, multiple and variable ratio speed changers, not imported for use with machines for making cellulosic pulp, paper or paperboard",both,Aircraft
8483.40.70,"Speed changers other than fixed, multiple and variable ratio speed changers",both,Aircraft
8483.40.80,Ball or roller screws,both,Aircraft
8483.40.90,"Gears and gearing, other than toothed wheels, chain sprockets and other transmission elements entered separately",both,Aircraft
8483.50.40,"Gray-iron awning or tackle pulleys, not over 6.4 cm in wheel diameter",both,Aircraft
8483.50.60,"Flywheels, nesoi",both,Aircraft
8483.50.90,"Pulleys, including pulley blocks, nesoi",both,Aircraft
8483.60.40,Clutches and universal joints,both,Aircraft
8483.60.80,Shaft couplings (other than universal joints),both,Aircraft
8483.90.10,Chain sprockets and parts thereof,both,Aircraft
8483.90.20,"Parts of flange, take-up, cartridge and hanger units",both,Aircraft
8483.90.30,"Parts of bearing housings and plain shaft bearings, nesoi",both,Aircraft
8483.90.50,"Parts of gearing, gear boxes and other speed changers",both,Aircraft
8483.90.80,"Parts of transmission equipment, nesoi",both,Aircraft
8484.10.00,Gaskets and similar joints of metal sheeting combined with other material or of two or more layers of metal,both,Aircraft
8484.90.00,"Sets or assortments of gaskets and similar joints dissimilar in composition, put up in pouches, envelopes or similar packings",both,Aircraft
8486.10.00,Machines and apparatus for the manufacture of boules or wafers,both,
8486.20.00,Machines and apparatus for the manufacture of semiconductor devices or electronic integrated circuits,both,
8486.30.00,Machines and apparatus for the manufacture of flat panel displays,both,
8486.40.00,Machines and apparatus for the manufacture of masks and reticles and for the assembly of electronic integrated circuits,both,
8486.90.00,"Parts and accessories of the machines and apparatus for the manufacture of semiconductor devices, electronic integrated circuits and flat pa",both,
8501.20.50,Universal AC/DC motors of an output exceeding 735 W but under 746 W,both,Aircraft
8501.20.60,Universal AC/DC motors of an output of 746 W or more,both,Aircraft
8501.31.50,"DC motors, nesoi, of an output exceeding 735 W but under 746 W",both,Aircraft
8501.31.60,"DC motors nesoi, of an output of 746 W but not exceeding 750 W",both,Aircraft
8501.31.81,"DC generators, other than photovoltaic generators, of an output not exceeding 750 W",both,Aircraft
8501.32.20,"DC motors nesoi, of an output exceeding 750 W but not exceeding 14.92 kW",both,Aircraft
8501.32.55,"DC motors nesoi, of an output exceeding 14.92 kW but not exceeding 75 kW, nesoi",both,Aircraft
8501.32.61,"DC generators, other than photovoltaic generators, of an output exceeding 750 W but not exceeding 75 kW",both,Aircraft
8501.33.20,"DC motors nesoi, of an output exceeding 75 kW but under 149.2 kW",both,Aircraft
8501.33.30,"DC motors, nesoi, 149.2 kW or more but not exceeding 150 kW",both,Aircraft
8501.33.61,"DC generators, other than photovoltaic generators, of an output exceeding 75 kW but not exceeding 375 kW",both,Aircraft
8501.34.61,"DC generators, other than photovoltaic generators, of an output exceeding 375 kW",both,Aircraft
8501.40.50,"AC motors, nesoi, single-phase, exceeding 735 W but under 746 W",both,Aircraft
8501.40.60,"AC motors nesoi, single-phase, of 746 W or more",both,Aircraft
8501.51.50,"AC motors, nesoi, multi-phase, of an output exceeding 735 W but under 746 W",both,Aircraft
8501.51.60,"AC motors nesoi, multi-phase of an output of 746 W but not exceeding 750 W",both,Aircraft
8501.52.40,"AC motors nesoi, multi-phase, of an output exceeding 750 W but not exceeding 14.92 kW",both,Aircraft
8501.52.80,"AC motors nesoi, multi-phase, of an output exceeding 14.92 kW but not exceeding 75 kW",both,Aircraft
8501.53.40,"AC motors nesoi, multi-phase, of an output exceeding 75 kW but under 149.2 kW",both,Aircraft
8501.53.60,"AC motors, nesoi, multi-phase, 149.2 kW or more but not exceeding 150 kW",both,Aircraft
8501.61.01,"AC generators (alternators), other than photovoltaic generators, of an output not exceeding 75 kVA",both,Aircraft
8501.62.01,"AC generators (alternators), other than photovoltaic generators, of an output exceeding 75 kVA but not exceeding 375 kVA",both,Aircraft
8501.63.01,"AC generators (alternators), other than photovoltaic generators, of an output exceeding 375 kVA but not exceeding 750 kVA",both,Aircraft
8501.71.00,"Photovoltaic DC generators, of an output not exceeding 50 W",both,Aircraft
8501.72.10,"Photovoltaic DC generators, of an output exceeding 50 W but not exceeding 750 W",both,Aircraft
8501.72.20,"Photovoltaic DC generators, of an output exceeding 750 W but not exceeding 75 kW",both,Aircraft
8501.72.30,"Photovoltaic DC generators, of an output exceeding 75 kW but not exceeding 375 kW",both,Aircraft
8501.72.90,"Photovoltaic DC generators, of an output exceeding 375 kW",both,Aircraft
8501.80.10,"Photovoltaic AC generators, of an output not exceeding 75 kVA",both,Aircraft
8501.80.20,"Photovoltaic AC generators, of an output exceeding 75 kVA but not exceeding 375 kVA",both,Aircraft
8501.80.30,"Photovoltaic AC generators, of an output exceeding 375 kVA but not exceeding 750 kVA",both,Aircraft
8502.11.00,"Electric generating sets with compression-ignition internal-combustion piston engines, of an output not exceeding 75 kVA",both,Aircraft
8502.12.00,"Electric generating sets with compression-ignition internal-combustion piston engines, of an output exceeding 75 kVA but not over 375 kVA",both,Aircraft
8502.13.00,"Electric generating sets with compression-ignition internal-combustion piston engines, of an output exceeding 375 kVA",both,Aircraft
8502.20.00,Electric generating sets with spark-ignition internal- combustion piston engines,both,Aircraft
8502.31.00,Wind-powered electric generating sets,both,Aircraft
8502.39.00,"Electric generating sets, nesoi",both,Aircraft
8502.40.00,Electric rotary converters,both,Aircraft
8504.10.00,Ballasts for discharge lamps or tubes,both,Aircraft
8504.31.20,"Unrated electrical transformers other than liquid dielectric, having a power handling capacity not exceeding 1 kVA",both,Aircraft
8504.31.40,"Electrical transformers other than liquid dielectric, having a power handling capacity less than 1 kVA",both,Aircraft
8504.31.60,"Electrical transformers other than liquid dielectric, having a power handling capacity of l kVA",both,Aircraft
8504.32.00,"Electrical transformers other than liquid dielectric, having a power handling capacity exceeding 1 kVA but not exceeding 16 kVA",both,Aircraft
8504.33.00,"Electrical transformers other than liquid dielectric, having a power handling capacity exceeding 16 kVA but not exceeding 500 kVA",both,Aircraft
8504.40.40,Electrical speed drive controllers for electric motors (static converters),both,Aircraft
8504.40.60,Power supplies suitable for physical incorporation into automatic data processing machines or units thereof of heading 8471,both,Aircraft
8504.40.70,"Power supplies for automatic data processing machines or units thereof of heading 8471, nesoi",both,Aircraft
8504.40.85,"Static converters (for example, rectifiers) for telecommunication apparatus",both,Aircraft
8504.40.95,"Static converters (for example, rectifiers), nesoi",both,Aircraft
8504.50.40,Other inductors for power supplies for ADP machines and units of heading 8471 or for telecommunication apparatus,both,Aircraft
8504.50.80,"Other inductors, nesoi",both,Aircraft
8505.11.0070,Sintered neodymium-iron-boron magnets,new,
8507.10.00,Lead-acid storage batteries of a kind used for starting piston engines,both,Aircraft
8507.20.80,Lead-acid storage batteries other than of a kind used for starting piston engines or as the primary source of power for electric vehicles,both,Aircraft
8507.30.80,"Nickel-cadmium storage batteries, other than of a kind used as the primary source of power for electric vehicles",both,Aircraft
8507.50.00,Nickel-metal hydride batteries,both,Aircraft
8507.60.00,Lithium-ion batteries,both,Aircraft
8507.80.82,"Other storage batteries nesoi, other than of a kind used as the primary source of power for electric vehicles",both,Aircraft
8507.90.40,"Parts of lead-acid storage batteries, including separators therefor",both,Aircraft
8507.90.80,"Parts of storage batteries, including separators therefor, other than parts of lead-acid storage batteries",both,Aircraft
8511.10.00,Spark plugs,both,Aircraft
8511.20.00,"Ignition magnetos, magneto-dynamos and magnetic flywheels",both,Aircraft
8511.30.00,Distributors and ignition coils,both,Aircraft
8511.40.00,Starter motors and dual purpose starter-generators,both,Aircraft
8511.50.00,"Generators nesoi, of a kind used in conjunction with spark-ignition or compression-ignition internal- combustion engines",both,Aircraft
8511.80.20,"Voltage and voltage-current regulators with cut-out relays designed for use on 6, 12 or 24 V systems",both,Aircraft
8511.80.40,"Voltage and voltage-current regulators with cut-out relays other than those designed for use on 6, 12 or 24 V systems",both,Aircraft
8511.80.60,"Electrical ignition or starting equipment of a kind used for spark-ignition internal-combustion or compression-ignition engines, nesoi",both,Aircraft
8514.20.40,Industrial or laboratory microwave ovens for making hot drinks or for cooking or heating food,both,Aircraft
8516.80.40,"Electric heating resistors assembled only with simple insulated former and electrical connectors, used for anti-icing or de-icing",both,Aircraft
8516.80.80,"Electric heating resistors, nesoi",both,Aircraft
8517.13.00,Smartphones for cellular networks or for other wireless of networks,both,
8517.14.00,"Other telephones for cellular networks or for other wireless of networks, other than smartphones",both,Aircraft
8517.61.00,Base stations,both,Aircraft
8517.62.00,"Machines for the reception, conversion and transmission or regeneration of voice, images or other data, including switching and routing apparatus",both,
8517.69.00,"Other apparatus for transmission or reception of voice, images or other data, nesoi, but not apparatus of headings 8443, 8525, 8527 or 8528",both,Aircraft
8517.71.00,Aerials and aerial reflectors of all kinds; parts suitable for use therewith,both,Aircraft
8518.10.40,"Microphones having a frequency range of 300Hz- 3.4kHz with diameter not over 10 mm and height not exceeding 3 mm, for telecommunication",both,Aircraft
8518.10.80,"Microphones and stands therefor, nesoi",both,Aircraft
8518.21.00,"Single loudspeakers, mounted in their enclosures",both,Aircraft
8518.22.00,Multiple loudspeakers mounted in the same enclosure,both,Aircraft
8518.29.40,"Loudspeakers not mounted in their enclosures, with frequency range of 300Hz to 3.4kHz, with a diameter of not exceeding 50 mm, for telecommunication",both,Aircraft
8518.29.80,"Loudspeakers nesoi, not mounted in their enclosures, nesoi",both,Aircraft
8518.30.10,Line telephone handsets,both,Aircraft
8518.30.20,"Headphones, earphones and combined microphone/speaker sets, other than telephone handsets",both,Aircraft
8518.40.10,Audio-frequency electric amplifiers for use as repeaters in line telephony,both,Aircraft
8518.40.20,"Audio-frequency electric amplifiers, other than for use as repeaters in line telephony",both,Aircraft
8518.50.00,Electric sound amplifier sets,both,Aircraft
8519.81.10,Transcribing machines,both,Aircraft
8519.81.20,Cassette players (non-recording) designed exclusively for motor-vehicle installation,both,Aircraft
8519.81.25,"Cassette players (non-recording), nesoi",both,Aircraft
8519.81.30,"Sound reproducing apparatus nesoi, not incorporating a sound recording device",both,Aircraft
8519.81.41,"Other sound recording and reproducing apparatus using magnetic tape, optical media, or semiconductor media",both,Aircraft
8519.89.10,"Record players, other than coin- or token-operated, without loudspeaker",both,Aircraft
8519.89.20,"Record players, other than coin- or token-operated, with loudspeakers",both,Aircraft
8519.89.30,"Sound recording and reproducing apparatus, nesoi",both,Aircraft
8521.10.30,"Color, cartridge or cassette magnetic tape-type video players, not capable of recording",both,Aircraft
8521.10.60,"Color, cartridge or cassette magnetic tape-type video recording and reproducing apparatus, nesoi",both,Aircraft
8521.10.90,"Magnetic tape-type video recording or reproducing apparatus, other than color, cartridge or cassette type",both,Aircraft
8522.90.25,"Assemblies and subassemblies of articles of subheading 8519.81.41, consisting of 2 or more pieces fastened together, printed circuit assemblies",both,Aircraft
8522.90.36,"Other assemblies and subassemblies of articles of subheading 8519.81.41, consisting of 2 or more pieces fastened together, other than printed circuit assemblies",both,Aircraft
8522.90.45,"Other parts of telephone answering machines, printed circuit assemblies",both,Aircraft
8522.90.58,"Other parts of telephone answering machines, other than printed circuit assemblies",both,Aircraft
8522.90.65,"Parts and accessories of apparatus of headings 8519 or 8521, nesoi, printed circuit assemblies",both,Aircraft
8522.90.80,"Parts and accessories of apparatus of headings 8519 or 8521, nesoi, other than printed circuit assemblies",both,Aircraft
8523.51.00,"Semiconductor media, solid state non-volatile storage devices",both,
8524.11.10,"Flat panel display modules of liquid crystals without drivers or control circuits, other than for articles of subheadings 8528.59, 8528.69, 8528.72 and 8528.73",both,
8524.11.90,"Flat panel display modules of liquid crystals without drivers or control circuits, for articles of subheadings 8528.59, 8528.69, 8528.72 and 8528.73",both,
8524.12.00,Flat panel display modules of organic light-emitting diodes without drivers or control circuits,both,
8524.19.00,"Other flat panel display modules without drivers or control circuits, nesoi",both,
8524.91.10,"Flat panel display modules of liquid crystals with drivers or control circuits, other than for articles of subheadings 8528.59, 8528.69, 8528.72 and 8528.73",both,
8524.91.90,"Flat panel display modules of liquid crystals with drivers or control circuits, for articles of subheadings 8528.59, 8528.69, 8528.72 and 8528.73",both,
8524.92.00,Flat panel display modules of organic light-emitting diodes with drivers or control circuits,both,
8524.99.00,"Other flat panel display modules with drivers or control circuits, nesoi",both,
8526.10.00,Radar apparatus,both,Aircraft
8526.91.00,"Radio navigational aid apparatus, other than radar",both,Aircraft
8526.92.10,Radio remote control apparatus for video game consoles,both,Aircraft
8526.92.50,Radio remote control apparatus other than for video game consoles,both,Aircraft
8528.42.00,Cathode-ray tube monitors capable of directly connecting to and designed for use with an automatic data processing machine of heading 8471,both,Aircraft
8528.52.00,Other monitors capable of directly connecting to and designed for use with an automatic data processing machine of heading 8471,both,
8528.62.00,Projectors capable of directly connecting to and designed for use with an automatic data processing machine of heading 8471,both,Aircraft
8529.10.21,"Television antennas and antenna reflectors, and parts suitable for use therewith",both,Aircraft
8529.10.40,"Radar, radio navigational aid and radio remote control antennas and antenna reflectors, and parts suitable for use therewith",both,Aircraft
8529.10.91,"Other antennas and antenna reflectors of all kinds and parts, for use",both,Aircraft
8529.90.04,Tuners (printed circuit assemblies),both,Aircraft
8529.90.05,"Printed circuit boards and ceramic substrates and subassemblies thereof, for color TV, with components listed in additional U.S. note 4 to chapter 85 of the HTSUS",both,Aircraft
8529.90.06,"Printed circuit boards and ceramic substrates and subassemblies thereof, for color TV, not with components listed in additional U.S. note 4 to chapter 85 of the HTSUS",both,Aircraft
8529.90.09,Printed circuit assemblies for television cameras,both,Aircraft
8529.90.13,"Printed circuit assemblies for television apparatus, nesoi",both,Aircraft
8529.90.16,"Printed circuit assemblies which are subassemblies of radar, radio navigational aid or remote control apparatus, of 2 or more parts joined together",both,Aircraft
8529.90.19,"Printed circuit assemblies, nesoi, for radar, radio navigational aid or radio remote control apparatus",both,Aircraft
8529.90.21,"Other printed circuit assemblies suitable for use solely or principally with the apparatus of headings 8524 to 8528, nesoi",both,Aircraft
8529.90.24,"Transceiver assemblies for the apparatus of subheading 8526.10, other than printed circuit assemblies",both,Aircraft
8529.90.29,"Tuners for television apparatus, other than printed circuit assemblies",both,Aircraft
8529.90.33,"Subassemblies with 2 or more printed circuit boards or ceramic substrates, for color TV, entered with components in additional U.S. note 4 to chapter 85 of the HTSUS",both,Aircraft
8529.90.36,"Subassemblies with 2 or more printed circuit boards or ceramic substrates, for color TV, other",both,Aircraft
8529.90.39,"Parts of television receivers specified in U.S. note 9 to chapter 85 of the HTSUS, other than printed circuit assemblies, nesoi",both,Aircraft
8529.90.43,"Printed circuit boards and ceramic substrates and subassemblies thereof for color TV, with components listed in additional U.S. note 4 to chapter 85 of the HTSUS",both,Aircraft
8529.90.46,"Combinations of printed circuit boards and ceramic substrates and subassemblies thereof for color TV, with components listed in additional U.S. note 4 to chapter 85 of the HTSUS",both,Aircraft
8529.90.49,"Combinations of parts of television receivers specified in U.S. note 10 to chapter 85 of the HTSUS, other than printed circuit assemblies, nesoi",both,Aircraft
8529.90.55,"Flat panel screen assemblies for TV reception apparatus, color video monitors and video projectors",both,Aircraft
8529.90.63,Parts of printed circuit assemblies (including face plates and lock latches) for television cameras,both,Aircraft
8529.90.68,Parts of printed circuit assemblies (including face plates and lock latches) for television apparatus other than television cameras,both,Aircraft
8529.90.73,"Parts of printed circuit assemblies (including face plates and lock latches) for radar, radio navigational aid or radio remote control app.",both,Aircraft
8529.90.77,"Parts of printed circuit assemblies (including face plates and lock latches) for other apparatus of headings 8524 to 8528, nesoi",both,Aircraft
8529.90.78,"Mounted lenses for use in closed circuit television cameras, separately imported, with or without attached electrical connectors or motors",both,Aircraft
8529.90.81,"Other parts of television cameras, nesoi",both,Aircraft
8529.90.83,"Other parts of television apparatus (other than television cameras), nesoi",both,Aircraft
8529.90.87,"Parts suitable for use solely or principally with the apparatus of 8525 and 8527 (except television apparatus or cellular phones), nesoi",both,Aircraft
8529.90.88,"Subassemblies with 2 or more printed circuit boards or ceramic substrates, except tuners or convergence assemblies, for color TV, entered with components in additional U.S. note 4 to chapter 85 of the HTSUS",both,Aircraft
8529.90.89,"Subassemblies with 2 or more printed circuit boards or ceramic substrates, except tuners or convergence assemblies, for color TV, other",both,Aircraft
8529.90.93,"Parts of television apparatus, nesoi",both,Aircraft
8529.90.95,"Assemblies and subassemblies of radar, radio navigational aid or remote control apparatus, of 2 or more parts joined together, nesoi",both,Aircraft
8529.90.97,"Parts suitable for use solely or principally in radar, radio navigational aid or radio remote control apparatus, nesoi",both,Aircraft
8529.90.98,"Parts suitable for use solely or principally with the apparatus of headings 8524 through 8528, nesoi",both,Aircraft
8531.10.00,Electric burglar or fire alarms and similar apparatus,both,Aircraft
8531.20.00,Indicator panels incorporating liquid crystal devices (LCD's) or light-emitting diodes (LED's),both,Aircraft
8531.80.15,"Doorbells, chimes, buzzers, and similar apparatus",both,Aircraft
8531.80.90,"Electric sound or visual signaling apparatus, nesoi",both,Aircraft
8536.70.00,"Connectors for optical fibers, optical fiber bundles or cables",both,Aircraft
8539.10.00,Sealed beam lamp units,both,Aircraft
8539.51.00,Light-emitting diode (LED) modules,both,Aircraft
8541.10.00,"Diodes, other than photosensitive or light-emitting diodes",both,
8541.21.00,"Transistors, other than photosensitive transistors, with a dissipation rating of less than 1 W",both,
8541.29.00,"Transistors, other than photosensitive transistors, with a dissipation rating of 1 W or more",both,
8541.30.00,"Thyristors, diacs and triacs, other than photosensitive devices",both,
8541.41.00,Light emitting diodes (LED),both,
8541.49.10,"Other photosensitive semiconductor diodes, other than light-emitting",both,
8541.49.70,Other photosensitive semiconductor transistors,both,
8541.49.80,Optical coupled isolators,both,
8541.49.95,"Other photosensitive semiconductor devices, other than diodes or transistors, nesoi",both,
8541.51.00,"Other semiconductor-based transducers, other than photosensitive transducers",both,
8541.59.00,"Other semiconductor devices, other than semiconductor-based transducers, other than photosensitive devices, nesoi",both,
8541.90.00,"Parts of diodes, transistors, similar semiconductor devices, photosensitive semiconductor devices, LEDs and mounted piezoelectric crystals",both,
8542.31.00,Electronic integrated circuits: processors and controllers,both,
8542.32.00,Electronic integrated circuits: memories,both,
8542.33.00,Electronic integrated circuits: amplifiers,both,
8542.39.00,Electronic integrated circuits: other,both,
8542.90.00,Parts of electronic integrated circuits and microassemblies,both,
8543.70.42,Flight data recorders,both,Aircraft
8543.70.45,Other electric synchros and transducers; defrosters and demisters with electric resistors for aircraft,both,Aircraft
8543.70.60,"Electrical machines and apparatus nesoi, designed for connection to telegraphic or telephonic apparatus, instruments or networks",both,Aircraft
8543.70.80,Microwave amplifiers,both,Aircraft
8543.70.91,Digital signal processing apparatus capable of connecting to a wired or wireless network for sound mixing,both,Aircraft
8543.70.95,Touch screens without display capabilities for incorporation in apparatus having a display,both,Aircraft
8543.90.12,Parts of physical vapor deposition apparatus of subheading 8543.70,both,Aircraft
8543.90.15,"Assemblies and subassemblies for flight data recorders, consisting of 2 or more parts pieces fastened together, printed circuit assemblies",both,Aircraft
8543.90.35,"Assemblies and subassemblies for flight data recorders, consisting of 2 or more parts pieces fastened together, not printed circuit assemblies",both,Aircraft
8543.90.65,"Printed circuit assemblies of flat panel displays other than for reception apparatus for television of heading 8528, except for subheadings 8528.52 and 8528.62",both,Aircraft
8543.90.68,"Printed circuit assemblies of electrical machines and apparatus, having individual functions, nesoi",both,Aircraft
8543.90.85,"Parts, nesoi, of flat panel displays other than for reception apparatus for television of heading 8528, except for subheadings 8528.52 and 8528.62",both,Aircraft
8543.90.88,"Parts (other than printed circuit assemblies) of electrical machines and apparatus, having individual functions, nesoi",both,Aircraft
8544.30.00,"Insulated ignition wiring sets and other wiring sets of a kind used in vehicles, aircraft or ships",both,Aircraft
8549.13.00,"Waste/scrap of batteries/accumulators; spent batteries/accumulators (o/t lead-acid), sorted and not containing lead/cadmium/mercury",new,
8801.00.00,"Balloons, dirigibles and non-powered aircraft, gliders and hang gliders",both,Aircraft
8802.11.01,"Helicopters (except unmanned aircraft of heading 8806), with an unladen weight not over 2,000 kg",both,Aircraft
8802.12.01,"Helicopters (except unmanned aircraft of heading 8806), with an unladen weight over 2,000 kg",both,Aircraft
8802.20.01,"Airplanes and other powered aircraft (except unmanned aircraft of heading 8806), nesoi, with an unladen weight not over 2,000 kg",both,Aircraft
8802.30.01,"Airplanes and other powered aircraft (except unmanned aircraft of heading 8806), nesoi, with an unladen weight over 2,000 kg but not over 15,000 kg",both,Aircraft
8802.40.01,"Airplanes and other powered aircraft (except unmanned aircraft of heading 8806), nesoi, with an unladen weight over 15,000 kg",both,Aircraft
8805.29.00,"Ground flying trainers and parts thereof, other than air combat simulators",both,Aircraft
8806.10.00,Unmanned aircraft designed for the carriage of passengers,both,Aircraft
8806.21.00,"Unmanned aircraft, not for the carriage of passengers, for remote-controlled flight only, max take-off weight not more than 250g",both,Aircraft
8806.22.00,"Unmanned aircraft, not for the carriage of passengers, for remote-controlled flight only, max take-off weight more than 250g but less than 7kg",both,Aircraft
8806.23.00,"Unmanned aircraft, not for the carriage of passengers, for remote-controlled flight only, max take-off weight more than 7kg but less than 25kg",both,Aircraft
8806.24.00,"Unmanned aircraft, not for the carriage of passengers, for remote-controlled flight only, max take-off weight more than 25kg but less than 150 kg",both,Aircraft
8806.29.00,"Unmanned aircraft, not for the carriage of passengers, for remote-controlled flight only, max take-off weight more than 150 kg",both,Aircraft
8806.91.00,"Unmanned aircraft, not for the carriage of passengers, not for remote-controlled flight only, nesoi, max take-off weight not more than 250g",both,Aircraft
8806.92.00,"Unmanned aircraft, not for the carriage of passengers, not for remote-controlled flight only, nesoi, max take-off weight more 250g less than 7kg",both,Aircraft
8806.93.00,"Unmanned aircraft, not for the carriage of passengers, not for remote-controlled flight only, nesoi, max take-off weight more than 7kg but less than 25kg",both,Aircraft
8806.94.00,"Unmanned aircraft, not for the carriage of passengers, not for remote-controlled flight only, nesoi, max take-off weight more than 25kg but less than 150 kg",both,Aircraft
8806.99.00,"Unmanned aircraft, not for the carriage of passengers, not for remote-controlled flight only, nesoi, max take-off weight more than 150 kg",both,Aircraft
8807.10.00,"Parts of aircraft of headings 8801, 8802 or 8806, propellers and rotors and parts thereof",both,Aircraft
8807.20.00,"Parts of aircraft of headings 8801, 8802 or 8806, undercarriages and parts thereof",both,Aircraft
8807.30.00,"Parts of aircraft of headings 8801, 8802 or 8806, for airplanes, helicopters, unmanned aircraft, other than propellers, rotors or undercarriages, nesoi",both,Aircraft
8807.90.90,"Parts of aircraft of headings 8801, 8802 or 8806, not for airplanes, helicopters or unmanned aircraft, nesoi",both,Aircraft
9001.90.40,"Lenses nesoi, unmounted",both,Aircraft
9001.90.50,"Prisms, unmounted",both,Aircraft
9001.90.60,"Mirrors, unmounted",both,Aircraft
9001.90.80,"Half-tone screens designed for use in engraving or photographic processes, unmounted",both,Aircraft
9001.90.90,"Optical elements nesoi, unmounted",both,Aircraft
9002.90.20,"Prisms, mounted, for optical uses",both,Aircraft
9002.90.40,"Mirrors, mounted, for optical uses",both,Aircraft
9002.90.70,"Half-tone screens, mounted, designed for use in engraving or photographic processes",both,Aircraft
9002.90.85,"Mounted lenses suitable for use in, and entered separately from, closed circuit television cameras, with or without attached electrical connectors or motors",both,Aircraft
9002.90.95,"Mounted optical elements, nesoi; parts and accessories of mounted optical elements, nesoi",both,Aircraft
9014.10.10,Optical direction finding compasses,both,Aircraft
9014.10.60,"Gyroscopic directing finding compasses, other than electrical",both,Aircraft
9014.10.70,Electrical direction finding compasses,both,Aircraft
9014.10.90,"Direction finding compasses, other than optical instruments, gyroscopic compasses or electrical",both,Aircraft
9014.20.20,Optical instruments and appliances (other than compasses) for aeronautical or space navigation,both,Aircraft
9014.20.40,Automatic pilots for aeronautical or space navigation,both,Aircraft
9014.20.60,Electrical instruments and appliances (other than compasses) for aeronautical or space navigation,both,Aircraft
9014.20.80,Nonelectrical instruments and appliances (other than compasses) for aeronautical or space navigation,both,Aircraft
9014.90.10,Parts and accessories of automatic pilots for aeronautical or space navigation of subheading 9014.20.40,both,Aircraft
9014.90.20,Parts and accessories of nonelectrical instruments and appliances for aeronautical or space navigation of subheading 9014.20.80,both,Aircraft
9014.90.40,Parts and accessories of nonelectrical navigational instruments and appliances nesoi of subheading 9014.80.50,both,Aircraft
9014.90.60,"Parts and accessories of navigational instruments and appliances, nesoi",both,Aircraft
9020.00.40,"Underwater breathing devices designed as a complete unit to be carried on the person and not requiring attendants, parts and accessories thereof",both,Aircraft
9020.00.60,"Breathing appliances, nesoi, and gas masks, except protective masks having neither mechanical parts or replaceable filters, parts, accessories thereof",both,Aircraft
9025.11.20,"Clinical thermometers, liquid-filled, for direct reading, not combined with other instruments",both,Aircraft
9025.11.40,"Liquid-filled thermometers, for direct reading, not combined with other instruments, other than clinical thermometers",both,Aircraft
9025.19.40,"Pyrometers, not combined with other instruments",both,Aircraft
9025.19.80,"Thermometers, for direct reading, not combined with other instruments, other than liquid-filled thermometers",both,Aircraft
9025.80.10,"Electrical hydrometers and similar floating instruments, thermometers, pyrometers, barometers, hygrometers, psychometers, and any combination",both,Aircraft
9025.80.15,"Nonelectrical barometers, not combined with other instruments",both,Aircraft
9025.80.20,"Hydrometers and similar floating instruments, whether or not incorporating a thermometer, non- recording, other than electrical",both,Aircraft
9025.80.35,"Hygrometers and psychrometers, non-electrical, non- recording",both,Aircraft
9025.80.40,"Thermographs, barographs, hygrographs and other recording instruments, other than electrical",both,Aircraft
9025.80.50,"Combinations of thermometers, barometers and similar temperature and atmosphere measuring and recording instruments, nonelectrical",both,Aircraft
9025.90.06,"Other parts and accessories of hydrometers and like floating instruments, thermometers, pyrometers, barometers, hygrometers, psychrometers and combinations",both,Aircraft
9026.10.20,Electrical instruments and apparatus for measuring or checking the flow or level of liquids,both,Aircraft
9026.10.40,"Flow meters, other than electrical, for measuring or checking the flow of liquids",both,Aircraft
9026.10.60,"Instruments and apparatus for measuring or checking the level of liquids, other than flow meters, non- electrical",both,Aircraft
9026.20.40,Electrical instruments and apparatus for measuring or checking the pressure of liquids or gases,both,Aircraft
9026.20.80,"Instruments and apparatus, other than electrical, for measuring or checking the pressure of liquids or gases",both,Aircraft
9026.80.20,"Electrical instruments and apparatus for measuring or checking variables of liquids or gases, nesoi",both,Aircraft
9026.80.40,"Nonelectrical heat meters incorporating liquid supply meters, and anemometers",both,Aircraft
9026.80.60,"Nonelectrical instruments and apparatus for measuring or checking variables of liquids or gases, nesoi",both,Aircraft
9026.90.20,Parts and accessories of electrical instruments and apparatus for measuring or checking variables of liquids or gases,both,Aircraft
9026.90.40,"Parts and accessories of nonelectrical flow meters, heat meters incorporating liquid supply meters and anemometers",both,Aircraft
9026.90.60,"Parts and accessories of nonelectrical instruments and apparatus for measuring or checking variables of liquids or gases, nesoi",both,Aircraft
9029.10.80,"Revolution counters, production counters, odometers, pedometers and the like, other than taximeters",both,Aircraft
9029.20.40,"Speedometers and tachometers, other than bicycle speedometers",both,Aircraft
9029.90.80,"Parts and accessories of revolution counters, production counters, odometers, pedometers and the like, of speedometers nesoi and tachometers",both,Aircraft
9030.10.00,Instruments and apparatus for measuring or detecting ionizing radiations,both,Aircraft
9030.20.05,"Oscilloscopes and oscillographs, specially designed for telecommunications",both,Aircraft
9030.20.10,"Oscilloscopes and oscillographs, nesoi",both,Aircraft
9030.31.00,"Multimeters for measuring or checking electrical voltage, current, resistance or power, without a recording device",both,Aircraft
9030.32.00,"Multimeters, with a recording device",both,Aircraft
9030.33.34,Resistance measuring instruments,both,Aircraft
9030.33.38,"Other instruments and apparatus, nesoi, for measuring or checking electrical voltage, current, resistance or power, without a recording device",both,Aircraft
9030.39.01,"Instruments and apparatus, nesoi, for measuring or checking electrical voltage, current, resistance or power, with a recording device",both,Aircraft
9030.40.00,Instruments and apparatus specially designed for telecommunications,both,Aircraft
9030.82.00,"Instruments and apparatus for measuring or checking electrical quantities, nesoi: for measuring or checking semiconductor wafers or devices",new,
9030.84.00,"Instruments and apparatus for measuring, checking or detecting electrical quantities or ionizing radiations, nesoi, with a recording device",both,Aircraft
9030.89.01,"Instruments and apparatus for measuring, checking or detecting electrical quantities or ionizing radiations, nesoi, without a recording device",both,Aircraft
9030.90.25,Printed circuit assemblies for instruments and apparatus for measuring or detecting ionizing radiation,both,Aircraft
9030.90.46,"Parts and accessories for instruments and apparatus for measuring or detecting ionizing radiation, nesoi",both,Aircraft
9030.90.66,Printed circuit assemblies for subheadings and apparatus of subheadings 9030.40 or 9030.82,both,Aircraft
9030.90.68,"Printed circuit assemblies, nesoi",both,Aircraft
9030.90.84,"Parts and accessories for instruments and apparatus for measuring or checking semiconductor wafers or devices, nesoi",both,
9030.90.89,"Parts and accessories for articles of subheadings 9030.20 to 9030.84, nesoi",both,Aircraft
9031.41.00,Optical measuring/checking instruments/appliances for inspecting semiconductor wafers/devices or photomasks/reticle used to mfg such devices,new,
9031.49.70,Optical instrument & appliance: to inspect masks (not photomask) used to mfg semiconductor devices; to measure contamination on such devices,new,
9031.80.40,Electron beam microscopes fitted with equipment specifically designed for the handling and transport of semiconductor devices or reticles,both,
9031.80.80,"Measuring and checking instruments, appliances and machines, nesoi",both,Aircraft
9031.90.21,Parts and accessories of profile projectors,both,Aircraft
9031.90.45,Bases and frames for the optical coordinate- measuring machines of subheading 9031.49.40,both,
9031.90.54,Parts & accessories of measuring & checking optical instruments & appliances of subheading 9031.41 or 9031.49.70,both,
9031.90.59,"Parts and accessories of measuring and checking optical instruments and appliances, other than test benches or profile projectors, nesoi",both,Aircraft
9031.90.70,Parts and accessories of articles of subheading 9031.80.40,both,
9031.90.91,"Parts and accessories of measuring or checking instruments, appliances and machines, nesoi",both,Aircraft
9032.10.00,Automatic thermostats,both,Aircraft
9032.20.00,Automatic manostats,both,Aircraft
9032.81.00,Hydraulic and pneumatic automatic regulating or controlling instruments and apparatus,both,Aircraft
9032.89.20,"Automatic voltage and voltage-current regulators, designed for use in a 6, 12, or 24 V system",both,Aircraft
9032.89.40,"Automatic voltage and voltage-current regulators, not designed for use in a 6, 12, or 24 V system",both,Aircraft
9032.89.60,"Automatic regulating or controlling instruments and apparatus, nesoi",both,Aircraft
9032.90.21,"Parts and accessories of automatic voltage and voltage-current regulators designed for use in a 6, 12, or 24 V system, nesoi",both,Aircraft
9032.90.41,"Parts and accessories of automatic voltage and voltage-current regulators, not designed for use in a 6, 12, or 24 V system, nesoi",both,Aircraft
9032.90.61,"Parts and accessories for automatic regulating or controlling instruments and apparatus, nesoi",both,Aircraft
9033.00.90,"Other parts and accessories for machines, appliances, instruments or apparatus of chapter 90 of the HTSUS, nesoi",both,Aircraft
9104.00.05,"Instrument panel clocks for vehicles, air/spacecraft or vessels, clock movement over 50 mm wide, opto- electronic display only, not over $10 each",both,Aircraft
9104.00.10,"Instrument panel clocks for vehicles, air/spacecraft or vessels, clock movement over 50 mm wide, electric, not optoelectronic display, not over $10 each",both,Aircraft
9104.00.20,"Instrument panel clocks for vehicles, air/spacecraft or vessels, clock movement over 50 mm wide, nonelectric, valued not over $10 each",both,Aircraft
9104.00.25,"Instrument panel clocks for vehicles, air/spacecraft or vessels, clock movement over 50 mm wide, opto- electronic display only, over $10 each",both,Aircraft
9104.00.30,"Instrument panel clocks for vehicles, air/spacecraft or vessels, clock movement over 50 mm wide, electric, not optoelectronic display, over $10 each",both,Aircraft
9104.00.40,"Instrument panel clocks for vehicles, air/spacecraft or vessels, clock movement over 50 mm wide, non- electric, valued over $10 each",both,Aircraft
9104.00.45,"Instrument panel clocks for vehicles, air/spacecraft or vessels, watch or clock movement not over 50 mm wide, opto-electronic display only",both,Aircraft
9104.00.50,"Instrument panel clocks for vehicles, air/spacecraft, vessels, watch or clock movement not over 50 mm wide, electric, not opto-electronic display",both,Aircraft
9104.00.60,"Instrument panel clocks for vehicles, air/spacecraft or vessels, clock or watch movement not over 50 mm wide, nonelectric",both,Aircraft
9109.10.50,"Clock movements nesoi, complete and assembled, electrically operated, with opto-electronic display only",both,Aircraft
9109.10.60,"Clock movements nesoi, complete and assembled, electrically operated, with display nesoi, measuring not over 50 mm in width or diameter",both,Aircraft
9109.90.20,"Clock movements, complete and assembled, not electrically operated, measuring not over 50 mm in width or diameter",both,Aircraft
9401.10.40,"Seats, of a kind used for aircraft, leather upholstered",both,Aircraft
9401.10.80,"Seats, of a kind used for aircraft (other than leather upholstered)",both,Aircraft
9403.20.00,"Furniture (other than seats) of metal nesoi, other than of a kind used in offices",both,Aircraft
9403.70.40,Furniture (other than seats and other than of heading 9402) of reinforced or laminated plastics nesoi,both,Aircraft
9403.70.80,Furniture (other than seats and other than of heading 9402) of plastics (other than reinforced or laminated) nesoi,both,Aircraft
9405.11.40,"Chandeliers and other electric ceiling or wall lighting fittings, of brass, designed for use solely with LED sources",both,Aircraft
9405.11.60,"Chandeliers and other electric ceiling or wall lighting fixtures, of base metal (other than brass), designed for use solely with LED sources",both,Aircraft
9405.11.80,"Chandeliers and other electric ceiling or wall lighting fixtures, not of base metal, designed for use solely with LED sources",both,Aircraft
9405.19.40,"Chandeliers and other electric ceiling or wall lighting fittings, of brass, not designed for use solely with LED sources",both,Aircraft
9405.19.60,"Chandeliers and other electric ceiling or wall lighting fixtures, of base metal (other than brass), not designed for use solely with LED sources",both,Aircraft
9405.19.80,"Chandeliers and other electric ceiling or wall lighting fixtures, not of base metal, not designed for use solely with LED sources",both,Aircraft
9405.61.20,"Illuminated signs, illuminated name plates and the like, of brass, designed for use solely with LED sources",both,Aircraft
9405.61.40,"Illuminated signs, illuminated name plates and the like, of base metal (other than brass), designed for use solely with LED sources",both,Aircraft
9405.61.60,"Illuminated signs, illuminated name plates and the like, not of base metal, designed for use solely with LED sources",both,Aircraft
9405.69.20,"Illuminated signs, illuminated name plates and the like, of brass, not designed for use solely with LED sources",both,Aircraft
9405.69.40,"Illuminated signs, illuminated name plates and the like, of base metal (other than brass), not designed for use solely with LED sources",both,Aircraft
9405.69.60,"Illuminated signs, illuminated name plates and the like, not of base metal, not designed for use solely with LED sources",both,Aircraft
9405.92.00,"Parts of lamps, lighting fixtures, illuminated signs and the like, of plastics",both,Aircraft
9405.99.20,"Parts of lamps, lighting fixtures, illuminated signs and the like, of brass",both,Aircraft
9405.99.40,"Parts of lamps, lighting fixtures, illuminated signs and the like, not of glass, plastics or brass",both,Aircraft
9601.90.20,"Shell, worked and articles thereof",new,
9620.00.50,"Monopods, bipods, tripods and similar articles of plastics, nesoi",both,Aircraft
9620.00.60,"Monopods, bipods, tripods and similar articles of graphite and other carbon, nesoi",both,Aircraft
9701.21.00,"Paintings, drawings (o/than of 4906) and pastels, executed entirely by hand, of an age exceeding 100 years",new,
9701.22.00,"Mosaics, of an age exceeding 100 years",new,
9701.29.00,"Collages and similar decorative plaques, executed entirely by hand, of an age exceeding 100 years",new,
9701.91.00,"Paintings, drawings (o/than of 4906) and pastels, executed entirely by hand, of an age 100 years or less",new,
9701.92.00,"Mosaics, of an age 100 years or less",new,
9701.99.00,"Collages and similar decorative plaques, executed entirely by hand, of an age 100 years or less",new,
9702.10.00,"Original engravings, prints and lithographs, whether or not framed, of an age exceeding 100 years",new,
9702.90.00,"Original engravings, prints and lithographs, whether or not framed, of an age 100 years or less",new,
9703.10.00,"Original sculptures and statuary, in any material, of an age exceeding 100 years",new,
9703.90.00,"Original sculptures and statuary, in any material, of an age 100 years or less",new,
9704.00.00,"Postage or revenue stamps, stamp-postmarks, first- day covers, postal stationery, and the like, used or unused, other than heading 4907",new,
9705.10.00,"Collections and collectors' pieces of archeological, ethnographic or historical interest",new,
9705.21.00,"Collections and collectors' pieces of zoological, botanical, mineralogical, anatomical interest, human specimens and parts thereof",new,
9705.22.00,"Collections and collectors' pieces of zoological, botanical, mineralogical, anatomical interest, extinct or endangered species and parts thereof",new,
9705.29.00,"Collections and collectors' pieces of zoological, botanical, mineralogical, anatomical interest, o/than human specimens or extinct/endangered species",new,
9705.31.00,"Collections and collectors' pieces of numismatic interest, of an age exceeding 100 years",new,
9705.39.00,"Collections and collectors' pieces of numismatic interest, of an age 100 years or less",new,
9706.10.00,Antiques of an age exceeding 250 years,new,
9706.90.00,Antiques of an age exceeding 100 years but not exceeding 250 years,new,
9802.00.40,Articles returned to the United States after having been exported for repairs or alterations made pursuant to a warranty,both,Aircraft
9802.00.50,"Articles returned to the United States after having been exported for repairs or alterations, other",both,Aircraft
9802.00.60,"Any article of metal (as defined in U.S. note 3(e) of subchapter II of chapter 98 of the HTSUS) manufactured in the United States or subjected to a process of manufacture in the United States, if exported for further processing, and if the exported article as processed outside the United States, or the article which results from the processing outside the United States, is returned to the United States for further processing",both,Aircraft
9802.00.80,"Articles, except goods of heading 9802.00.91 and goods imported under provisions of subchapter XIX of this chapter and goods imported under provisions of subchapter XX, assembled abroad in whole or in part of fabricated components, the product of the United States, which (a) were exported in condition ready for assembly without further fabrication, (b) have not lost their physical identity in such articles by change in form, shape or otherwise, and (c) have not been advanced in value or improved in condition abroad except by being assembled and except by operations incidental to the assembly process such as cleaning, lubricating and painting",both,Aircraft
9818.00.05,"Spare parts necessarily installed before first entry into the United States, upon first entry into the United States of each such spare part purchased in, or imported from, a foreign country",both,Aircraft
9818.00.07,"Other, upon first arrival in any port of the United States of any vessel described in U.S. note 1 to subchapter XVIII of chapter 98 of the HTSUS",both,Aircraft
