HS Code,Description,New or Existing,Applies To,Scope Limitation
0201.10.05,"Bovine carcasses and halves, fresh or chilled, described in general note 15 of the HTSUS",Existing,All investigated economies (universal list),
0201.10.10,"Bovine carcasses and halves, fresh or chilled, described in additional U.S. note 3 to chapter 2 of the HTSUS",Existing,All investigated economies (universal list),
0201.10.50,"Bovine carcasses and halves, fresh or chilled, other than described in general note 15 or additional U.S. note 3 to chapter 2 of the HTSUS",Existing,All investigated economies (universal list),
0201.20.02,"High-quality beef cuts, with bone in, processed, fresh or chilled, described in general note 15 of the HTSUS",Existing,All investigated economies (universal list),
0201.20.04,"Bovine meat cuts (except high-quality beef cuts), with bone in, processed, fresh or chilled, described in general note 15 of the HTSUS",Existing,All investigated economies (universal list),
0201.20.06,"Bovine meat cuts, with bone in, not processed, fresh or chilled, described in general note 15 of the HTSUS",Existing,All investigated economies (universal list),
0201.20.10,"High-quality beef cuts, with bone in, processed, fresh or chilled, described in additional U.S. note 3 to chapter 2 of the HTSUS",Existing,All investigated economies (universal list),
0201.20.30,"Bovine meat cuts (except high-quality beef cuts), with bone in, processed, fresh or chilled, described in additional U.S. note 3 to chapter 2 of the HTSUS",Existing,All investigated economies (universal list),
0201.20.50,"Bovine meat cuts, with bone in, not processed, fresh or chilled, described in additional U.S. note 3 to chapter 2 of the HTSUS",Existing,All investigated economies (universal list),
0201.20.80,"Bovine meat cuts, with bone in, fresh or chilled, not described in general note 15 or additional U.S. note 3 to chapter 2 of the HTSUS",Existing,All investigated economies (universal list),
0201.30.02,"High-quality beef cuts, boneless, processed, fresh or chilled, described in general note 15 of the HTSUS",Existing,All investigated economies (universal list),
0201.30.04,"Bovine meat cuts (except high-quality beef cuts), boneless, processed, fresh or chilled, described in general note 15 of the HTSUS",Existing,All investigated economies (universal list),
0201.30.06,"Bovine meat cuts, boneless, not processed, fresh or chilled, described in general note 15 of the HTSUS",Existing,All investigated economies (universal list),
0201.30.10,"High-quality beef cuts, boneless, processed, fresh or chilled, described in additional U.S. note 3 to chapter 2 of the HTSUS",Existing,All investigated economies (universal list),
0201.30.30,"Bovine meat cuts (except high-quality beef cuts), boneless, processed, fresh or chilled, described in additional U.S. note 3 to chapter 2 of the HTSUS",Existing,All investigated economies (universal list),
0201.30.50,"Bovine meat cuts, boneless, not processed, fresh or chilled, described in additional U.S. note 3 to chapter 2 of the HTSUS",Existing,All investigated economies (universal list),
0201.30.80,"Bovine meat cuts, boneless, fresh or chilled, not described in general note 15 or additional U.S. note 3 to chapter 2 of the HTSUS",Existing,All investigated economies (universal list),
0202.10.05,"Bovine carcasses and halves, frozen, described in general note 15 of the HTSUS",Existing,All investigated economies (universal list),
0202.10.10,"Bovine carcasses and halves, frozen, described in additional U.S. note 3 to chapter 2 of the HTSUS",Existing,All investigated economies (universal list),
0202.10.50,"Bovine carcasses and halves, frozen, other than described in general note 15 or additional U.S. note 3 to chapter 2 of the HTSUS",Existing,All investigated economies (universal list),
0202.20.02,"High-quality beef cuts, with bone in, processed, frozen, described in general note 15 of the HTSUS",Existing,All investigated economies (universal list),
0202.20.04,"Bovine meat cuts (except high-quality beef cuts), with bone in, processed, frozen, described in general note 15 of the HTSUS",Existing,All investigated economies (universal list),
0202.20.06,"Bovine meat cuts, with bone in, not processed, frozen, described in general note 15 of the HTSUS",Existing,All investigated economies (universal list),
0202.20.10,"High-quality beef cuts, with bone in, processed, frozen, described in additional U.S. note 3 to chapter 2 of the HTSUS",Existing,All investigated economies (universal list),
0202.20.30,"Bovine meat cuts (except high-quality beef cuts), with bone in, processed, frozen, described in additional U.S. note 3 to chapter 2 of the HTSUS",Existing,All investigated economies (universal list),
0202.20.50,"Bovine meat cuts, with bone in, not processed, frozen, described in additional U.S. note 3 to chapter 2 of the HTSUS",Existing,All investigated economies (universal list),
0202.20.80,"Bovine meat cuts, with bone in, frozen, not described in general note 15 or additional U.S. note 3 to chapter 2 of the HTSUS",Existing,All investigated economies (universal list),
0202.30.02,"High-quality beef cuts, boneless, processed, frozen, described in general note 15 of the HTSUS",Existing,All investigated economies (universal list),
0202.30.04,"Bovine meat cuts (except high-quality beef cuts), boneless, processed, frozen, described in general note 15 of the HTSUS",Existing,All investigated economies (universal list),
0202.30.06,"Bovine meat cuts, boneless, not processed, frozen, described in general note 15 of the HTSUS",Existing,All investigated economies (universal list),
0202.30.10,"High-quality beef cuts, boneless, processed, frozen, described in additional U.S. note 3 to chapter 2 of the HTSUS",Existing,All investigated economies (universal list),
0202.30.30,"Bovine meat cuts (except high-quality beef cuts), boneless, processed, frozen, described in additional U.S. note 3 to chapter 2 of the HTSUS",Existing,All investigated economies (universal list),
0202.30.50,"Bovine meat cuts, boneless, not processed, frozen, described in additional U.S. note 3 to chapter 2 of the HTSUS",Existing,All investigated economies (universal list),
0202.30.80,"Bovine meat cuts, boneless, frozen, not described in general note 15 or additional U.S. note 3 to chapter 2 of the HTSUS",Existing,All investigated economies (universal list),
0206.10.00,"Edible offal of bovine animals, fresh or chilled",Existing,All investigated economies (universal list),
0206.21.00,"Tongues of bovine animals, frozen",Existing,All investigated economies (universal list),
0206.22.00,"Livers of bovine animals, frozen",Existing,All investigated economies (universal list),
0206.29.00,"Edible offal of bovine animals, except tongues or livers, frozen",Existing,All investigated economies (universal list),
0210.20.00,"Meat of bovine animals, salted, in brine, dried or smoked",Existing,All investigated economies (universal list),
0508.00.00,"Coral, shells, cuttlebone and similar materials, unworked or simply prepared but not cut to shape; powder and waste thereof",Existing,All investigated economies (universal list),
0511.99.30,"Animal products chiefly used as food for animals or as ingredients in such food, nesoi",New,All investigated economies (universal list),
0602.10.00,Unrooted cuttings and slips of live plants,New,All investigated economies (universal list),
0701.10.00,"Seed potatoes, fresh or chilled",New,All investigated economies (universal list),
0702.00.20,"Tomatoes, fresh or chilled, if entered during the period from March 1 to July 14, or the period from September 1 to November 14 in any year",Existing,All investigated economies (universal list),
0702.00.40,"Tomatoes, fresh or chilled, if entered during the period from July 15 to August 31 in any year",Existing,All investigated economies (universal list),
0702.00.60,"Tomatoes, fresh or chilled, if entered during the period from November 15, in any year, to the last day of February of the following year",Existing,All investigated economies (universal list),
0709.99.05,"Jicamas and breadfruit, fresh or chilled",Existing,All investigated economies (universal list),
0709.99.10,"Chayote (Sechium edule), fresh or chilled",Existing,All investigated economies (universal list),
0710.80.15,"Bamboo shoots and water chestnuts (other than Chinese water chestnuts), uncooked or cooked by steaming or boiling in water, frozen",Existing,All investigated economies (universal list),
0711.90.30,"Capers, provisionally preserved but unsuitable in that state for immediate consumption",Existing,All investigated economies (universal list),
0712.32.00,"Dried wood ears (Auricularia spp.), whole, cut, sliced, broken or in powder, but not further prepared",Existing,All investigated economies (universal list),
0712.34.10,Air dried or sun dried shiitake,Existing,All investigated economies (universal list),
0712.34.20,Dried (other than air dried or sun dried) shiitake,Existing,All investigated economies (universal list),
0712.90.8550,Sweet corn seeds of a kind used for sowing,New,All investigated economies (universal list),
0713.10.10,Seeds of peas of a kind used for sowing,New,All investigated economies (universal list),
0713.20.10,Seeds of chickpeas (garbanzos) of a kind used for sowing,New,All investigated economies (universal list),
0713.31.10,Seeds of beans of a kind used for sowing,New,All investigated economies (universal list),
0713.32.10,Seeds of small red (adzuki) beans of a kind used for sowing,New,All investigated economies (universal list),
0713.33.10,"Seeds of kidney beans, including white pea beans of a kind used for sowing",New,All investigated economies (universal list),
0713.34.10,"Dried seeds of Bambara beans, of a kind used for sowing",New,All investigated economies (universal list),
0713.34.20,"Dried Bambara beans, shelled, if entered for consumption during the period from May 1 through August 31, inclusive, in any year",Existing,All investigated economies (universal list),
0713.34.40,"Dried Bambara beans, shelled, if entered for consumption outside the above period, or if withdrawn for consumption",Existing,All investigated economies (universal list),
0713.39.11,"Seeds of beans nesoi, of a kind used for sowing",New,All investigated economies (universal list),
0713.40.10,Lentil seeds of a kind used for sowing,New,All investigated economies (universal list),
0713.50.10,Seeds of broad beans and horse beans of a kind used for sowing,New,All investigated economies (universal list),
0713.60.10,"Dried pigeon pea seeds, of a kind used for sowing",New,All investigated economies (universal list),
0713.90.11,"Seeds of leguminous vegetables nesoi, of a kind used for sowing",New,All investigated economies (universal list),
0713.90.50,"Dried guar seeds, shelled",New,All investigated economies (universal list),
0714.10.10,"Cassava (manioc), frozen, whether or not sliced or in the form of pellets",Existing,All investigated economies (universal list),
0714.10.20,"Cassava (manioc), fresh, chilled or dried, whether or not sliced or in the form of pellets",Existing,All investigated economies (universal list),
0714.40.10,"Taro (Colocasia spp.), fresh or chilled, whether or not sliced or in the form of pellets",Existing,All investigated economies (universal list),
0714.40.20,"Taro (Colocasia spp.), frozen",Existing,All investigated economies (universal list),
0714.40.50,"Taro (Colocasia spp.), dried, in the form of pellets",Existing,All investigated economies (universal list),
0714.40.60,"Taro (Colocasia spp.), dried, whether or not sliced but not in pellets",Existing,All investigated economies (universal list),
0714.50.10,"Yautia (Xanthosoma spp.), fresh or chilled, whether or not sliced or in the form of pellets",Existing,All investigated economies (universal list),
0714.50.20,"Yautia (Xanthosoma spp.), frozen",Existing,All investigated economies (universal list),
0714.50.60,"Yautia (Xanthosoma spp.), dried, whether or not sliced but not in pellets",Existing,All investigated economies (universal list),
0714.90.42,"Other mixtures of Chinese water chestnuts, frozen",Existing,All investigated economies (universal list),
0714.90.44,"Chinese water chestnuts, not mixed, frozen",Existing,All investigated economies (universal list),
0714.90.46,"Frozen dasheens, arrowroot, salep, Jerusalem artichokes, and similar roots and tubers, nesoi",Existing,All investigated economies (universal list),
0714.90.48,"Chinese water chestnuts, dried",Existing,All investigated economies (universal list),
0714.90.61,"Dried dasheens, arrowroot, salep, Jerusalem artichokes, and similar roots and tubers nesoi, whether or not sliced but not in pellets",Existing,All investigated economies (universal list),
0801.11.00,"Coconuts, desiccated",Existing,All investigated economies (universal list),
0801.12.00,"Coconuts, fresh, in the inner shell (endocarp)",Existing,All investigated economies (universal list),
0801.19.01,"Coconuts, fresh, not in the inner shell (endocarp)",Existing,All investigated economies (universal list),
0801.21.00,"Brazil nuts, fresh or dried, in shell",Existing,All investigated economies (universal list),
0801.22.00,"Brazil nuts, fresh or dried, shelled",Existing,All investigated economies (universal list),
0801.31.00,"Cashew nuts, fresh or dried, in shell",Existing,All investigated economies (universal list),
0801.32.00,"Cashew nuts, fresh or dried, shelled",Existing,All investigated economies (universal list),
0802.41.00,"Chestnuts (Castanea spp.), fresh or dried, in shell",Existing,All investigated economies (universal list),
0802.42.00,"Chestnuts (Castanea spp.), fresh or dried, shelled",Existing,All investigated economies (universal list),
0802.61.00,"Macadamia nuts, in shell",Existing,All investigated economies (universal list),
0802.62.00,"Macadamia nuts, shelled",Existing,All investigated economies (universal list),
0802.70.10,"Kola nuts (Cola spp.), fresh or dried, in shell",Existing,All investigated economies (universal list),
0802.70.20,"Kola nuts (Cola spp.), fresh or dried, shelled",Existing,All investigated economies (universal list),
0802.80.10,"Areca nuts, fresh or dried, in shell",Existing,All investigated economies (universal list),
0802.80.20,"Areca nuts, fresh or dried, shelled",Existing,All investigated economies (universal list),
0802.91.10,"Pignolia pine nuts, fresh or dried, in shell",Existing,All investigated economies (universal list),
0802.91.90,"Pine nuts (other than Pignolia), fresh or dried, in shell",Existing,All investigated economies (universal list),
0802.92.10,"Pignolia pine nuts, fresh or dried, shelled",Existing,All investigated economies (universal list),
0802.92.90,"Pine nuts (other than Pignolia), fresh or dried, shelled",Existing,All investigated economies (universal list),
0803.10.10,"Plantains, fresh",Existing,All investigated economies (universal list),
0803.10.20,"Plantains, dried",Existing,All investigated economies (universal list),
0803.90.00,"Bananas, fresh or dried",Existing,All investigated economies (universal list),
0804.30.20,"Pineapples, fresh or dried, not reduced in size, in bulk",Existing,All investigated economies (universal list),
0804.30.40,"Pineapples, fresh or dried, not reduced in size, in crates or other packages",Existing,All investigated economies (universal list),
0804.30.60,"Pineapples, fresh or dried, reduced in size",Existing,All investigated economies (universal list),
0804.40.00,"Avocados, fresh or dried",Existing,All investigated economies (universal list),
0804.50.40,"Guavas, mangoes and mangosteens, fresh, if entered during the period September 1 through the following May 31, inclusive",Existing,All investigated economies (universal list),
0804.50.60,"Guavas, mangoes and mangosteens, fresh, if entered during the period June 1 through August 31, inclusive",Existing,All investigated economies (universal list),
0804.50.80,"Guavas, mangoes and mangosteens, dried",Existing,All investigated economies (universal list),
0805.10.00,"Oranges, fresh or dried",Existing,All investigated economies (universal list),
0805.50.30,"Tahitian limes, Persian limes and other limes of the Citrus latifolia variety, fresh or dried",Existing,All investigated economies (universal list),
0805.50.40,"Limes of the Citrus aurantifolia variety, nesoi, fresh or dried",Existing,All investigated economies (universal list),
0805.90.01,Etrogs,Existing,All investigated economies (universal list),Ex
0807.20.00,"Papayas (papaws), fresh",Existing,All investigated economies (universal list),
0808.40.20,"Quinces, fresh, if entered during the period from April 1 through June 30, inclusive",Existing,All investigated economies (universal list),
0808.40.40,"Quinces, fresh, if entered during the period from July 1 through the following March 31, inclusive",Existing,All investigated economies (universal list),
0810.50.00,"Kiwifruit, fresh",Existing,All investigated economies (universal list),
0810.60.00,"Durians, fresh",Existing,All investigated economies (universal list),
0810.90.27,"Other berries and tamarinds, fresh",Existing,All investigated economies (universal list),
0810.90.46,"Fruit, nesoi, fresh",Existing,All investigated economies (universal list),
0811.90.10,"Bananas and plantains, frozen, in water or containing added sweetening",Existing,All investigated economies (universal list),
0811.90.25,"Cashew apples, mameyes colorados, sapodillas, soursops and sweetsops, frozen, in water or containing added sweetening",Existing,All investigated economies (universal list),
0811.90.30,"Coconut meat, frozen, in water or containing added sweetening",Existing,All investigated economies (universal list),
0811.90.40,"Papayas, frozen, in water or containing added sweetening",Existing,All investigated economies (universal list),
0811.90.50,"Pineapples, frozen, in water or containing added sweetening",Existing,All investigated economies (universal list),
0811.90.52,"Mangoes, frozen, whether or not previously steamed or boiled",Existing,All investigated economies (universal list),
0811.90.80,"Tropical fruit, nesoi, frozen, whether or not previously steamed or boiled",Existing,All investigated economies (universal list),Ex
0812.90.40,"Pineapples, provisionally preserved, but unsuitable in that state for immediate consumption",Existing,All investigated economies (universal list),
0901.11.00,"Coffee, not roasted, not decaffeinated",Existing,All investigated economies (universal list),
0901.12.00,"Coffee, not roasted, decaffeinated",Existing,All investigated economies (universal list),
0901.21.00,"Coffee, roasted, not decaffeinated",Existing,All investigated economies (universal list),
0901.22.00,"Coffee, roasted, decaffeinated",Existing,All investigated economies (universal list),
0901.90.10,Coffee husks and skins,Existing,All investigated economies (universal list),
0901.90.20,Coffee substitutes containing coffee,Existing,All investigated economies (universal list),
0902.10.10,"Green tea in immediate packings of a content not exceeding 3 kg, flavored",Existing,All investigated economies (universal list),
0902.10.90,"Green tea in immediate packings of a content not exceeding 3 kg, not flavored",Existing,All investigated economies (universal list),
0902.20.10,"Green tea in immediate packings of a content exceeding 3 kg, flavored",Existing,All investigated economies (universal list),
0902.20.90,"Green tea in immediate packings of a content exceeding 3 kg, not flavored",Existing,All investigated economies (universal list),
0902.30.00,"Black tea (fermented) and partly fermented tea, in immediate packings of a content not exceeding 3 kg",Existing,All investigated economies (universal list),
0902.40.00,"Black tea (fermented) and partly fermented tea, other than in immediate packings of a content not exceeding 3 kg",Existing,All investigated economies (universal list),
0903.00.00,Maté,Existing,All investigated economies (universal list),
0904.11.00,"Pepper of the genus Piper, neither crushed nor ground",Existing,All investigated economies (universal list),
0904.12.00,"Pepper of the genus Piper, crushed or ground",Existing,All investigated economies (universal list),
0904.21.20,"Paprika, dried, neither crushed nor ground",Existing,All investigated economies (universal list),
0904.21.40,"Anaheim and ancho pepper, dried, neither crushed nor ground",Existing,All investigated economies (universal list),
0904.21.60,"Fruits of the genus Capsicum, other than paprika or anaheim and ancho pepper, dried, neither crushed nor ground",Existing,All investigated economies (universal list),
0904.21.80,"Fruits of the genus Pimenta (including allspice), dried",Existing,All investigated economies (universal list),
0904.22.20,"Paprika, crushed or ground",Existing,All investigated economies (universal list),
0904.22.40,"Anaheim and ancho pepper, crushed or ground",Existing,All investigated economies (universal list),
0904.22.73,"Mixtures of mashed or macerated hot red peppers and salt, nesoi",Existing,All investigated economies (universal list),
0904.22.76,"Fruits of the genus Capsicum, crushed or ground, nesoi",Existing,All investigated economies (universal list),
0904.22.80,"Fruits of the genus Pimenta (including allspice), crushed or ground",Existing,All investigated economies (universal list),
0905.10.00,"Vanilla beans, neither crushed nor ground",Existing,All investigated economies (universal list),
0905.20.00,"Vanilla beans, crushed or ground",Existing,All investigated economies (universal list),
0906.11.00,"Cinnamon (Cinnamomum zeylanicum Blume), neither crushed nor ground",Existing,All investigated economies (universal list),
0906.19.00,"Cinnamon and cinnamon-tree flowers, nesoi, neither crushed nor ground",Existing,All investigated economies (universal list),
0906.20.00,"Cinnamon and cinnamon-tree flowers, crushed or ground",Existing,All investigated economies (universal list),
0907.10.00,"Cloves (whole fruit, cloves and stems), neither crushed nor ground",Existing,All investigated economies (universal list),
0907.20.00,"Cloves (whole fruit, cloves and stems), crushed or ground",Existing,All investigated economies (universal list),
0908.11.00,"Nutmeg, neither crushed nor ground",Existing,All investigated economies (universal list),
0908.12.00,"Nutmeg, crushed or ground",Existing,All investigated economies (universal list),
0908.21.00,"Mace, neither crushed nor ground",Existing,All investigated economies (universal list),
0908.22.20,"Mace, ground, Bombay or wild",Existing,All investigated economies (universal list),
0908.22.40,"Mace, crushed or ground, other than ground Bombay or wild mace",Existing,All investigated economies (universal list),
0908.31.00,"Cardamoms, neither crushed nor ground",Existing,All investigated economies (universal list),
0908.32.00,"Cardamoms, crushed or ground",Existing,All investigated economies (universal list),
0909.21.00,"Seeds of coriander, neither crushed nor ground",Existing,All investigated economies (universal list),
0909.22.00,"Seeds of coriander, crushed or ground",Existing,All investigated economies (universal list),
0909.31.00,"Seeds of cumin, neither crushed nor ground",Existing,All investigated economies (universal list),
0909.32.00,"Seeds of cumin, crushed or ground",Existing,All investigated economies (universal list),
0909.61.00,"Seeds of anise, badian, caraway or fennel; juniper berries; neither crushed nor ground",Existing,All investigated economies (universal list),
0909.62.00,"Seeds of anise, badian, caraway or fennel; juniper berries; crushed or ground",Existing,All investigated economies (universal list),
0910.11.00,"Ginger, neither crushed nor ground",Existing,All investigated economies (universal list),
0910.12.00,"Ginger, crushed or ground",Existing,All investigated economies (universal list),
0910.20.00,Saffron,Existing,All investigated economies (universal list),
0910.30.00,Turmeric (curcuma),Existing,All investigated economies (universal list),
0910.91.00,Mixtures of spices referred to in note 1(b) to chapter 9 of the HTSUS,Existing,All investigated economies (universal list),
0910.99.07,"Bay leaves, other than crude or not manufactured",Existing,All investigated economies (universal list),
0910.99.10,Curry,Existing,All investigated economies (universal list),
0910.99.20,"Origanum, crude or not manufactured",Existing,All investigated economies (universal list),
0910.99.40,"Origanum, other than crude or not manufactured",Existing,All investigated economies (universal list),
0910.99.50,Dill,Existing,All investigated economies (universal list),
0910.99.60,"Spices, nesoi",Existing,All investigated economies (universal list),
1001.11.00,"Durum wheat, seed",New,All investigated economies (universal list),
1001.91.00,"Seed of wheat and meslin, other than durum wheat",New,All investigated economies (universal list),
1002.10.00,"Rye, seed",New,All investigated economies (universal list),
1003.10.00,"Barley, seed",New,All investigated economies (universal list),
1003.90.40,"Barley, not seed, other than for malting purposes",Existing,All investigated economies (universal list),
1004.10.00,"Oats, seed",New,All investigated economies (universal list),
1005.10.00,Seed corn (maize),New,All investigated economies (universal list),
1007.10.00,"Grain sorghum, seed",New,All investigated economies (universal list),
1008.21.00,"Millet, seed",New,All investigated economies (universal list),
1008.30.00,Canary seed,Existing,All investigated economies (universal list),
1008.40.00,Fonio (Digitaria spp.),Existing,All investigated economies (universal list),
1008.60.00,Triticale,Existing,All investigated economies (universal list),
1106.20.90,"Flour, meal and powder of sago, or of roots or tubers of heading 0714 (excluding Chinese water chestnuts)",Existing,All investigated economies (universal list),
1106.30.20,"Flour, meal and powder of banana and plantain",Existing,All investigated economies (universal list),
1108.14.00,Cassava (manioc) starch,Existing,All investigated economies (universal list),
1108.19.00,"Starches other than wheat, corn (maize), potato or cassava (manioc) starches",Existing,All investigated economies (universal list),
1201.10.00,"Soybeans, whether or not broken, seed",New,All investigated economies (universal list),
1202.30.05,"Peanuts (ground-nuts), seed, not roasted or cooked, shelled, subject to gen note 15 of the HTS",New,All investigated economies (universal list),
1202.30.40,"Peanuts (ground-nuts), seed, not roasted or cooked, shelled, subject to add. US note 2 to Ch.12",New,All investigated economies (universal list),
1202.30.80,"Peanuts (ground-nuts), seed, not roasted or cooked, shelled, not subject to gen note 15 or add. US note 2 to Ch.12",New,All investigated economies (universal list),
1203.00.00,Copra,Existing,All investigated economies (universal list),
1204.00.0010,"Flaxseed (linseed), whether or not broken, for sowing",New,All investigated economies (universal list),
1205.10.0010,"Low erucic acid rape or colza seeds, for sowing",New,All investigated economies (universal list),
1205.90.0010,"Rape or colza seeds (other than of low erucic acid), whether or not broken, for sowing",New,All investigated economies (universal list),
1206.00.0031,"Sunflower seeds, whether or not broken, for sowing",New,All investigated economies (universal list),
1207.21.00,"Cotton seeds, whether or not broken, seed for sowing",New,All investigated economies (universal list),
1207.30.00,"Castor oil seeds, for sowing",New,All investigated economies (universal list),Ex
1207.40.00,"Sesame seeds, whether or not broken, for sowing",New,All investigated economies (universal list),Ex
1207.50.00,"Mustard seeds, whether or not broken, for sowing",New,All investigated economies (universal list),Ex
1207.60.00,"Safflower (Carthamus tintorius) seeds, for sowing",New,All investigated economies (universal list),Ex
1207.70.00,Melon seeds,New,All investigated economies (universal list),
1207.91.00,"Poppy seeds, whether or not broken",Existing,All investigated economies (universal list),
1207.99.03,"Other oil seeds and oleaginous fruits whether or not broken, including niger seeds, hemp seeds and seeds nesoi, for sowing",New,All investigated economies (universal list),Ex
1209.10.00,Sugar beet seeds of a kind used for sowing,New,All investigated economies (universal list),
1209.21.00,Alfalfa (lucerne) seed of a kind used for sowing,New,All investigated economies (universal list),
1209.22.20,White and ladino clover seeds of a kind used for sowing,New,All investigated economies (universal list),
1209.22.40,"Clover seeds, other than white and ladino, of a kind used for sowing",New,All investigated economies (universal list),
1209.23.00,Fescue seeds of a kind used for sowing,New,All investigated economies (universal list),
1209.24.00,Kentucky blue grass seeds of a kind used for sowing,New,All investigated economies (universal list),
1209.25.00,Rye grass seeds of a kind used for sowing,New,All investigated economies (universal list),
1209.29.10,"Beet seed, other than sugar beet seed, of a kind used for sowing",New,All investigated economies (universal list),
1209.29.91,"Seeds of forage plants of a kind used for sowing, not elsewhere specified or included",New,All investigated economies (universal list),
1209.30.00,Seeds of herbaceous plants cultivated principally for their flowers,New,All investigated economies (universal list),
1209.91.10,Cauliflower seeds of a kind used for sowing,New,All investigated economies (universal list),
1209.91.20,Celery seeds of a kind used for sowing,New,All investigated economies (universal list),
1209.91.40,Onion seeds of a kind used for sowing,New,All investigated economies (universal list),
1209.91.50,Parsley seeds of a kind used for sowing,New,All investigated economies (universal list),
1209.91.60,Pepper seeds of a kind used for sowing,New,All investigated economies (universal list),
1209.91.80,"Vegetable seeds, nesoi, of a kind used for sowing",New,All investigated economies (universal list),
1209.99.20,Tree and shrub seeds of a kind used for sowing,New,All investigated economies (universal list),
1209.99.41,"Seeds, fruits and spores, of a kind used for sowing, nesoi",New,All investigated economies (universal list),
1404.90.90,Other vegetable materials nesoi,Existing,All investigated economies (universal list),
1513.11.00,"Coconut (copra) oil and its fractions, crude oil",Existing,All investigated economies (universal list),
1513.19.00,"Coconut (copra) oil and its fractions, other",Existing,All investigated economies (universal list),
1521.10.00,"Vegetable waxes (other than triglycerides), whether or not refined or colored",Existing,All investigated economies (universal list),
1521.90.20,Bleached beeswax,Existing,All investigated economies (universal list),
1602.50.05,"Offal of bovine animals, prepared or preserved",Existing,All investigated economies (universal list),
1602.50.07,Corned beef in airtight containers,Existing,All investigated economies (universal list),
1602.50.08,"Offal of bovine animals, cured or pickled, not corned beef, not in airtight containers",Existing,All investigated economies (universal list),
1602.50.21,"Offal of bovine animals, other, in airtight containers",Existing,All investigated economies (universal list),
1602.50.60,"Prepared or preserved meat of bovine animals, not containing cereals or vegetables, nesoi",Existing,All investigated economies (universal list),
1602.50.90,"Prepared or preserved meat of bovine animals, containing cereals or vegetables",Existing,All investigated economies (universal list),
1701.12.10,"Beet sugar, raw, in solid form, w/o added flavoring or coloring, subject to add. US 5 to Ch.17",New,All investigated economies (universal list),
1701.13.10,"Cane sugar, raw, specified in subheading 2 and subject to add'l note 5 to this chapter, in solid form, w/o added flavoring or coloring",New,All investigated economies (universal list),
1701.14.10,"Other cane sugar, raw, in solid form, w/o added flavoring or coloring, subject to add. US 5 to Ch.17",New,All investigated economies (universal list),
1701.91.10,"Cane/beet sugar & pure sucrose, refined, solid, w/added coloring but not flav., subject to add. US 5 to Ch.17",New,All investigated economies (universal list),
1701.99.10,"Cane/beet sugar & pure sucrose, refined, solid, w/o added coloring or flavoring, subject to add. US 5 to Ch.17",New,All investigated economies (universal list),
1702.90.10,"Cane/beet sugars & syrups (incl. invert sugar); nesoi, w/soluble non-sugar solids 6% or less soluble solids, subj Ch17 US note 5",New,All investigated economies (universal list),
1801.00.00,"Cocoa beans, whole or broken, raw or roasted",Existing,All investigated economies (universal list),
1802.00.00,"Cocoa shells, husks, skins and other cocoa waste",Existing,All investigated economies (universal list),
1803.10.00,"Cocoa paste, not defatted",Existing,All investigated economies (universal list),
1803.20.00,"Cocoa paste, wholly or partly defatted",Existing,All investigated economies (universal list),
1804.00.00,"Cocoa butter, fat and oil",Existing,All investigated economies (universal list),
1805.00.00,"Cocoa powder, not containing added sugar or other sweetening matter",Existing,All investigated economies (universal list),
1903.00.20,"Tapioca and substitutes prepared from starch, of arrowroot, cassava or sago, in the form of flakes, grains, pearls, siftings or in similar forms",Existing,All investigated economies (universal list),
1903.00.40,"Tapioca and substitutes, prepared from starch nesoi, in the form of flakes, grains, pearls, siftings or in similar forms",Existing,All investigated economies (universal list),
1905.90.10,"Bread, pastry, cakes, biscuits and similar baked products, nesoi, and puddings, whether or not containing chocolate, fruit, nuts or confectionery, for religious purposes only",Existing,All investigated economies (universal list),Ex
1905.90.90,"Bakers’ wares, communion wafers, sealing wafers, rice paper and similar products, nesoi, for religious purposes only",Existing,All investigated economies (universal list),Ex
2001.90.45,"Mangoes, prepared or preserved by vinegar or acetic acid",Existing,All investigated economies (universal list),
2005.91.60,"Bamboo shoots in airtight containers, prepared or preserved otherwise than by vinegar or acetic acid, not frozen, not preserved by sugar",Existing,All investigated economies (universal list),
2006.00.40,"Pineapples, preserved by sugar (drained, glacé or crystallized)",Existing,All investigated economies (universal list),
2007.99.40,Pineapple jam,Existing,All investigated economies (universal list),
2007.99.50,"Guava and mango pastes and purees, being cooked preparations",Existing,All investigated economies (universal list),
2008.19.15,"Coconuts, otherwise prepared or preserved, nesoi",Existing,All investigated economies (universal list),
2008.20.00,"Pineapples, otherwise prepared or preserved, nesoi",Existing,All investigated economies (universal list),
2008.30.35,Orange pulp,New,All investigated economies (universal list),
2008.91.00,"Palm hearts, otherwise prepared or preserved, nesoi",Existing,All investigated economies (universal list),
2008.99.13,"Banana pulp, otherwise prepared or preserved, nesoi",Existing,All investigated economies (universal list),
2008.99.15,"Bananas, other than pulp, otherwise prepared or preserved, nesoi",Existing,All investigated economies (universal list),
2008.99.21,Acai,Existing,All investigated economies (universal list),Ex
2008.99.40,"Mangoes, otherwise prepared or preserved, nesoi",Existing,All investigated economies (universal list),
2008.99.45,"Papaya pulp, otherwise prepared or preserved, nesoi",Existing,All investigated economies (universal list),
2008.99.91,"Bean cake, bean stick, miso, other fruit, nuts and other edible parts of plants, prepared or preserved",Existing,All investigated economies (universal list),
2009.11.00,"Orange juice, frozen, unfermented and not containing added spirit",Existing,All investigated economies (universal list),
2009.12.25,"Orange juice, not frozen, of a Brix value not exceeding 20, not concentrated and not made from juice having a degree of concentration of 1.5 or more, unfermented",Existing,All investigated economies (universal list),
2009.12.45,"Orange juice, not frozen, of a Brix value not exceeding 20, concentrated, unfermented",Existing,All investigated economies (universal list),
2009.19.00,"Orange juice, not frozen, of a Brix value exceeding 20, unfermented",Existing,All investigated economies (universal list),
2009.31.60,"Citrus juice of any single citrus fruit (other than orange, grapefruit or lime), of a Brix value not exceeding 20, concentrated, unfermented, except for lemon juice",Existing,All investigated economies (universal list),Ex
2009.39.20,"Lime juice, of a Brix value exceeding 20, fit for beverage purposes, unfermented",Existing,All investigated economies (universal list),
2009.49.40,"Pineapple juice, of a Brix value exceeding 20, concentrated (in degree of concentration greater than 3.5)",Existing,All investigated economies (universal list),
2009.89.70,Coconut water or juice of acai,Existing,All investigated economies (universal list),Ex
2009.90.40,"Coconut water juice blends, not from concentrate, packaged for retail sale",Existing,All investigated economies (universal list),Ex
2101.11.21,"Instant coffee, not flavored",New,All investigated economies (universal list),
2101.11.29,"Extracts, essences and concentrates of coffee other than unflavored instant coffee",Existing,All investigated economies (universal list),
2101.12.90,"Preparations nesoi, with a basis of extracts, essences or concentrates or with a basis of coffee",Existing,All investigated economies (universal list),
2101.20.20,"Extracts, essences or concentrates of tea or mate",Existing,All investigated economies (universal list),
2106.90.44,"Syrups from cane/beet sugar, neosi, w/added coloring but not added flavoring, subject to add US note 5 to Ch. 17, not GN15",New,All investigated economies (universal list),
2106.90.48,"Orange juice, fortified with vitamins or minerals",Existing,All investigated economies (universal list),
2106.90.99,Acai preparations for the manufacture of beverages,Existing,All investigated economies (universal list),Ex
2202.99.30,"Orange juice, fortified with vitamins or minerals, not made from a juice having a degree of concentration of 1.5 or more",Existing,All investigated economies (universal list),
2202.99.35,"Orange juice, fortified with vitamins or minerals, nesoi",Existing,All investigated economies (universal list),
2503.00.00,"Sulfur of all kinds, other than sublimed, precipitated and colloidal sulfur",New,All investigated economies (universal list),
2504.10.10,"Natural graphite, crystalline flake (not including flake dust)",Existing,All investigated economies (universal list),
2504.10.50,Natural graphite in powder or flakes other than crystalline flake,Existing,All investigated economies (universal list),
2504.90.00,"Natural graphite, other than in powder or in flakes",Existing,All investigated economies (universal list),
2510.10.00,"Natural calcium phosphates, natural aluminum calcium phosphates, unground",Existing,All investigated economies (universal list),
2510.20.00,"Natural calcium phosphates, natural aluminum calcium phosphates, ground",Existing,All investigated economies (universal list),
2511.10.10,"Natural barium sulfate (barytes), ground",Existing,All investigated economies (universal list),
2511.10.50,"Natural barium sulfate (barytes), not ground",Existing,All investigated economies (universal list),
2519.10.00,Natural magnesium carbonate (magnesite),Existing,All investigated economies (universal list),
2519.90.10,"Fused magnesia; dead-burned (sintered) magnesia, whether or not containing small quantities of other oxides added before sintering",Existing,All investigated economies (universal list),
2519.90.20,Caustic calcined magnesite,Existing,All investigated economies (universal list),
2524.90.00,Asbestos other than crocidolite,Existing,All investigated economies (universal list),
2529.21.00,"Fluorspar, containing by weight 97 percent or less of calcium fluoride",Existing,All investigated economies (universal list),
2529.22.00,"Fluorspar, containing by weight more than 97 percent of calcium fluoride",Existing,All investigated economies (universal list),
2530.20.10,Kieserite,Existing,All investigated economies (universal list),
2530.20.20,Epsom salts (natural magnesium sulfates),Existing,All investigated economies (universal list),
2530.90.10,Natural cryolite; natural chiolite,Existing,All investigated economies (universal list),
2530.90.20,Natural micaceous iron oxides,Existing,All investigated economies (universal list),
2530.90.80,"Other mineral substances, nesoi",Existing,All investigated economies (universal list),
2601.11.00,Non-agglomerated iron ores and concentrates,New,All investigated economies (universal list),
2601.20.00,Agglomerated iron ores and concentrates,New,All investigated economies (universal list),
2602.00.00,Manganese ores and concentrates including ferruginous manganese ores and concentrates with manganese content over 20 percent calculated on the dry weight,Existing,All investigated economies (universal list),
2603.00.00,Copper ores and concentrates,Existing,All investigated economies (universal list),
2604.00.00,Nickel ores and concentrates,Existing,All investigated economies (universal list),
2605.00.00,Cobalt ores and concentrates,Existing,All investigated economies (universal list),
2606.00.00,Aluminum ores and concentrates,Existing,All investigated economies (universal list),
2608.00.00,Zinc ores and concentrates,Existing,All investigated economies (universal list),
2609.00.00,Tin ores and concentrates,Existing,All investigated economies (universal list),
2610.00.00,Chromium ores and concentrates,Existing,All investigated economies (universal list),
2611.00.30,Tungsten ores,Existing,All investigated economies (universal list),
2611.00.60,Tungsten concentrates,Existing,All investigated economies (universal list),
2612.10.00,Uranium ores and concentrates,Existing,All investigated economies (universal list),
2612.20.00,Thorium ores and concentrates,Existing,All investigated economies (universal list),
2613.90.00,"Molybdenum ores and concentrates, not roasted",Existing,All investigated economies (universal list),
2614.00.30,Synthetic rutile,Existing,All investigated economies (universal list),
2614.00.60,"Titanium ores and concentrates, other than synthetic rutile",Existing,All investigated economies (universal list),
2615.90.30,Synthetic tantalum-niobium concentrates,Existing,All investigated economies (universal list),
2615.90.60,"Niobium, tantalum or vanadium ores and concentrates, nesoi",Existing,All investigated economies (universal list),
2616.10.00,Silver ores and concentrates,Existing,All investigated economies (universal list),
2617.10.00,Antimony ores and concentrates,Existing,All investigated economies (universal list),
2620.30.00,"Ash and residues (other than from the manufacture of iron or steel), containing mainly copper",Existing,All investigated economies (universal list),
2620.99.50,"Slag (other than from the manufacture of iron or steel) containing over 40 percent titanium, and which if containing over 2 percent by weight of copper, lead, or zinc is not to be treated for the recovery thereof",Existing,All investigated economies (universal list),
2701.11.00,"Coal, anthracite, whether or not pulverized, but not agglomerated",Existing,All investigated economies (universal list),
2701.12.00,"Coal, bituminous, whether or not pulverized, but not agglomerated",Existing,All investigated economies (universal list),
2701.19.00,"Coal, other than anthracite or bituminous, whether or not pulverized, but not agglomerated",Existing,All investigated economies (universal list),
2701.20.00,"Coal, briquettes, ovoids and similar solid fuels manufactured from coal",Existing,All investigated economies (universal list),
2702.10.00,"Lignite (excluding jet), whether or not pulverized, but not agglomerated",Existing,All investigated economies (universal list),
2702.20.00,"Lignite (excluding jet), agglomerated",Existing,All investigated economies (universal list),
2703.00.00,"Peat (including peat litter), whether or not agglomerated",Existing,All investigated economies (universal list),
2704.00.00,"Coke and semicoke of coal, lignite or peat, whether or not agglomerated; retort carbon",Existing,All investigated economies (universal list),
2705.00.00,"Coal gas, water gas, producer gas and similar gases, other than petroleum gases and other gaseous hydrocarbons",Existing,All investigated economies (universal list),
2706.00.00,"Tars (including reconstituted tars), distilled from coal, lignite or peat, and other mineral tars, whether dehydrated or partially distilled",Existing,All investigated economies (universal list),
2707.10.00,"Benzene, from the distillation of high-temperature coal tar, or in which the weight of the aromatic constituents exceeds that of the nonaromatic constituents",Existing,All investigated economies (universal list),
2707.20.00,"Toluene, from the distillation of high-temperature coal tar, or in which the weight of aromatic constituents exceeds that of the nonaromatic constituents",Existing,All investigated economies (universal list),
2707.30.00,"Xylenes, from the distillation of high-temperature coal tar, or in which the weight of the aromatic constituents exceeds that of the nonaromatic constituents",Existing,All investigated economies (universal list),
2707.40.00,"Naphthalene, from the distillation of high- temperature coal tar, or in which the weight of the aromatic constituents exceeds that of the nonaromatic constituents",Existing,All investigated economies (universal list),
2707.50.00,"Aromatic hydrocarbon mixtures (from the distillation of high-temperature coal tar, or similar products in which the weight of the aromatic constituents exceeds that of the nonaromatic constituents), other than Benzene, Toluene, Xylenes, and Naphathalene, in which 65% or more by volume (including losses) distills at 250 C by the ISO 3405 method (equivalent to the ASTM D 86 method)",Existing,All investigated economies (universal list),
2707.91.00,"Creosote oils, from the distillation of high- temperature coal tar or similar products in which the weight of the aromatic constituents exceeds that of the nonaromatic constituents",Existing,All investigated economies (universal list),
2707.99.10,"Light oil, from the distillation of high-temperature coal tar or similar products in which the weight of the aromatic constituents exceeds that of the nonaromatic constituents",Existing,All investigated economies (universal list),
2707.99.20,"Picolines, from the distillation of high-temperature coal tar or similar products in which the weight of the aromatic constituents exceeds that of the nonaromatic constituents",Existing,All investigated economies (universal list),
2707.99.40,"Carbazole, from the distillation of high-temperature coal tar or similar products in which the weight of the aromatic constituents exceeds that of the nonaromatic constituents, having a purity of 65 percent or more by weight",Existing,All investigated economies (universal list),
2707.99.51,"Phenols, from the distillation of high-temperature coal tar or similar products in which the weight of aromatic constituents exceeds that of nonaromatic constituents, containing more than 50 percent by weight of hydroxybenzene",Existing,All investigated economies (universal list),
2707.99.55,"Metacresol, orthocresol, paracresol, and metaparacresol, from the distillation of high- temperature coal tar or similar products where the weight of the aromatic constituents exceeds that of the nonaromatic constituents, having a purity of 75 percent or more by weight",Existing,All investigated economies (universal list),
2707.99.59,"Phenols, nesoi",Existing,All investigated economies (universal list),
2707.99.90,"Other products of the distillation of high-temperature coal tar and similar products in which the weight of the aromatic constituents exceed that of the nonaromatic constituents, nesoi",Existing,All investigated economies (universal list),
2708.10.00,"Pitch, obtained from coal tar or other mineral tars",Existing,All investigated economies (universal list),
2708.20.00,"Pitch coke, obtained from coal tar or other mineral tars",Existing,All investigated economies (universal list),
2709.00.10,"Petroleum oils and oils from bituminous minerals, crude, testing under 25 degrees A.P.I.",Existing,All investigated economies (universal list),
2709.00.20,"Petroleum oils and oils from bituminous minerals, crude, testing 25 degrees A.P.I. or more",Existing,All investigated economies (universal list),
2710.12.15,Light oil motor fuel from petroleum oils and oils from bituminous minerals (other than crude) and containing by weight 70 percent or more of petroleum oils or oils from bituminous minerals,Existing,All investigated economies (universal list),
2710.12.18,Light oil motor fuel blending stock from petroleum oils and oils from bituminous minerals (other than crude) containing by weight 70 percent or more from petroleum oils or oils from bituminous minerals,Existing,All investigated economies (universal list),
2710.12.25,Naphthas (except motor fuel or motor fuel blending stock),Existing,All investigated economies (universal list),
2710.12.45,Light oil mixtures of hydrocarbons nesoi which contain by weight not over 50 percent of any single hydrocarbon compound,Existing,All investigated economies (universal list),
2710.12.90,"Light oils and preparations, from petroleum oils and oils from bituminous minerals or preparations nesoi",Existing,All investigated economies (universal list),
2710.19.06,"Distillate and residual fuel oils (including blended fuel oils), derived from petroleum or oils from bituminous minerals, testing under 25 degrees A.P.I.",Existing,All investigated economies (universal list),
2710.19.11,"Distillate and residual fuel oils (including blended fuel oils), derived from petroleum oils or oils from bituminous minerals, testing 25 degrees A.P.I. or more",Existing,All investigated economies (universal list),
2710.19.16,"Kerosene-type jet fuel, from petroleum oils and oils of bituminous minerals (other than crude) or preparations containing by weight 70 percent or more of petroleum oils or oils obtained from bituminous minerals",Existing,All investigated economies (universal list),
2710.19.24,"Kerosene motor fuel (except kerosene-type jet fuel), from petroleum oils and oils of bituminous minerals (other than crude) or preparations containing by weight 70 percent or more of petroleum oils or oils obtained from bituminous minerals",Existing,All investigated economies (universal list),
2710.19.25,"Kerosene motor fuel blending stock (except kerosene-type jet fuel), from petroleum oils and oils of bituminous minerals (other than crude) or preparations containing by weight 70 percent or more of petroleum oils or oils obtained from bituminous minerals",Existing,All investigated economies (universal list),
2710.19.26,"Kerosene (except kerosene-type jet fuel, kerosene motor fuel, and kerosene motor fuel blending stock), from petroleum oils and oils of bituminous minerals (other than crude) or preparations containing by weight 70 percent or more of petroleum oils or oils obtained from bituminous minerals",Existing,All investigated economies (universal list),
2710.19.30,"Lubricating oils, with or without additives, from petroleum oils and oils of bituminous minerals (other than crude) or preparations containing by weight 70 percent or more of petroleum oils or oils obtained from bituminous minerals",Existing,All investigated economies (universal list),
2710.19.35,"Lubricating greases, containing not over 10 percent by weight of salts of fatty acids of animal or vegetable origin, from petroleum oils and oils of bituminous minerals (other than crude) or preparations containing by weight 70 percent or",Existing,All investigated economies (universal list),
2710.19.40,"Lubricating greases, containing 10 percent or more by weight of salts of fatty acids of animal or vegetable origin, from petroleum oils and oils of bituminous minerals (other than crude) or preparations containing by weight 70 percent or more of petroleum oils or oils obtained from bituminous minerals",Existing,All investigated economies (universal list),
2710.19.45,"Mixture of hydrocarbons nesoi, which contain by weight not over 50 percent of any single hydrocarbon compound, from petroleum oils and oils of bituminous minerals (other than crude) or preparations containing by weight 70 percent or more of petroleum oils or oils obtained from bituminous minerals",Existing,All investigated economies (universal list),
2710.19.90,Petroleum oils and oils from bituminous minerals or preparations nesoi containing by weight 70 percent or more of petroleum oils or oils obtained from bituminous minerals,Existing,All investigated economies (universal list),
2710.20.05,"Distillate and residual fuel oils (including blended fuel oils), testing under 25 degrees A.P.I., from petroleum oils and oils of bituminous minerals (other than crude) or preparations nesoi containing by weight 70 percent or more of petroleum oils or oils obtained from bituminous minerals, containing biodiesel, other than waste oils",Existing,All investigated economies (universal list),
2710.20.10,"Distillate and residual fuel oils (including blended fuel oils), testing 25 degrees A.P.I. or more, from petroleum oils and oils of bituminous minerals (other than crude) or preparations nesoi containing by weight 70 percent or more of petroleum oils or oils obtained from bituminous minerals, containing biodiesel, and other than waste oils",Existing,All investigated economies (universal list),
2710.20.15,"Kerosene-type jet fuel, motor fuel or motor fuel blending stock, from petroleum oils and oils of bituminous minerals (other than crude) or preparations nesoi containing by weight 70 percent or more of petroleum oils or oils obtained from bituminous minerals, containing biodiesel, and other than waste oils",Existing,All investigated economies (universal list),
2710.20.25,"Kerosene (except kerosene-type jet fuel, motor fuel or motor fuel blending stock, from petroleum oils",Existing,All investigated economies (universal list),
2710.91.00,"Waste oils containing polychlorinated biphenyls (PCBs), polychlorinated terphenyls (PCTs) or polybrominated biphenyls (PBBs)",Existing,All investigated economies (universal list),
2710.99.05,"Wastes of distillate and residual fuel oil (including blends) derived from petroleum oil or bituminous minerals, testing under 25 degrees A.P.I.",Existing,All investigated economies (universal list),
2710.99.10,"Wastes of distillate and residual fuel oil (including blends) derived from petroleum oil or bituminous minerals, testing 25 degrees A.P.I. or more",Existing,All investigated economies (universal list),
2710.99.16,Waste motor fuel or motor fuel blending stock,Existing,All investigated economies (universal list),
2710.99.21,Waste kerosene or naphthas,Existing,All investigated economies (universal list),
2710.99.31,"Waste lubricating oils, with or without additives",Existing,All investigated economies (universal list),
2710.99.32,"Waste lubricating greases, containing not over 10 percent by weight of fatty acids of animal (including marine animal) or vegetable origin",Existing,All investigated economies (universal list),
2710.99.39,Other wastes of lubricating oils and greases,Existing,All investigated economies (universal list),
2710.99.45,Waste oil mixtures of hydrocarbons nesoi containing not over 50 percent of any single hydrocarbon compound,Existing,All investigated economies (universal list),
2710.99.90,Other waste oils,Existing,All investigated economies (universal list),
2711.11.00,"Natural gas, liquefied",Existing,All investigated economies (universal list),
2711.12.00,"Propane, liquefied",Existing,All investigated economies (universal list),
2711.13.00,"Butanes, liquefied",Existing,All investigated economies (universal list),
2711.14.00,"Ethylene, propylene, butylene and butadiene, liquefied",Existing,All investigated economies (universal list),
2711.19.00,"Liquefied petroleum gases and other gaseous hydrocarbons, nesoi",Existing,All investigated economies (universal list),
2711.21.00,"Natural gas, in gaseous state",Existing,All investigated economies (universal list),
2711.29.00,"Petroleum gases and other gaseous hydrocarbons, except natural gas",Existing,All investigated economies (universal list),
2712.10.00,Petroleum jelly,Existing,All investigated economies (universal list),
2712.20.00,"Paraffin wax (whether or not colored), obtained by synthesis or other process and less than 0.75 percent oil by weight",Existing,All investigated economies (universal list),
2712.90.10,"Montan wax (whether or not colored), obtained by synthesis or other process",Existing,All investigated economies (universal list),
2712.90.20,"Mineral waxes (i.e., paraffin wax with 0.75 percent or more oil by weight, microcrystalline wax, slack lignite and peat waxes, ozokerite), obtained by synthesis",Existing,All investigated economies (universal list),
2713.11.00,"Coke, petroleum, not calcined",Existing,All investigated economies (universal list),
2713.12.00,"Coke, petroleum coke, calcined",Existing,All investigated economies (universal list),
2713.20.00,Petroleum bitumen,Existing,All investigated economies (universal list),
2713.90.00,Residues (except petroleum coke or petroleum bitumen) of petroleum oils or of oils obtained from bituminous materials,Existing,All investigated economies (universal list),
2714.10.00,Bituminous or oil shale and tar sands,Existing,All investigated economies (universal list),
2714.90.00,"Bitumen and asphalt, natural; asphaltites and asphaltic rocks",Existing,All investigated economies (universal list),
2715.00.00,"Bituminous mixtures based on natural asphalt, natural bitumen, petroleum bitumen, mineral tar or mineral tar pitch",Existing,All investigated economies (universal list),
2716.00.00,Electrical energy,Existing,All investigated economies (universal list),
2801.20.00,Iodine,Existing,All investigated economies (universal list),
2802.00.00,"Sulfur, sublimed or precipitated; colloidal sulfur",New,All investigated economies (universal list),
2804.10.00,Hydrogen,New,All investigated economies (universal list),Pharma
2804.29.00,"Rare gases, other than argon",Existing,All investigated economies (universal list),
2804.30.00,Nitrogen,New,All investigated economies (universal list),
2804.50.00,Boron; tellurium,Existing,All investigated economies (universal list),
2804.61.00,Silicon containing by weight not less than 99.99 percent of silicon,Existing,All investigated economies (universal list),
2804.80.00,Arsenic,Existing,All investigated economies (universal list),
2804.90.00,Selenium,Existing,All investigated economies (universal list),
2805.19.10,Strontium,Existing,All investigated economies (universal list),
2805.19.20,Barium,Existing,All investigated economies (universal list),
2805.19.90,"Alkali metals, other than strontium and barium",Existing,All investigated economies (universal list),
2805.30.00,"Rare-earth metals, scandium and yttrium, whether or not intermixed or interalloyed",Existing,All investigated economies (universal list),
2806.10.00,Hydrogen chloride (Hydrochloric acid),New,All investigated economies (universal list),Pharma
2807.00.00,Sulfuric acid; oleum,New,All investigated economies (universal list),
2809.20.00,Phosphoric acid and polyphosphoric acids,New,All investigated economies (universal list),Pharma
2811.11.00,Hydrogen fluoride (Hydrofluoric acid),Existing,All investigated economies (universal list),
2811.12.00,Hydrogen cyanide,New,All investigated economies (universal list),Pharma
2811.19.10,Arsenic acid,Existing,All investigated economies (universal list),
2811.22.50,"Silicon dioxide, other than synthetic silica gel",New,All investigated economies (universal list),Pharma
2811.29.10,Arsenic trioxide,Existing,All investigated economies (universal list),
2811.29.20,Selenium dioxide,Existing,All investigated economies (universal list),
2812.12.00,Phosphorus oxychloride,New,All investigated economies (universal list),Pharma
2812.19.00,Other chlorides and chloride oxides,Existing,All investigated economies (universal list),
2813.90.10,Arsenic sulfides,Existing,All investigated economies (universal list),
2814.10.00,Anhydrous ammonia,New,All investigated economies (universal list),
2814.20.00,Ammonia in aqueous solution,New,All investigated economies (universal list),
2815.11.00,"Sodium hydroxide (Caustic soda), solid",New,All investigated economies (universal list),Pharma
2815.12.00,"Sodium hydroxide (Caustic soda), in aqueous solution (Soda lye or liquid soda)",New,All investigated economies (universal list),Pharma
2815.20.00,Potassium hydroxide (Caustic potash),Existing,All investigated economies (universal list),
2815.30.00,Peroxides of sodium or potassium,New,All investigated economies (universal list),Pharma
2816.10.00,Hydroxide and peroxide of magnesium,Existing,All investigated economies (universal list),
2816.40.10,"Oxides, hydroxides and peroxides of strontium",Existing,All investigated economies (universal list),
2816.40.20,"Oxides, hydroxides and peroxides of barium",Existing,All investigated economies (universal list),
2817.00.00,Zinc oxide; zinc peroxide,Existing,All investigated economies (universal list),
2818.10.10,"Artificial corundum, crude",Existing,All investigated economies (universal list),
2818.10.20,"Artificial corundum, in grains, or ground, pulverized or refined",Existing,All investigated economies (universal list),
2818.20.00,"Aluminum oxide, other than artificial corundum",Existing,All investigated economies (universal list),
2818.30.00,Aluminum hydroxide,New,All investigated economies (universal list),
2820.10.00,Manganese dioxide,Existing,All investigated economies (universal list),
2821.10.00,Iron oxides and hydroxides,Existing,All investigated economies (universal list),
2821.20.00,Earth colors containing 70 percent or more by weight of combined iron evaluated as Fe2O3,Existing,All investigated economies (universal list),
2822.00.00,Cobalt oxides and hydroxides; commercial cobalt oxides,Existing,All investigated economies (universal list),
2823.00.00,Titanium oxides,Existing,All investigated economies (universal list),
2825.10.00,Hydrazine and hydroxylamine and their inorganic salts,New,All investigated economies (universal list),Pharma
2825.20.00,Lithium oxide and hydroxide,Existing,All investigated economies (universal list),
2825.30.00,Vanadium oxides and hydroxides,New,All investigated economies (universal list),
2825.40.00,Nickel oxides and hydroxides,Existing,All investigated economies (universal list),
2825.50.30,Copper hydroxides,Existing,All investigated economies (universal list),
2825.60.00,Germanium oxides and zirconium dioxide,Existing,All investigated economies (universal list),
2825.80.00,Antimony oxides,Existing,All investigated economies (universal list),
2825.90.15,Niobium oxide,Existing,All investigated economies (universal list),
2825.90.20,Tin oxides,New,All investigated economies (universal list),
2825.90.30,Tungsten oxides,Existing,All investigated economies (universal list),
2825.90.90,"Other inorganic bases; other metal oxides, hydroxides and peroxides, nesoi",Existing,All investigated economies (universal list),
2826.12.00,Fluorides of aluminum,Existing,All investigated economies (universal list),
2826.30.00,Sodium hexafluoroaluminate (Synthetic cryolite),Existing,All investigated economies (universal list),
2826.90.90,"Other complex fluorine salts, nesoi",Existing,All investigated economies (universal list),
2827.31.00,Magnesium chloride,Existing,All investigated economies (universal list),
2827.39.25,Tin chlorides,New,All investigated economies (universal list),
2827.39.45,Barium chloride,Existing,All investigated economies (universal list),
2827.39.60,Cobalt chlorides,Existing,All investigated economies (universal list),
2827.39.65,Zinc chloride,New,All investigated economies (universal list),Pharma
2827.39.90,"Chlorides, nesoi",Existing,All investigated economies (universal list),
2827.41.00,Chloride oxides and chloride hydroxides of copper,Existing,All investigated economies (universal list),
2827.49.50,Chloride oxides and chloride hydroxides other than of copper or of vanadium,Existing,All investigated economies (universal list),
2827.59.51,"Other bromides and bromide oxides, other than ammonium, calcium or zinc",Existing,All investigated economies (universal list),
2827.60.10,Iodide and iodide oxide of calcium or copper,Existing,All investigated economies (universal list),
2827.60.20,Iodide and iodide oxide of potassium,New,All investigated economies (universal list),Pharma
2827.60.51,"Iodides and iodide oxides, other than of calcium, copper or potassium",Existing,All investigated economies (universal list),
2832.10.00,Sodium sulfites,New,All investigated economies (universal list),Pharma
2832.30.10,Sodium thiosulfate,New,All investigated economies (universal list),Pharma
2833.11.50,"Disodium sulfate, other than salt cake",New,All investigated economies (universal list),Pharma
2833.19.00,"Sodium sulfates, other than disodium sulfate",New,All investigated economies (universal list),Pharma
2833.21.00,Magnesium sulfate,Existing,All investigated economies (universal list),
2833.22.00,Aluminum sulfate,New,All investigated economies (universal list),Pharma
2833.24.00,Nickel sulfate,Existing,All investigated economies (universal list),
2833.25.00,Copper sulfate,Existing,All investigated economies (universal list),
2833.27.00,Barium sulfate,Existing,All investigated economies (universal list),
2833.29.10,Cobalt sulfate,Existing,All investigated economies (universal list),
2833.29.45,Zinc sulfate,Existing,All investigated economies (universal list),
2833.29.51,Other sulfates nesoi,Existing,All investigated economies (universal list),
2834.10.10,Sodium nitrite,New,All investigated economies (universal list),Pharma
2834.21.00,Potassium nitrate,Existing,All investigated economies (universal list),
2834.29.10,Calcium nitrate,New,All investigated economies (universal list),
2834.29.20,Strontium nitrate,Existing,All investigated economies (universal list),
2834.29.51,"Nitrates, nesoi",Existing,All investigated economies (universal list),
2835.22.00,Mono- or disodium phosphates,New,All investigated economies (universal list),Pharma
2835.24.00,Potassium phosphate,New,All investigated economies (universal list),Pharma
2836.20.00,Disodium carbonate,New,All investigated economies (universal list),Pharma
2836.30.00,Sodium hydrogencarbonate (Sodium bicarbonate),New,All investigated economies (universal list),Pharma
2836.40.20,Potassium hydrogencarbonate (Potassium bicarbonate),New,All investigated economies (universal list),Pharma
2836.60.00,Barium carbonate,Existing,All investigated economies (universal list),
2836.91.00,Lithium carbonates,Existing,All investigated economies (universal list),
2836.92.00,Strontium carbonate,Existing,All investigated economies (universal list),
2836.99.10,Cobalt carbonates,Existing,All investigated economies (universal list),
2836.99.50,"Carbonates nesoi, and peroxocarbonates (percarbonates)",Existing,All investigated economies (universal list),
2837.20.51,"Complex cyanides, excluding potassium ferricyanide",New,All investigated economies (universal list),Pharma
2841.80.00,Tungstates (wolframates),Existing,All investigated economies (universal list),
2841.90.20,Ammonium perrhenate,Existing,All investigated economies (universal list),
2841.90.40,Aluminates,Existing,All investigated economies (universal list),Pharma
2842.10.00,Double or complex silicates,New,All investigated economies (universal list),Pharma
2842.90.90,"Salts of inorganic acids or peroxoacids nesoi, excluding azides",New,All investigated economies (universal list),Pharma
2843.29.01,"Silver compounds, other than silver nitrate",Existing,All investigated economies (universal list),Pharma
2843.30.00,Gold compounds,Existing,All investigated economies (universal list),Pharma
2843.90.00,"Inorganic or organic compounds of precious metals, excluding those of silver and gold; amalgams of precious metals",Existing,All investigated economies (universal list),Pharma
2844.10.10,Natural uranium metal,Existing,All investigated economies (universal list),
2844.10.20,Natural uranium compounds,Existing,All investigated economies (universal list),
2844.20.00,"Uranium enriched in U235 and plutonium and their compounds; alloys, dispersions, ceramic products and mixtures containing these products",Existing,All investigated economies (universal list),
2844.30.20,Compounds of uranium depleted in U235,Existing,All investigated economies (universal list),
2844.30.50,"Uranium depleted in U235, thorium; alloys, dispersions, ceramic products and mixtures of these products and their compounds",Existing,All investigated economies (universal list),
2844.41.00,"Tritium and its compounds, alloys, dispersions, ceramic products and mixtures thereof",New,All investigated economies (universal list),Pharma
2844.42.00,"Actinium, californium, curium, einsteinium, gadolinium, polonium, radium, uranium and their compounds, alloys, dispersions, ceramic products and mixtures",New,All investigated economies (universal list),Pharma
2844.43.00,"Other radioactive elements, isotopes, compounds, nesoi; alloys, dispersions, ceramic products and mixtures thereof",Existing,All investigated economies (universal list),Pharma
2844.44.00,Radioactive residues,New,All investigated economies (universal list),Pharma
2845.20.00,Boron enriched in boron-10 and its compounds,New,All investigated economies (universal list),Pharma
2845.30.00,Lithium enriched in lithium-6 and its compounds,New,All investigated economies (universal list),Pharma
2845.90.01,"Isotopes not in heading 2844 and their compounds other than boron, lithium and helium",Existing,All investigated economies (universal list),Pharma
2846.10.00,Cerium compounds,Existing,All investigated economies (universal list),
2846.90.20,Mixtures of rare-earth oxides or of rare-earth chlorides,Existing,All investigated economies (universal list),
2846.90.40,Yttrium bearing materials and compounds containing by weight more than 19 percent but less than 85 percent yttrium oxide equivalent,Existing,All investigated economies (universal list),
2846.90.80,"Compounds, inorganic or organic, of rare-earth metals, of yttrium or of scandium, or of mixtures of these metals, nesoi",Existing,All investigated economies (universal list),
2847.00.00,"Hydrogen peroxide, whether or not solidified with urea",New,All investigated economies (universal list),Pharma
2849.20.10,"Silicon carbide, crude",Existing,All investigated economies (universal list),
2849.20.20,"Silicon carbide, in grains, or ground, pulverized or refined",Existing,All investigated economies (universal list),
2849.90.30,Tungsten carbide,Existing,All investigated economies (universal list),
2850.00.50,"Hydrides, nitrides, azides, silicides and borides other than of calcium, titanium, tungsten or vanadium",New,All investigated economies (universal list),Pharma
2853.10.00,Cyanogen chloride (Chlorocyan ),New,All investigated economies (universal list),Pharma
2853.90.10,"Phosphor copper containing more than 15 percent by weight of phosphorus, excluding ferrosphosphorus",Existing,All investigated economies (universal list),
2853.90.50,"Phosphides, whether or not chemically defined, excluding ferrophosphorus, of other metals or of nonmetals",New,All investigated economies (universal list),Pharma
2853.90.90,"Other phosphides, excluding ferrophosphorous, nesoi",Existing,All investigated economies (universal list),
2901.10.40,"Saturated acyclic hydrocarbon (not ethane, butane, n- pentane or isopentane), derived in whole or in part from petroleum, shale oil or natural gas",New,All investigated economies (universal list),Pharma
2902.19.00,"Cyclanic hydrocarbons (except cyclohexane), cyclenic hydrocarbons and cycloterpenes nesoi",New,All investigated economies (universal list),Pharma
2902.90.30,Alkylbenzenes and polyalkylbenzenes,New,All investigated economies (universal list),Pharma
2903.12.00,Dichloromethane (Methylene chloride),New,All investigated economies (universal list),Pharma
2903.13.00,Chloroform (Trichloromethane),New,All investigated economies (universal list),Pharma
2903.22.00,Trichloroethylene,New,All investigated economies (universal list),Pharma
2903.41.10,Trifluoromethane (HFC-23),New,All investigated economies (universal list),Pharma
2903.42.10,Difluoromethane (HFC-32),New,All investigated economies (universal list),Pharma
2903.43.10,"Fluoromethane (HFC-41), 1,2-difluoroethane (HFC- 152) and 1,1-difluoroethane (HFC-152-a)",New,All investigated economies (universal list),Pharma
2903.44.10,"Pentafluoroethane (HFC-125), 1,1,1-trifluoroethane (HFC-143a) and 1,1,2-trifluoroethane (HFC-143)",New,All investigated economies (universal list),Pharma
2903.45.10,"1,1,1,2-Tetrafluoroethane (HFC-134a) and 1,1,2,2- tetrafluoroethane (HFC-134)",Existing,All investigated economies (universal list),Pharma
2903.46.10,"1,1,1,2,3,3,3-Heptafluoropropane (HFC- 227ea),1,1,1,2,2,3-hexafluoropropane (HFC- 236cb),1,1,1,2,3,3-hexafluoropropane (HFC-236ea) and 1,1,1,3,3,3-hexafluoropropane (HFC-236fa)",New,All investigated economies (universal list),Pharma
2903.47.10,"1,1,1,3,3-Pentafluoropropane (HFC-245fa) and 1,1,2,2,3-pentafluoropropane (HFC-245ca)",New,All investigated economies (universal list),Pharma
2903.48.00,"1,1,1,3,3-Pentafluorobutane (HFC-365mfc) and 1,1,1,2,2,3,4,5,5,5-decafluoropentane (HFC- 4310mee)",New,All investigated economies (universal list),Pharma
2903.49.00,"Other saturated fluorinated derivatives of acyclic hydrocarbons, nesoi",New,All investigated economies (universal list),Pharma
2903.51.10,"2,3,3,3-Tetrafluoropropene (HFO-1234yf), 1,3,3,3- tetrafluoropropene (HFO-1234ze) and (Z)- 1,1,1,4,4,4-hexafluoro-2-butene (HFO-1336mzz)",Existing,All investigated economies (universal list),Pharma
2903.59.10,"1,1,3,3,3-Pentafluoro-2-(trifluoromethyl)-prop-1-ene",New,All investigated economies (universal list),Pharma
2903.59.90,Other unsaturated fluorinated derivatives of acyclic hydrocarbons,Existing,All investigated economies (universal list),Pharma
2903.69.10,"Acetylene tetrabromide; alkyl bromides, other than methyl bromide (bromomethane); methylene dibromide; and vinyl bromide",New,All investigated economies (universal list),Pharma
2903.69.90,Other brominated or iodinated derivatives of acyclic hydrocarbons,Existing,All investigated economies (universal list),Pharma
2903.71.01,Chlorodifluoromethane (HCFC-22),New,All investigated economies (universal list),Pharma
2903.77.00,"Other acyclic hydrocarbon derivatives, perhalogenated only with fluorine and chlorine",New,All investigated economies (universal list),Pharma
2903.78.00,"Other perhalogenated acyclic hydrocarbon derivatives, nesoi",Existing,All investigated economies (universal list),Pharma
2903.79.90,"Other halogenated derivatives of acyclic hydrocarbons containing two or more different halogens, nesoi",Existing,All investigated economies (universal list),Pharma
2903.81.00,"1,2,3,4,5,6-Hexachlorocyclohexane (HCH (ISO)), including lindane (ISO, INN)",New,All investigated economies (universal list),Pharma
2903.89.15,"Halogenated products derived in whole or in part from benzene or other aromatic hydrocarbons, described in additional U.S. note 3 to section VI of the HTSUS",Existing,All investigated economies (universal list),Pharma
2903.89.20,"Halogenated derivatives derived in whole or in part from benzene or other aromatic hydrocarbons, nesoi",Existing,All investigated economies (universal list),Pharma
2903.89.70,"Other halogenated derivatives of cyclanic, cyclenic or cycloterpenic hydrocarbons not derived from benzene or other aromatic hydrocarbons",Existing,All investigated economies (universal list),Pharma
2903.92.00,"Hexachlorobenzene (ISO) and DDT (clofenotane (INN), (1,1,1-trichloro-2,2-bis(p- chlorophenyl)ethane)",Existing,All investigated economies (universal list),Pharma
2903.93.00,"Halogenated derivatives of aromatic hydrocarbons, pentachlorobenzene",New,All investigated economies (universal list),Pharma
2903.94.00,"Halogenated derivatives of aromatic hydrocarbons, hexabromobiphenyls",New,All investigated economies (universal list),Pharma
2903.99.20,"Benzyl chloride (α-Chlorotoluene); Benzotrichloride (α, α, α-Trichlorotoluene)",New,All investigated economies (universal list),Pharma
2903.99.80,"Other halogenated derivatives of aromatic hydrocarbons, nesoi",New,All investigated economies (universal list),Pharma
2904.10.32,"Aromatic derivatives of hydrocarbons containing only sulfo groups, their salts and ethyl esters, described in additional U.S. note 3 to section VI of the HTSUS",New,All investigated economies (universal list),Pharma
2904.10.50,"Nonaromatic derivatives of hydrocarbons containing only sulfo groups, their salts and ethyl esters, nesoi",New,All investigated economies (universal list),Pharma
2904.20.10,p-Nitrotoluene,New,All investigated economies (universal list),Pharma
2904.20.15,p-Nitro-o-xylene,New,All investigated economies (universal list),Pharma
2904.20.20,Trinitrotoluene,New,All investigated economies (universal list),Pharma
2904.20.30,"5-tert-Butyl-2,4,6-trinitro-m-xylene (Musk xylol) and other artificial musks",New,All investigated economies (universal list),Pharma
2904.20.35,"Nitrated benzene, nitrated toluene (except p- nitrotoluene) or nitrated naphthalene",New,All investigated economies (universal list),Pharma
2904.20.40,"Aromatic derivatives of hydrocarbons containing only nitro or only nitroso groups, described in additional U.S. note 3 to section VI of the HTSUS",New,All investigated economies (universal list),Pharma
2904.20.45,"Aromatic derivatives of hydrocarbons containing only nitro or only nitroso groups, nesoi",New,All investigated economies (universal list),Pharma
2904.20.50,"Nonaromatic derivatives of hydrocarbons containing only nitro or only nitroso groups, nesoi",New,All investigated economies (universal list),Pharma
2904.99.04,Monochloromononitrobenzenes; o- nitrochlorobenzene; p-nitrochlorobenzene,New,All investigated economies (universal list),Pharma
2904.99.08,Monochloromononitrobenzenes nesoi,New,All investigated economies (universal list),Pharma
2904.99.15,"4-Chloro-3-nitro-α-α-α-trifluorotoluene; 2-Chloro-5- nitro-α-α-α-trifluorotoluene; and 4-Chloro-3,5- dinitro-α-α-α-trifluorotoluene",New,All investigated economies (universal list),Pharma
2904.99.20,Nitrotoluenesulfonic acids,New,All investigated economies (universal list),Pharma
2904.99.30,"1-Bromo-2-nitrobenzene; 1,2-Dichloro-4- nitrobenzene and o-Fluoronitrobenzene",New,All investigated economies (universal list),Pharma
2904.99.35,"4,4'-Dinitrostilbene-2,2'-disulfonic acid",New,All investigated economies (universal list),Pharma
2904.99.40,"Sulfonated, nitrated or nitrosated derivatives of aromatic products described in additional U.S. note 3 to section VI of the HTSUS",Existing,All investigated economies (universal list),Pharma
2904.99.47,"Other sulfonated, nitrated or nitrosated derivatives of aromatic hydrocarbons excluding aromatic products described in additional U.S. note 3 to section VI of the HTSUS",New,All investigated economies (universal list),Pharma
2904.99.50,"Nonaromatic sulfonated, nitrated or nitrosated derivatives of hydrocarbons, nesoi",New,All investigated economies (universal list),Pharma
2905.11.20,"Methanol (Methyl alcohol), other than imported only for use in producing synthetic natural gas (SNG) or for direct use as fuel",New,All investigated economies (universal list),Pharma
2905.12.00,Propan-1-ol (Propyl alcohol) and Propan-2-ol (isopropyl alcohol),New,All investigated economies (universal list),Pharma
2905.13.00,Butan-1-ol (n-Butyl alcohol),New,All investigated economies (universal list),Pharma
2905.19.10,Pentanol (Amyl alcohol) and isomers thereof,New,All investigated economies (universal list),Pharma
2905.19.90,"Saturated monohydric alcohols, nesoi",New,All investigated economies (universal list),Pharma
2905.22.10,Geraniol,New,All investigated economies (universal list),Pharma
2905.22.20,Isophytol,New,All investigated economies (universal list),Pharma
2905.22.50,"Acyclic terpene alcohols, other than geraniol and isophytol",New,All investigated economies (universal list),Pharma
2905.29.90,"Unsaturated monohydric alcohols, other than allyl alcohol or acyclic terpene alcohols",Existing,All investigated economies (universal list),Pharma
2905.31.00,Ethylene glycol (Ethanediol),New,All investigated economies (universal list),Pharma
2905.32.00,"Propylene glycol (Propane-1,2-diol)",New,All investigated economies (universal list),Pharma
2905.39.90,"Dihydric alcohols (diols), nesoi",Existing,All investigated economies (universal list),Pharma
2905.49.20,Esters of glycerol formed with the acids of heading 2904,New,All investigated economies (universal list),Pharma
2905.49.50,"Polyhydric alcohols, nesoi",New,All investigated economies (universal list),Pharma
2905.51.00,Ethchlorvynol (INN),New,All investigated economies (universal list),Pharma
2905.59.10,"Halogenated, sulfonated, nitrated or nitrosated derivatives of monohydric alcohols",Existing,All investigated economies (universal list),Pharma
2905.59.90,"Halogenated, sulfonated, nitrated or nitrosated derivatives of acyclic alcohols, nesoi",Existing,All investigated economies (universal list),Pharma
2906.11.00,Menthol,New,All investigated economies (universal list),Pharma
2906.19.50,"Other cyclanic, cyclenic or cycloterpenic alcohols and their halogenated, sulfonated, nitrated or nitrosated derivatives",Existing,All investigated economies (universal list),Pharma
2906.29.60,"Other aromatic alcohols and their halogenated, sulfonated, nitrated or nitrosated derivatives",Existing,All investigated economies (universal list),Pharma
2907.11.00,Phenol (Hydroxybenzene) and its salts,New,All investigated economies (universal list),Pharma
2907.19.10,Alkylcresols,New,All investigated economies (universal list),Pharma
2907.19.20,Alkylphenols,New,All investigated economies (universal list),Pharma
2907.19.40,Thymol,New,All investigated economies (universal list),Pharma
2907.19.80,Other monophenols,New,All investigated economies (universal list),Pharma
2907.29.90,"Other polyphenols, nesoi",Existing,All investigated economies (universal list),Pharma
2908.19.10,6-Chloro-m-cresol [OH=1]; m-chlorophenol; and chlorothymol,New,All investigated economies (universal list),Pharma
2908.19.35,Derivatives of phenols or phenol-alcohols containing only halogen substituents and their salts described in additional U.S. note 3 to section VI of the HTSUS,New,All investigated economies (universal list),Pharma
2908.19.60,"Other halogenated, sulfonated, nitrated or nitrosated derivatives of phenol or phenol-alcohols",Existing,All investigated economies (universal list),Pharma
2908.99.12,"Derivatives nesoi, of phenols or phenol-alcohols containing only sulfo groups, their salts and esters, described in additional U.S. note 3 to section VI of the HTSUS",New,All investigated economies (universal list),Pharma
2908.99.15,"Derivatives of phenol or phenol-alcohols containing only sulfo groups, their salts and esters, nesoi",New,All investigated economies (universal list),Pharma
2908.99.25,"Nitrophenols, except p-nitrophenol",New,All investigated economies (universal list),Pharma
2909.11.00,Diethyl ether,New,All investigated economies (universal list),Pharma
2909.19.18,"Ethers of acyclic monohydric alcohols and their derivatives, nesoi",Existing,All investigated economies (universal list),Pharma
2909.19.60,"Ethers of polyhydric alcohols and their halogenated, sulfonated, nitrated or nitrosated derivatives, nesoi",New,All investigated economies (universal list),Pharma
2909.20.00,"Cyclanic, cyclenic or cycloterpenic ethers and their halogenated, sulfonated, nitrated or nitrosated derivatives",Existing,All investigated economies (universal list),Pharma
2909.30.40,"Aromatic ethers and their halogenated, sulfonated, nitrated or nitrosated derivatives, nesoi, described in additional U.S. note 3 to section VI of the HTSUS",New,All investigated economies (universal list),Pharma
2909.30.60,"Other aromatic ethers and their halogenated, sulfonated, nitrated, or nitrosated derivatives, nesoi",Existing,All investigated economies (universal list),Pharma
2909.49.05,Guaifenesin,New,All investigated economies (universal list),Pharma
2909.49.10,"Other aromatic ether-alcohols, their halogenated, sulfonated, nitrated or nitrosated derivatives described in additional U.S. note 3 to section VI of the HTSUS",Existing,All investigated economies (universal list),Pharma
2909.49.15,"Aromatic ether-alcohols and their halogenated, sulfonated, nitrated or nitrosated derivatives, nesoi",Existing,All investigated economies (universal list),Pharma
2909.49.20,Nonaromatic glycerol ethers,Existing,All investigated economies (universal list),Pharma
2909.49.60,"Other non-aromatic ether-alcohols and their halogenated, sulfonated, nitrated or nitrosated derivatives",Existing,All investigated economies (universal list),Pharma
2909.50.20,Guaiacol and its derivatives,New,All investigated economies (universal list),Pharma
2909.50.40,"Odoriferous or flavoring compounds of ether- phenols, ether-alcohol-phenols and their halogenated, sulfonated, nitrated or nitrosated derivatives",Existing,All investigated economies (universal list),Pharma
2909.50.45,"Ether-phenols, ether-alcohol-phenols and their halogenated, sulfonated, nitrated or nitrosated derivatives nesoi, described in additional U.S. note 3 to section VI of the HTSUS",Existing,All investigated economies (universal list),Pharma
2909.50.50,"Ether-phenols, ether-alcohol-phenols and their halogenated, sulfonated, nitrated or nitrosated derivatives, nesoi",Existing,All investigated economies (universal list),Pharma
2910.10.00,Oxirane (Ethylene oxide),New,All investigated economies (universal list),Pharma
2910.30.00,"1-Chloro-2,3-epoxypropane (Epichlorohydrin)",New,All investigated economies (universal list),Pharma
2910.40.00,"Dieldrin (ISO, INN)",New,All investigated economies (universal list),Pharma
2910.50.00,Endrin,New,All investigated economies (universal list),Pharma
2910.90.10,Butylene oxide,New,All investigated economies (universal list),Pharma
2910.90.20,"Aromatic epoxides, epoxyalcohols, epoxyphenols and epoxyethers, with a three-membered ring, and their derivatives, nesoi",New,All investigated economies (universal list),Pharma
2910.90.91,"Other nonaromatic epoxides, epoxyalcohols and epoxyethers, with a three-membered ring, and their halogenated, sulfonated, nitrated or nitrosated derivatives",New,All investigated economies (universal list),Pharma
2911.00.10,"1,1-Bis(1-methylethoxy)cyclohexane",New,All investigated economies (universal list),Pharma
2911.00.50,"Acetals and hemiacetals, whether or not with other oxygen function, and their halogenated, sulfonated, nitrated or nitrosated derivatives",New,All investigated economies (universal list),Pharma
2912.19.50,"Acyclic aldehydes without other oxygen function, nesoi",Existing,All investigated economies (universal list),Pharma
2912.29.60,Other cyclic aldehydes without other oxygen function,New,All investigated economies (universal list),Pharma
2912.49.26,"Other aromatic aldehyde-alcohols, aldehyde-ethers, aldehyde-phenols and aldehydes with other oxygen function",Existing,All investigated economies (universal list),Pharma
2912.60.00,Paraformaldehyde,New,All investigated economies (universal list),Pharma
2914.11.10,"Acetone, derived in whole or in part from cumene",New,All investigated economies (universal list),Pharma
2914.19.00,"Acyclic ketones without other oxygen function, nesoi",Existing,All investigated economies (universal list),Pharma
2914.29.30,Natural camphor,New,All investigated economies (universal list),Pharma
2914.29.50,"Cyclanic, cyclenic or cycloterpenic ketones without other oxygen function, nesoi",New,All investigated economies (universal list),Pharma
2914.39.90,"Aromatic ketones without other oxygen function, nesoi",New,All investigated economies (universal list),Pharma
2914.40.40,"Aromatic ketone-alcohols and ketone-aldehydes, nesoi",New,All investigated economies (universal list),Pharma
2914.40.90,"Nonaromatic ketone-alcohols and ketone-aldehydes, nesoi",Existing,All investigated economies (universal list),Pharma
2914.50.10,5-Benzoyl-4-hydroxy-2-methoxybenzene-sulfonic acid,New,All investigated economies (universal list),Pharma
2914.50.30,Aromatic ketone-phenols and ketones with other oxygen function,Existing,All investigated economies (universal list),Pharma
2914.50.50,Nonaromatic ketone-phenols and ketones with other oxygen function,Existing,All investigated economies (universal list),Pharma
2914.62.00,Coenzyme Q10 (ubidecarenone (INN),Existing,All investigated economies (universal list),Pharma
2914.69.21,Quinone drugs,Existing,All investigated economies (universal list),Pharma
2914.69.90,"Quinones, nesoi",Existing,All investigated economies (universal list),Pharma
2914.71.00,"Halogenated, sulfonated, nitrated or nitrosated derivatives: chlordecone (ISO)",New,All investigated economies (universal list),Pharma
2914.79.10,"2,3-dichloro-1,4-naphthoquinone and other artificial musks",New,All investigated economies (universal list),Pharma
2914.79.40,"Other halogenated, sulfonated, nitrated or nitrosated derivatives of aromatic ketones and quinones whether or not with other oxygen function",Existing,All investigated economies (universal list),Pharma
2914.79.60,1-Chloro-5-hexanone,New,All investigated economies (universal list),Pharma
2914.79.90,"Other halogenated, sulfonated, nitrated or nitrosated derivatives of nonaromatic ketones and quinones whether or not with other oxygen function",New,All investigated economies (universal list),Pharma
2915.21.00,Acetic acid,New,All investigated economies (universal list),Pharma
2915.24.00,Acetic anhydride,New,All investigated economies (universal list),Pharma
2915.29.30,Cobalt acetates,Existing,All investigated economies (universal list),
2915.29.50,Other salts of acetic acid,New,All investigated economies (universal list),Pharma
2915.32.00,Vinyl acetate,New,All investigated economies (universal list),Pharma
2915.36.00,Dinoseb (ISO) acetate,New,All investigated economies (universal list),Pharma
2915.39.10,Benzyl acetate,New,All investigated economies (universal list),Pharma
2915.39.31,"Aromatic esters of acetic acid, described in additional U.S. note 3 to section VI of the HTSUS",Existing,All investigated economies (universal list),Pharma
2915.39.35,"Aromatic esters of acetic acid, nesoi",Existing,All investigated economies (universal list),Pharma
2915.39.40,Linalyl acetate,New,All investigated economies (universal list),Pharma
2915.39.45,"Odoriferous or flavoring compounds of nonaromatic esters of acetic acid, nesoi",New,All investigated economies (universal list),Pharma
2915.39.47,Acetates of polyhydric alcohols or of polyhydric alcohol ethers,Existing,All investigated economies (universal list),Pharma
2915.39.70,Isobutyl acetate,New,All investigated economies (universal list),Pharma
2915.39.90,Other non-aromatic esters of acetic acid,Existing,All investigated economies (universal list),Pharma
2915.40.10,Chloroacetic acids,New,All investigated economies (universal list),Pharma
2915.40.20,"Aromatic salts and esters of chlorocetic acids, described in additional U.S. note 3 to section VI of the HTSUS",New,All investigated economies (universal list),Pharma
2915.40.30,"Aromatic salts and esters of chlorocetic acids, nesoi",New,All investigated economies (universal list),Pharma
2915.40.50,"Nonaromatic salts and esters of chlorocetic acids, nesoi",New,All investigated economies (universal list),Pharma
2915.50.20,Aromatic salts and esters of propionic acid,New,All investigated economies (universal list),Pharma
2915.90.10,"Fatty acids of animal or vegetable origin, nesoi",Existing,All investigated economies (universal list),Pharma
2915.90.14,Valproic acid,Existing,All investigated economies (universal list),Pharma
2915.90.18,"Saturated acyclic monocarboxylic acids, nesoi",Existing,All investigated economies (universal list),Pharma
2915.90.20,"Aromatic anhydrides, halides, peroxides and peroxyacids, of saturated acyclic monocarboxylic acids, and their derivatives, nesoi",Existing,All investigated economies (universal list),Pharma
2915.90.50,"Nonaromatic anhydrides, halides, peroxides and peroxyacids, of saturated acyclic monocarboxylic acids, and their derivatives, nesoi",Existing,All investigated economies (universal list),Pharma
2916.16.00,Binapacryl (ISO),New,All investigated economies (universal list),Pharma
2916.19.30,"Unsaturated acyclic monocarboxylic acids, nesoi",Existing,All investigated economies (universal list),Pharma
2916.19.50,"Unsaturated acyclic monocarboxylic acid anhydrides, halides, peroxides, peroxyacids and their derivatives, nesoi",Existing,All investigated economies (universal list),Pharma
2916.20.50,"Cyclanic, cyclenic or cycloterpenic monocarboxylic acids, their anhydrides, halides, peroxides, peroxyacids and their derivatives, nesoi",Existing,All investigated economies (universal list),Pharma
2916.31.30,"Benzoic acid esters, except odoriferous or flavoring compounds, described in additional U.S. note 3 to section VI of the HTSUS",New,All investigated economies (universal list),Pharma
2916.31.50,"Benzoic acid esters, nesoi",Existing,All investigated economies (universal list),Pharma
2916.39.15,Ibuprofen,New,All investigated economies (universal list),Pharma
2916.39.17,"2,2-Dichlorophenylacetic acid, ethyl ester and m- Toluic acid",New,All investigated economies (universal list),Pharma
2916.39.46,"Aromatic monocarboxylic acids, their anhydrides, halides, peroxides, peroxyacids and their derivatives,",Existing,All investigated economies (universal list),Pharma
2916.39.79,"Other aromatic monocarboxylic acids, their anhydrides, halides, peroxides, peroxyacids and their derivatives",Existing,All investigated economies (universal list),Pharma
2917.13.00,"Azelaic acid, sebacic acid, their salts and esters",Existing,All investigated economies (universal list),Pharma
2917.19.10,Ferrous fumarate,Existing,All investigated economies (universal list),Pharma
2917.19.15,"Fumaric acid, derived in whole or in part from aromatic hydrocarbons",New,All investigated economies (universal list),Pharma
2917.19.17,Fumaric acid except derived in whole or in part from aromatic hydrocarbons,New,All investigated economies (universal list),Pharma
2917.19.20,"Specified acyclic polycarboxylic acids and their derivatives, described in additional U.S. note 3 to section VI of the HTSUS",New,All investigated economies (universal list),Pharma
2917.19.23,Maleic acid,New,All investigated economies (universal list),Pharma
2917.19.27,"Succinic acid, glutaric acid, and their derivatives, and derivatives of adipic, fumeric and maleic acids, nesoi",New,All investigated economies (universal list),Pharma
2917.19.30,Ethylene brassylate,New,All investigated economies (universal list),Pharma
2917.19.35,Malonic acid,New,All investigated economies (universal list),Pharma
2917.19.40,"Acyclic polycarboxylic acids, derived from aromatic hydrocarbons, and their derivatives, nesoi",New,All investigated economies (universal list),Pharma
2917.19.70,Acyclic polycarboxylic acids and their derivatives (excluding plasticizers),Existing,All investigated economies (universal list),Pharma
2917.20.00,"Cyclanic, cyclenic or cycloterpenic polycarboxylic acids, their anhydrides, halides, peroxides, peroxyacids and their derivatives",New,All investigated economies (universal list),Pharma
2917.34.01,"Esters of orthophthalic acid, nesoi",Existing,All investigated economies (universal list),Pharma
2917.37.00,Dimethyl terephthalate,New,All investigated economies (universal list),Pharma
2917.39.30,"Aromatic polycarboxylic acids, their anhydrides, halides, peroxides, peroxyacids and their derivatives nesoi, described in additional U.S. note 3 to section VI of the HTSUS",Existing,All investigated economies (universal list),Pharma
2918.11.51,Salts and esters of lactic acid,Existing,All investigated economies (universal list),Pharma
2918.12.00,Tartaric acid,New,All investigated economies (universal list),Pharma
2918.13.50,"Salts and esters of tartaric acid, nesoi",Existing,All investigated economies (universal list),Pharma
2918.14.00,Citric acid,New,All investigated economies (universal list),Pharma
2918.16.50,"Salts and esters of gluconic acid, nesoi",Existing,All investigated economies (universal list),Pharma
2918.18.00,Chlorobenzilate (ISO),New,All investigated economies (universal list),Pharma
2918.19.15,Other Phenylglycolic (Mandelic) acid salts and esters,New,All investigated economies (universal list),Pharma
2918.19.20,"Aromatic carboxylic acids with alcohol function, without other oxygen functions, and their derivatives, described in additional U.S. note 3 to section VI of the HTSUS",New,All investigated economies (universal list),Pharma
2918.19.31,"Aromatic carboxylic acids with alcohol function, without other oxygen functions, and their derivatives, nesoi",New,All investigated economies (universal list),Pharma
2918.19.60,Malic acid,Existing,All investigated economies (universal list),Pharma
2918.19.90,"Nonaromatic carboxylic acids with alcohol function, without other oxygen function, and their derivatives, nesoi",Existing,All investigated economies (universal list),Pharma
2918.21.10,"Salicylic acid and its salts, suitable for medicinal use",New,All investigated economies (universal list),Pharma
2918.22.10,O-Acetylsalicylic acid (Aspirin),Existing,All investigated economies (universal list),Pharma
2918.22.50,Salts and esters of O-acetylsalicylic acid,Existing,All investigated economies (universal list),Pharma
2918.23.10,Salol (Phenyl salicylate) suitable for medicinal use,New,All investigated economies (universal list),Pharma
2918.23.30,"Esters of salicylic acid and their salts, described in additional U.S. note 3 to section VI of the HTSUS",Existing,All investigated economies (universal list),Pharma
2918.23.50,"Esters of salicylic acid and their salts, nesoi",Existing,All investigated economies (universal list),Pharma
2918.29.20,Gentisic acid; and Hydroxycinnamic acid and its salts,Existing,All investigated economies (universal list),Pharma
2918.29.22,p-Hydroxybenzoic acid,New,All investigated economies (universal list),Pharma
2918.29.65,"Carboxylic acids with phenol function but without other oxygen function, described in additional U.S. note 3 to section VI of the HTSUS",Existing,All investigated economies (universal list),Pharma
2918.29.75,Other carboxylic acids with phenol function but without other oxygen function and their derivatives (excluding goods of additional U.S. note 3 to section VI of the HTSUS),Existing,All investigated economies (universal list),
2918.30.10,"1-Formylphenylacetic acid, methyl ester",New,All investigated economies (universal list),Pharma
2918.30.15,"2-Chloro-4,5-difluoro-beta -oxobenzenepropanoic acid, ethyl ester; and Ethyl 2-keto-4-phenylbutanoate",New,All investigated economies (universal list),Pharma
2918.30.25,"Aromatic carboxylic acids with aldehyde or ketone function but without other oxygen function and their derivatives described in additional U.S. note 3 to section VI of the HTSUS, nesoi",Existing,All investigated economies (universal list),Pharma
2918.30.30,"Aromatic carboxylic acids with aldehyde or ketone function but without other oxygen function, and their derivatives, nesoi",Existing,All investigated economies (universal list),Pharma
2918.30.70,"Dimethyl acetyl succinate; Oxalacetic acid diethyl ester, sodium salt; 4,4,4-Trifluoro-3-oxobutanoic acid, both ethyl and methyl ester versions",New,All investigated economies (universal list),Pharma
2918.30.90,"Non-aromatic carboxylic acids with aldehyde or ketone function but without other oxygen function, their anhydrides, halides, peroxides, peroxyacids and their derivatives",Existing,All investigated economies (universal list),Pharma
2918.99.05,p-Anisic acid; clofibrate and 3-phenoxybenzoic acid,New,All investigated economies (universal list),Pharma
2918.99.30,"Aromatic drugs derived from carboxylic acids with additional oxygen function, and their derivatives, nesoi",Existing,All investigated economies (universal list),Pharma
2918.99.43,"Aromatic carboxylic acids with additional oxygen function and their anhydrides, halides, peroxides, peroxyacids and their derivatives, described in additional U.S. note 3 to section VI of the HTSUS, nesoi",Existing,All investigated economies (universal list),Pharma
2918.99.47,"Other aromatic carboxylic acids with additional oxygen function and their anhydrides, halides, peroxides, peroxyacids and their derivatives (excluding goods described in additional U.S. note 3 to section VI of the HTSUS)",Existing,All investigated economies (universal list),Pharma
2918.99.50,"Nonaromatic carboxylic acids with additional oxygen function, and their derivatives, nesoi",Existing,All investigated economies (universal list),Pharma
2919.10.00,"Tris(2,3-dibromopropyl phosphate)",New,All investigated economies (universal list),Pharma
2919.90.30,"Aromatic phosphoric esters and their salts, including lactophosphates, and their derivatives, not used as plasticizers",Existing,All investigated economies (universal list),Pharma
2919.90.50,"Nonaromatic phosphoric esters and their salts, including lactophosphates, and their derivatives",Existing,All investigated economies (universal list),Pharma
2920.19.40,"Other aromatic thiophosphoric esters (phosphorothioates), their salts and their halogenated, sulfonated, nitrated or nitrosated derivatives",New,All investigated economies (universal list),Pharma
2920.19.50,"Nonaromatic phosphorothioates, their salts and their halogenated, sulfonated, nitrated or nitrosated derivatives, nesoi",New,All investigated economies (universal list),Pharma
2920.21.00,Dimethyl phosphite,New,All investigated economies (universal list),Pharma
2920.22.00,Diethyl phosphite,New,All investigated economies (universal list),Pharma
2920.23.00,Trimethyl phosphite,New,All investigated economies (universal list),Pharma
2920.24.00,Triethyl phosphite,New,All investigated economies (universal list),Pharma
2920.29.00,"Other phosphite esters, their salts and their halogenated, sulfonated, nitrated or nitrosated derivatives",New,All investigated economies (universal list),Pharma
2920.30.00,Endosulfan (ISO),New,All investigated economies (universal list),Pharma
2920.90.20,"Aromatic esters of other inorganic acids (excluding hydrogen halides), their salts and their derivatives, nesoi",New,All investigated economies (universal list),Pharma
2920.90.51,"Nonaromatic esters of inorganic acids of nonmetals, their salts and derivatives, excluding esters of hydrogen halides, nesoi",Existing,All investigated economies (universal list),Pharma
2921.11.00,"Methylamine, di- or trimethylamine, and their salts",New,All investigated economies (universal list),Pharma
2921.14.00,"2-(N,N,-Diisopropylamino)ethyl chloride hydrochloride",New,All investigated economies (universal list),Pharma
2921.19.11,"Mono- and triethylamines; mono-, di-, and tri(propyl- and butyl-) monoamines; salts of any of the foregoing",Existing,All investigated economies (universal list),Pharma
2921.19.61,"N,N-Dialkyl (methyl, ethyl, n-Propyl or Isopropyl)- 2-Chloroethylamines and their protonated salts; Acyclic monoamines and their derivatives, nesoi",Existing,All investigated economies (universal list),Pharma
2921.29.00,"Acyclic polyamines, their derivatives and salts, other than ethylenediamine or hexamethylenediamine and their salts",Existing,All investigated economies (universal list),Pharma
2921.30.10,"Cyclanic, cyclenic or cycloterpenic mono- or polyamines, derivatives and salts, from any aromatic compound described in additional U.S. note 3 to section VI of the HTSUS",Existing,All investigated economies (universal list),Pharma
2921.30.30,"Cyclanic, cyclenic, cycloterpenic mono- or polyamines and their derivatives and salts, derived from any aromatic compound (excluding goods described in additional U.S. note 3 to section VI of the HTSUS)",New,All investigated economies (universal list),Pharma
2921.30.50,"Cyclanic, cyclenic or cycloterpenic mono- or polyamines, and their derivatives and salts, derived from any nonaromatic compounds",Existing,All investigated economies (universal list),Pharma
2921.41.10,Aniline,New,All investigated economies (universal list),Pharma
2921.41.20,Aniline salts,New,All investigated economies (universal list),Pharma
2921.42.65,"Aniline derivatives and their salts thereof, described in additional U.S. note 3 to section VI of the HTSUS",New,All investigated economies (universal list),Pharma
2921.42.90,Other aniline derivatives and their salts,Existing,All investigated economies (universal list),Pharma
2921.43.40,"Toluidines and their derivatives and salts thereof, described in additional U.S. note 3 to section VI of the HTSUS",New,All investigated economies (universal list),Pharma
2921.45.60,"Aromatic monoamines and their derivatives and salts thereof, described in additional U.S. note 3 to section VI of the HTSUS, nesoi",New,All investigated economies (universal list),Pharma
2921.45.90,Aromatic monoamines and their derivatives and salts thereof nesoi,New,All investigated economies (universal list),Pharma
2921.46.00,"Amfetamine (INN), benzfetamine (INN), dexamfetamine (INN), etilamfetamine (INN), and other specified INNs; salts thereof",Existing,All investigated economies (universal list),Pharma
2921.49.38,"Aromatic monoamine antidepressants, tranquilizers and other psychotherapeutic agents,",Existing,All investigated economies (universal list),Pharma
2921.49.43,"Aromatic monoamine drugs, nesoi",Existing,All investigated economies (universal list),Pharma
2921.49.45,"Aromatic monoamines and their derivatives and salts thereof nesoi, described in additional U.S. note 3 to section VI of the HTSUS",Existing,All investigated economies (universal list),Pharma
2921.49.50,"Aromatic monoamines and their derivatives and salts thereof, nesoi",Existing,All investigated economies (universal list),Pharma
2921.59.40,"Aromatic polyamines and their derivatives and salts thereof, described in additional U.S. note 3 to section VI of the HTSUS",New,All investigated economies (universal list),Pharma
2921.59.80,Aromatic polyamines and their derivatives and salts thereof nesoi,Existing,All investigated economies (universal list),Pharma
2922.11.00,Monoethanolamine and its salts,Existing,All investigated economies (universal list),Pharma
2922.12.00,Diethanolamine and its salts,New,All investigated economies (universal list),Pharma
2922.14.00,Dextropropoxyphene (INN) and its salts,Existing,All investigated economies (universal list),Pharma
2922.15.00,Triethanolamine,New,All investigated economies (universal list),Pharma
2922.16.00,Diethylammonium perfluorooctane sulfonate,New,All investigated economies (universal list),Pharma
2922.17.00,Methyldiethanolamine and ethyldiethanolamine,New,All investigated economies (universal list),Pharma
2922.18.00,"2-(N,N-Diisopropylamino)ethanol",New,All investigated economies (universal list),Pharma
2922.19.09,"Aromatic amino-alcohols drugs, their ethers and esters, other than those containing more than one kind of oxygen function, and their salts thereof; nesoi",Existing,All investigated economies (universal list),Pharma
2922.19.20,"4,4'-Bis(dimethylamino)benzhydrol (Michler's hydrol) and other specified aromatic amino-alcohols, their ethers and esters, and salts thereof",Existing,All investigated economies (universal list),Pharma
2922.19.33,"N1-(2-Hydroxyethyl-2-nitro-1,4-phenylendiamine; N1,N4,N4-tris(2-hydroxyethyl)-2-nitro-1,4- phenylenediamine; and other specified chemicals",Existing,All investigated economies (universal list),Pharma
2922.19.60,"Aromatic amino-alcohols, their ethers and esters, other than those containing more than one oxygen function, described in additional U.S. note 3 to section VI of the HTSUS",Existing,All investigated economies (universal list),Pharma
2922.19.70,"Other aromatic amino-alcohols, their ethers and esters, other than those containing more than one",Existing,All investigated economies (universal list),Pharma
2922.19.90,Salts of triethanolamine,Existing,All investigated economies (universal list),Pharma
2922.19.96,"Amino-alcohols, other than those containing more than one kind of oxygen function, their ethers and esters and salts thereof, nesoi",Existing,All investigated economies (universal list),Pharma
2922.21.10,"1-Amino-8-hydroxy-3,6-naphthalenedisulfonic acid; and other specified aminohydroxynaphthalenesulfonic acids and their salts",New,All investigated economies (universal list),Pharma
2922.21.25,"1-Amino-8-hydroxy-4,6-naphthalenedisulfonic acid, monosodium salts",New,All investigated economies (universal list),Pharma
2922.21.40,"Aminohydroxynaphthalene sulfonic acids and their salts, described in additional U.S. note 3 to section VI of the HTSUS",New,All investigated economies (universal list),Pharma
2922.21.50,"Aminohydroxynaphthalene sulfonic acids and their salts, nesoi",New,All investigated economies (universal list),Pharma
2922.29.03,o-Anisidine; p-anisidine; and p-phenetidine,New,All investigated economies (universal list),Pharma
2922.29.06,m-Nitro-p-anisidine and m-nitro-o-anisidine as fast color bases,New,All investigated economies (universal list),Pharma
2922.29.08,"m-Nitro-p-anisidine and m-nitro-o-anisidine, nesoi",New,All investigated economies (universal list),Pharma
2922.29.10,"2-Amino-6-chloro-4-nitrophenol and other specified amino-naphthols and amino-phenols, their ethers and esters; salts thereof",New,All investigated economies (universal list),Pharma
2922.29.13,"o-Aminophenol; and 2,2-bis-[4-(4- aminophenoxy)phenyl]propane",New,All investigated economies (universal list),Pharma
2922.29.15,m-Diethylaminophenol; m-dimethylaminophenol; 3- ethylamino-p-cresol; and 5-methoxy-m- phenylenediamine,New,All investigated economies (universal list),Pharma
2922.29.20,"4-Chloro-2,5-dimethoxyaniline; and 2,4- dimethoxyaniline",New,All investigated economies (universal list),Pharma
2922.29.26,Amino-naphthols and other amino-phenols and their derivatives used as fast color bases,New,All investigated economies (universal list),Pharma
2922.29.27,"Drugs of amino-naphthols and -phenols, their ethers and esters, except those containing more than one oxygen function, and salts thereof, nesoi",Existing,All investigated economies (universal list),Pharma
2922.29.29,"Photographic chemicals of amino-naphthols and - phenols, their ethers and esters, except those containing more than one oxygen function, and salts thereof, nesoi",New,All investigated economies (universal list),Pharma
2922.29.61,"Amino-naphthols and other amino-phenols and their derivatives, described in additional U.S. note 3 to section VI of the HTSUS",Existing,All investigated economies (universal list),Pharma
2922.29.81,"Amino-naphthols and other amino-phenols, their ethers and esters (not containing more than one oxygen function), and salts thereof, nesoi",Existing,All investigated economies (universal list),Pharma
2922.31.00,"Amfepramone (INN), methadone (INN) and normethadone (INN), and salts thereof",Existing,All investigated economies (universal list),Pharma
2922.39.05,"1-Amino-2,4-dibromoanthraquinone and 2-Amino-5- chlorobenzophenone",New,All investigated economies (universal list),Pharma
2922.39.10,"2'-Amino aceto phenone and other specified aromatic amino-aldehydes, -ketones and -quinones, other than those with more than one oxygen function",New,All investigated economies (universal list),Pharma
2922.39.14,2-Aminoanthraquinone,New,All investigated economies (universal list),Pharma
2922.39.17,1-Aminoanthraquinone,New,All investigated economies (universal list),Pharma
2922.39.25,"Aromatic amino-aldehydes, -ketones and -quinones, other than those with more than one oxygen function, and salts thereof, described in additional U.S. note 3 to section VI of the HTSUS",Existing,All investigated economies (universal list),Pharma
2922.39.45,"Aromatic amino-aldehydes, -ketones and -quinones, other than those with more than one oxygen function, and salts thereof, nesoi",Existing,All investigated economies (universal list),Pharma
2922.39.50,"Nonaromatic amino-aldehydes, -ketones and - quinones, other than those with more than one kind of oxygen function, and salts thereof, nesoi",Existing,All investigated economies (universal list),Pharma
2922.41.00,Lysine and its esters and salts thereof,Existing,All investigated economies (universal list),Pharma
2922.42.10,Monosodium glutamate,New,All investigated economies (universal list),Pharma
2922.42.50,"Glutamic acid and its salts, other than monosodium glutamate",Existing,All investigated economies (universal list),Pharma
2922.43.10,"Anthranilic acid and its salts, described in additional U.S. note 3 to section VI of the HTSUS",New,All investigated economies (universal list),Pharma
2922.43.50,"Anthranilic acid and its salts, nesoi",New,All investigated economies (universal list),Pharma
2922.44.00,Tildine (INN) and its salts,Existing,All investigated economies (universal list),Pharma
2922.49.05,"(R)-α-Aminobenzeneacetic acid; and 2-amino-3- chlorobenzoic acid, methyl ester",New,All investigated economies (universal list),Pharma
2922.49.10,"m-Aminobenzoic acid, technical; and other specified aromatic amino-acids and their esters, except those with more than one oxygen function",Existing,All investigated economies (universal list),Pharma
2922.49.26,"Aromatic amino-acids drugs and their esters, not containing more than one kind of oxygen function, nesoi",Existing,All investigated economies (universal list),Pharma
2922.49.30,"Aromatic amino-acids and their esters, excluding those with more than one oxygen function, and their salts, described in additional U.S. note 3 to section VI of the HTSUS",Existing,All investigated economies (universal list),Pharma
2922.49.37,"Aromatic amino-acids and their esters, not containing more than one oxygen function (excluding goods described in additional U.S. note 3 to section VI of the HTSUS), nesoi",Existing,All investigated economies (universal list),Pharma
2922.49.43,Glycine (aminoacetic acid),New,All investigated economies (universal list),Pharma
2922.49.49,"Nonaromatic amino-acids, other than those containing more than one oxygen function, other than glycine",Existing,All investigated economies (universal list),Pharma
2922.49.60,"3-Aminocrotonic acid, methyl ester; and (R)-α- amino-1,4-cyclohexadiene-1-acetic acid",New,All investigated economies (universal list),Pharma
2922.49.80,"Non-aromatic esters of amino-acids, other than those containing more than one oxygen function, and salts thereof",Existing,All investigated economies (universal list),Pharma
2922.50.07,"3,4-Diaminophenetole dihydrogen sulfate, 2-nitro-5- [(2,3-dihydroxy)propoxy]-N-methylaniline and other specified aromatic chemicals",Existing,All investigated economies (universal list),Pharma
2922.50.10,"Specified aromatic amino-alcohol-phenols, amino- acid-phenols and other amino-compounds with oxygen function",Existing,All investigated economies (universal list),Pharma
2922.50.11,Salts of d(-)-p-Hydroxyphenylglycine ((R)- α- Amino-4-hydroxybenzeneacetic acid),Existing,All investigated economies (universal list),Pharma
2922.50.13,Isoetharine hydrochloride and other specified aromatic drugs of amino-compounds with oxygen function,Existing,All investigated economies (universal list),Pharma
2922.50.14,Other aromatic cardiovascular drugs of amino- compounds with oxygen function,Existing,All investigated economies (universal list),Pharma
2922.50.17,Aromatic dermatological agents and local anesthetics of amino-compounds with oxygen function,Existing,All investigated economies (universal list),Pharma
2922.50.19,Aromatic guaiacol derivatives of amino-compounds with oxygen function,New,All investigated economies (universal list),Pharma
2922.50.25,"Aromatic drugs of amino-compounds with oxygen function, nesoi",Existing,All investigated economies (universal list),Pharma
2922.50.35,"Aromatic amino-alcohol-phenols, amino-acid- phenols and other amino-compounds with oxygen function described in additional U.S. note 3 to section VI of the HTSUS",Existing,All investigated economies (universal list),Pharma
2922.50.40,"Aromatic amino-alcohol-phenols, amino-acid- phenols and other amino-compounds with oxygen function, nesoi",Existing,All investigated economies (universal list),Pharma
2922.50.50,"Nonaromatic amino-alcohol-phenols, amino-acid- phenols and other amino-compounds with oxygen function",Existing,All investigated economies (universal list),Pharma
2923.10.00,Choline and its salts,Existing,All investigated economies (universal list),Pharma
2923.20.10,"Purified egg phospholipids, pharmaceutical grade meeting requirements of the U.S. FDA, for use in intravenous fat emulsion",New,All investigated economies (universal list),Pharma
2923.20.20,"Lecithins and other phosphoaminolipids, nesoi",Existing,All investigated economies (universal list),Pharma
2923.30.00,Tetraethylammonium perfluorooctane sulfonate,New,All investigated economies (universal list),Pharma
2923.40.00,Didecylmethylammonium perfluorooctane sulfonate,New,All investigated economies (universal list),Pharma
2923.90.01,"Quaternary ammonium salts and hydroxides, whether or not chemically defined, nesoi",Existing,All investigated economies (universal list),Pharma
2924.11.00,Meprobamate (INN),Existing,All investigated economies (universal list),Pharma
2924.12.00,"Fluoroacetamide (ISO), monocrotophos (ISO) and phosphamidon (ISO)",New,All investigated economies (universal list),Pharma
2924.19.11,Acyclic amides (including acyclic carbamates),Existing,All investigated economies (universal list),Pharma
2924.19.80,Acyclic amide derivatives and salts thereof; nesoi,Existing,All investigated economies (universal list),Pharma
2924.21.16,"Aromatic ureines and their derivatives, nesoi",Existing,All investigated economies (universal list),Pharma
2924.21.20,"Aromatic ureines, their derivatives and salts thereof, described in additional U.S. note 3 to section VI of the HTSUS",New,All investigated economies (universal list),Pharma
2924.21.45,"Aromatic ureines, their derivatives and salts thereof, nesoi",New,All investigated economies (universal list),Pharma
2924.21.50,Nonaromatic ureines and their derivatives; and salts thereof,Existing,All investigated economies (universal list),Pharma
2924.23.70,2-Acetamidobenzoic acid salts described in additional U.S. note 3 to section VI of the HTSUS,New,All investigated economies (universal list),Pharma
2924.23.75,"2-Acetamidobenzoic acid salts, nesoi",New,All investigated economies (universal list),Pharma
2924.24.00,Ethinamate (INN),New,All investigated economies (universal list),Pharma
2924.25.00,Alachlor (ISO),New,All investigated economies (universal list),Pharma
2924.29.01,"p-Acetanisidide; p-acetoacetatoluidide; 4'-amino-N- methylacetanilide; 2,5-dimethoxyacetanilide; and N- (7-hydroxy-1-naphthyl)acetamide",Existing,All investigated economies (universal list),Pharma
2924.29.03,"3,5-Dinitro-o-toluamide",Existing,All investigated economies (universal list),Pharma
2924.29.05,"Biligrafin acid; 3,5-diacetamido-2,4,6-triiodobenzoic acid; and metrizoic acid",New,All investigated economies (universal list),Pharma
2924.29.10,"Acetanilide; N-acetylsulfanilyl chloride; aspartame; and 2-methoxy-5-acetamino-N,N-bis(2- acetoxyethyl)aniline",Existing,All investigated economies (universal list),Pharma
2924.29.23,"4-Aminoacetanilide; 2-2-oxamidobis[ethyl-3-(3,5-di- tert-butyl-4-hydroxyphenyl)propionate]; and other specified cyclic amide chemicals",Existing,All investigated economies (universal list),Pharma
2924.29.26,3-Aminomethoxybenzanilide,Existing,All investigated economies (universal list),Pharma
2924.29.28,"N-[[(4- Chlorophenyl)amino]carbonyl]difluorobenzamide; and 3,5-dichloro-N-(1,1-dimethyl-2- propynyl)benzamide (pronamide)",Existing,All investigated economies (universal list),Pharma
2924.29.33,3-Hydroxy-2-naphthanilide; 3-hydroxy-2-naphtho-o- toluidide; 3-hydroxy-2-naphtho-o-anisidine; 3- hydroxy-2-naphtho-o-phenetidide; and other,Existing,All investigated economies (universal list),Pharma
2924.29.57,Diethylaminoacetoxylidide (Lidocaine),Existing,All investigated economies (universal list),Pharma
2924.29.62,Other aromatic cyclic amides and derivatives for use as drugs,Existing,All investigated economies (universal list),Pharma
2924.29.65,5-Bromoacetyl-2-salicylamide,New,All investigated economies (universal list),Pharma
2924.29.71,"Aromatic cyclic amides and their derivatives, described in additional U.S. note 3 to section VI of the HTSUS, nesoi",Existing,All investigated economies (universal list),Pharma
2924.29.77,"Aromatic cyclic amides (including cyclic carbamates), their derivatives and salts thereof, nesoi",Existing,All investigated economies (universal list),Pharma
2924.29.80,"2,2-Dimethylcyclopropylcarboxamide",Existing,All investigated economies (universal list),Pharma
2924.29.95,"Other nonaromatic cyclic amides, their derivatives and salts thereof; nesoi",Existing,All investigated economies (universal list),Pharma
2925.12.00,Glutethimide (INN),Existing,All investigated economies (universal list),Pharma
2925.19.42,"Other aromatic imides, their derivatives and salts thereof; nesoi",Existing,All investigated economies (universal list),Pharma
2925.19.91,Other non-aromatic imides and their derivatives,Existing,All investigated economies (universal list),Pharma
2925.21.00,Chlordimeform (ISO),Existing,All investigated economies (universal list),Pharma
2925.29.10,"N'-(4-Chloro-o-tolyl)-N,N-dimethylformamidine; bunamidine hydrochloride; and pentamidine",New,All investigated economies (universal list),Pharma
2925.29.18,"N,N'-Diphenylguanidine; 3-Dimethyl amino methyleneiminophenol hydrochloride; 1,3-Di-o- tolylguanidine; and N,N-Dimethyl-N'-[3- [[(methylamino) carbonyl]- oxy] phenyl] methanimidamide monohydro- chloride",New,All investigated economies (universal list),Pharma
2925.29.20,"Aromatic drugs of imines and their derivatives, nesoi",Existing,All investigated economies (universal list),Pharma
2925.29.60,"Aromatic imines, their derivatives and salts thereof (excluding drugs), nesoi",Existing,All investigated economies (universal list),Pharma
2925.29.70,Tetramethylguanidine,New,All investigated economies (universal list),Pharma
2925.29.90,"Non-aromatic imines, their derivatives and salts thereof",Existing,All investigated economies (universal list),Pharma
2926.30.10,Fenproporex (INN) and its salts,Existing,All investigated economies (universal list),Pharma
2926.40.00,alpha-Phenylacetoacetonitrile,Existing,All investigated economies (universal list),Pharma
2926.90.14,p-Chlorobenzonitrile and verapamil hydrochloride,Existing,All investigated economies (universal list),Pharma
2926.90.30,Other aromatic nitrile-function pesticides,New,All investigated economies (universal list),
2926.90.43,"Aromatic nitrile-function compounds, nesoi, described in additional U.S. note 3 to section VI of the HTSUS",Existing,All investigated economies (universal list),Pharma
2926.90.48,"Aromatic nitrile-function compounds other than those products described in additional U.S. note 3 to section VI of the HTSUS, nesoi",Existing,All investigated economies (universal list),Pharma
2926.90.50,"Nonaromatic nitrile-function compounds, nesoi",Existing,All investigated economies (universal list),Pharma
2927.00.40,"Diazo-, azo- or azoxy-compounds, nesoi, described in additional U.S. note 3 to section VI of the HTSUS",Existing,All investigated economies (universal list),Pharma
2927.00.50,"Other diazo-, azo- or azoxy-compounds, nesoi",Existing,All investigated economies (universal list),Pharma
2928.00.10,Methyl ethyl ketoxime,New,All investigated economies (universal list),Pharma
2928.00.15,Phenylhydrazine,New,All investigated economies (universal list),Pharma
2928.00.25,Aromatic organic derivatives of hydrazine or of hydroxylamine,Existing,All investigated economies (universal list),Pharma
2928.00.30,"Nonaromatic drugs of organic derivatives of hydrazine or of hydroxylamine, other than Methyl ethyl ketoxime",Existing,All investigated economies (universal list),Pharma
2928.00.50,"Nonaromatic organic derivatives of hydrazine or of hydroxylamine, nesoi",Existing,All investigated economies (universal list),Pharma
2929.90.05,"2,2-Bis(4-cyanatophenyl)-1,1,1,3,3,3,- hexafluoropropane; 2,2-bis(4- cyanatophenyl)propane; 1,1-ethylidenebis(phenyl-4- cyanate); and 2 others",New,All investigated economies (universal list),Pharma
2929.90.15,"Other aromatic compounds with other nitrogen function, described in additional U.S. note 3 to section VI of the HTSUS",New,All investigated economies (universal list),Pharma
2929.90.20,"Aromatic compounds with other nitrogen function, nesoi",Existing,All investigated economies (universal list),Pharma
2929.90.50,"Nonaromatic compounds with other nitrogen functions, except isocyanates",Existing,All investigated economies (universal list),Pharma
2930.10.01,"2-(N,N-Dimethylamino) ethanethiol",New,All investigated economies (universal list),Pharma
2930.20.10,Aromatic pesticides of thiocarbamates and dithiocarbamates,New,All investigated economies (universal list),
2930.20.20,"Aromatic compounds of thiocarbamates and dithiocarbamates, excluding pesticides",Existing,All investigated economies (universal list),Pharma
2930.20.90,Other non-aromatic thiocarbamates and dithiocarbamates,Existing,All investigated economies (universal list),Pharma
2930.30.60,"Thiuram mono-, di- or tetrasulfides, other than tetramethylthiuram monosulfide",Existing,All investigated economies (universal list),Pharma
2930.40.00,Methionine,New,All investigated economies (universal list),Pharma
2930.60.00,"2-(N,N-Diethylamino)ethanethiol",New,All investigated economies (universal list),Pharma
2930.70.00,Bis(2-hydroxyethyl)sulfide (thiodiglycol (INN)),New,All investigated economies (universal list),Pharma
2930.90.29,Other aromatic organo-sulfur compounds (excluding pesticides),Existing,All investigated economies (universal list),Pharma
2930.90.49,"Nonaromatic organo-sulfur acids, nesoi",Existing,All investigated economies (universal list),Pharma
2930.90.92,Other non-aromatic organo-sulfur compounds,Existing,All investigated economies (universal list),Pharma
2931.41.00,Dimethyl methylphosphonate,New,All investigated economies (universal list),Pharma
2931.42.00,Dimethyl propylphosphonate,New,All investigated economies (universal list),Pharma
2931.43.00,Diethyl ethylphosphonate,New,All investigated economies (universal list),Pharma
2931.44.00,Methylphosphonic acid,New,All investigated economies (universal list),Pharma
2931.45.00,Salt of methylphosphonic acid and (aminoiminomethyl)urea (1:1),New,All investigated economies (universal list),Pharma
2931.46.00,"2,4,6-Tripropyl-1,3,5,2,4,6-trioxatriphosphinane 2,4,6-trioxide",New,All investigated economies (universal list),Pharma
2931.47.00,"(5-Ethyl-2-methyl-2-oxido-1,3,2-dioxaphosphinan- 5-yl) methyl methyl methylphosphonate",New,All investigated economies (universal list),Pharma
2931.48.00,"3,9-Dimethyl-2,4,8,10-tetraoxa-3,9-diphosphaspiro [5.5] undecane 3,9-dioxide",New,All investigated economies (universal list),Pharma
2931.49.00,Other non-halogenated organo-phosphorous derivatives,Existing,All investigated economies (universal list),Pharma
2931.51.00,Methylphosphonic dichloride,New,All investigated economies (universal list),Pharma
2931.52.00,Propylphosphonic dichloride,New,All investigated economies (universal list),Pharma
2931.53.00,O-(3-chloropropyl) O-[4-nitro-3- (trifluoromethyl)phenyl] methylphosphonothionate,Existing,All investigated economies (universal list),Pharma
2931.54.00,Trichlorfon (ISO),New,All investigated economies (universal list),Pharma
2931.59.00,Other halogenated organo-phosphorous derivatives,New,All investigated economies (universal list),Pharma
2931.90.22,Drugs of aromatic organo-inorganic compounds,Existing,All investigated economies (universal list),Pharma
2931.90.30,"Aromatic organo-inorganic compounds, nesoi, described in additional U.S. note 3 to section VI of the HTSUS",New,All investigated economies (universal list),Pharma
2931.90.60,Other aromatic organo-inorganic compounds (excluding products described in additional U.S. note 3 to section VI of the HTSUS),New,All investigated economies (universal list),Pharma
2931.90.90,Other non-aromatic organo-inorganic compounds,Existing,All investigated economies (universal list),Pharma
2932.11.00,Tetrahydrofuran,New,All investigated economies (universal list),Pharma
2932.14.00,Sucralose,Existing,All investigated economies (universal list),Pharma
2932.19.10,"Aromatic heterocyclic compounds with oxygen hetero-atom(s) only, containing an unfused furan ring, nesoi",New,All investigated economies (universal list),Pharma
2932.19.51,Nonaromatic compounds containing an unfused furan ring (whether or not hydrogenated) in the ring,Existing,All investigated economies (universal list),Pharma
2932.20.05,"Coumarin, methylcoumarins and ethylcoumarins",New,All investigated economies (universal list),Pharma
2932.20.20,Aromatic drugs of lactones,Existing,All investigated economies (universal list),Pharma
2932.20.25,4-Hydroxycoumarin,New,All investigated economies (universal list),Pharma
2932.20.30,"Aromatic lactones, nesoi, described in additional U.S. note 3 to section VI of the HTSUS",Existing,All investigated economies (universal list),Pharma
2932.20.45,"Aromatic lactones, nesoi",New,All investigated economies (universal list),Pharma
2932.20.50,Nonaromatic lactones,Existing,All investigated economies (universal list),Pharma
2932.95.00,Tetrahydrocannabinols (all isomers),New,All investigated economies (universal list),Pharma
2932.99.04,"2,2-Dimethyl-1,3-benzodioxol-4-yl methylcarbamate (Bendiocarb)",New,All investigated economies (universal list),Pharma
2932.99.08,"2-Ethoxy-2,3-dihydro-3,3-dimethyl-5- benzofuranylmethanesulfonate",New,All investigated economies (universal list),Pharma
2932.99.21,"Aromatic pesticides of heterocyclic compounds with oxygen hetero-atom(s) only, nesoi",New,All investigated economies (universal list),Pharma
2932.99.32,Benzofuran (Coumarone); and Dibenzofuran (Diphenylene oxide),New,All investigated economies (universal list),Pharma
2932.99.35,2-Hydroxy-3-dibenzofurancarboxylic acid,New,All investigated economies (universal list),Pharma
2932.99.39,Benzointetrahydropyranyl ester; and Xanthen-9-one,New,All investigated economies (universal list),Pharma
2932.99.55,Bis-O-[(4-methylphenyl)methylene]-D-glucitol (Dimethylbenzylidene sorbitol); and Rhodamine 2C base,New,All investigated economies (universal list),Pharma
2932.99.61,"Aromatic heterocyclic compounds with oxygen hetero-atom(s) only, described in additional U.S. note 3 to section VI of the HTSUS, nesoi",Existing,All investigated economies (universal list),Pharma
2932.99.70,"Aromatic heterocyclic compounds with oxygen hetero-atom(s) only, nesoi",Existing,All investigated economies (universal list),Pharma
2932.99.90,"Nonaromatic heterocyclic compounds with oxygen hetero-atom(s) only, nesoi",Existing,All investigated economies (universal list),Pharma
2933.11.00,Phenazone (Antipyrine) and its derivatives,Existing,All investigated economies (universal list),Pharma
2933.19.08,3-(5-Amino-3-methyl-1H-pyrazol-1- yl)benzenesulfonic acid; amino-J-pyrazolone; and another 12 specified chemicals,New,All investigated economies (universal list),Pharma
2933.19.23,Aromatic or modified aromatic pesticides containing an unfused pyrazole ring (whether or not hydrogenated) in the structure,New,All investigated economies (universal list),
2933.19.35,"Aromatic or modified aromatic drugs of heterocyclic compounds with nitrogen hetero-atom(s) only, containing an unfused pyrazole ring",Existing,All investigated economies (universal list),Pharma
2933.19.37,"Aromatic or modified aromatic compounds, described in additional U.S. note 3 to section VI of",New,All investigated economies (universal list),Pharma
2933.19.43,"Aromatic or modified aromatic compounds (excluding products described in additional U.S. note 3 to section VI of the HTSUS), containing an unfused pyrazole ring in the structure",New,All investigated economies (universal list),Pharma
2933.19.45,"Nonaromatic drugs of heterocyclic compounds with nitrogen hetero-atom(s) only, containing an unfused pyrazole ring",Existing,All investigated economies (universal list),Pharma
2933.19.90,Other compounds (excluding aromatic or modified aromatic compounds and drugs) containing an unfused pyrazole ring (whether or not hydrogenated) in the structure,Existing,All investigated economies (universal list),Pharma
2933.21.00,Hydantoin and its derivatives,Existing,All investigated economies (universal list),Pharma
2933.29.05,1-[1-((4-Chloro-2-(trifluoromethyl)phenyl)imino)-2- propoxyethyl]-1H-imidazole (triflumizole); and Ethylene thiourea,Existing,All investigated economies (universal list),Pharma
2933.29.10,2-Phenylimidazole,New,All investigated economies (universal list),Pharma
2933.29.20,"Aromatic or modified aromatic drugs of heterocyclic compounds with nitrogen hetero-atom(s) only, containing an unfused imidazole ring",Existing,All investigated economies (universal list),Pharma
2933.29.35,"Aromatic or modified aromatic goods, described in additional U.S. note 3 to section VI of the HTSUS, containing an unfused imidazole ring (whether or not hydrogenated) in structure",Existing,All investigated economies (universal list),Pharma
2933.29.43,Aromatic or modified aromatic goods containing an unfused imidazole ring (whether or not hydrogenated) in the structure (excluding products described in additional U.S. note 3 to section VI of the HTSUS),Existing,All investigated economies (universal list),Pharma
2933.29.45,"Nonaromatic drugs of heterocyclic compounds with nitrogen hetero-atom(s) only, containing an unfused imidazole ring, nesoi",Existing,All investigated economies (universal list),Pharma
2933.29.60,Imidazole,Existing,All investigated economies (universal list),Pharma
2933.29.90,"Other compounds (excluding drugs, aromatic and modified aromatic compounds) containing an unfused imidazole ring (whether or not hydrogenated)",Existing,All investigated economies (universal list),Pharma
2933.31.00,Pyridine and its salts,New,All investigated economies (universal list),Pharma
2933.33.01,"Alfentanil (INN), anileridine (INN), bezitramide (INN), bromazepam (INN), difenoxin (INN), and other specified INNs; salts thereof",Existing,All investigated economies (universal list),Pharma
2933.34.00,"Other fentanyls and their derivatives, containing an unfused pyrazole ring",Existing,All investigated economies (universal list),Pharma
2933.35.00,3-Quinuclidinol,Existing,All investigated economies (universal list),Pharma
2933.36.00,4-Anilino-N-phenethylpiperidine (ANPP),New,All investigated economies (universal list),Pharma
2933.37.00,N-Phenethyl-4-piperidone (NPP),Existing,All investigated economies (universal list),Pharma
2933.39.08,"1-(3-Sulfapropyl)pryidinium hydroxide; N,N- bis(2,2,6,6-tetramethyl-4-piperidinyl)-1,6- hexanediamine; and 5 other specified chemicals",Existing,All investigated economies (universal list),Pharma
2933.39.10,"Collidines, lutidines and picolines",Existing,All investigated economies (universal list),Pharma
2933.39.20,"p-Chloro-2-benzylpyridine and other specified heterocyclic compounds, with nitrogen hetero- atom(s) only, containing an unfused pyridine ring",Existing,All investigated economies (universal list),Pharma
2933.39.21,"Fungicides of heterocyclic compounds with nitrogen hetero-atom(s) only, containing an unfused pyridine ring",Existing,All investigated economies (universal list),Pharma
2933.39.23,o-Paraquat dichloride,Existing,All investigated economies (universal list),Pharma
2933.39.25,"Herbicides nesoi, of heterocyclic compounds with nitrogen hetero-atom(s) only, containing an unfused pyridine ring",Existing,All investigated economies (universal list),Pharma
2933.39.27,"Pesticides nesoi, of heterocyclic compounds with nitrogen hetero-atom(s) only, containing an unfused pyridine ring",Existing,All investigated economies (universal list),Pharma
2933.39.31,"Psychotherapeutic agents of heterocyclic compounds with nitrogen hetero-atom(s) only, containing an unfused pyridine ring, nesoi",Existing,All investigated economies (universal list),Pharma
2933.39.41,"Drugs containing an unfused pyridine ring (whether or not hydrogenated) in the structure, nesoi",Existing,All investigated economies (universal list),Pharma
2933.39.61,"Heterocyclic compounds with nitrogen hetero- atom(s) only, containing an unfused pyridine ring, described in additional U.S. note 3 to section VI of the HTSUS",Existing,All investigated economies (universal list),Pharma
2933.39.92,"Heterocyclic compounds with nitrogen hetero- atom(s) only, containing an unfused pyridine ring, nesoi",Existing,All investigated economies (universal list),Pharma
2933.41.00,Levorphenol (INN) and its salts,Existing,All investigated economies (universal list),Pharma
2933.49.08,"4,7-Dichloroquinoline",Existing,All investigated economies (universal list),Pharma
2933.49.10,"Ethoxyquin (1,2-Dihydro-6-ethoxy-2,2,4- trimethylquinoline)",Existing,All investigated economies (universal list),Pharma
2933.49.15,8-Methylquinoline and Isoquinoline,Existing,All investigated economies (universal list),Pharma
2933.49.17,"Ethyl ethyl-6,7,8-trifluoro-1,4-dihydro-4-oxo-3- quinoline carboxylate",Existing,All investigated economies (universal list),Pharma
2933.49.20,5-Chloro-7-iodo-8-quinolinol (Iodochlorhydroxyquin); Decoquinate; Diiodohydroxyquin; and Oxyquinoline sulfate,Existing,All investigated economies (universal list),Pharma
2933.49.26,"Drugs containing a quinoline or isoquinoline ring- system (whether or not hydrogenated), not further fused, nesoi",Existing,All investigated economies (universal list),Pharma
2933.49.30,"Pesticides of heterocyclic compounds with nitrogen hetero-atom(s) only, containing a quinoline or isoquinoline ring-system, not further fused",Existing,All investigated economies (universal list),Pharma
2933.49.60,"Products described in additional U.S. note 3 to section VI of the HTSUS containing quinoline or isoquinoline ring-system (whether or not hydrogenated), not further fused",Existing,All investigated economies (universal list),Pharma
2933.49.70,"Heterocyclic compounds with nitrogen hetero- atom(s) only, containing a quinoline ring-system, not further fused, nesoi",Existing,All investigated economies (universal list),Pharma
2933.52.10,Malonylurea (barbituric acid),Existing,All investigated economies (universal list),Pharma
2933.52.90,Salts of barbituric acid,Existing,All investigated economies (universal list),Pharma
2933.53.00,"Allobarbital (INN), amobarbital (INN), barbital (INN), butalbital (INN), butobarbital, and other specified INNs; salts thereof",Existing,All investigated economies (universal list),Pharma
2933.54.00,Other derivatives of malonylurea (barbituric acid); salts thereof,Existing,All investigated economies (universal list),Pharma
2933.55.00,"Loprazolam (INN), mecloqualone (INN), methaqualone (INN) and zipeprol (INN); salts thereof",New,All investigated economies (universal list),Pharma
2933.59.10,"Aromatic or modified aromatic herbicides of heterocyclic compounds with nitrogen hetero- atom(s) only, containing a pyrimidine or piperazine ring",Existing,All investigated economies (universal list),Pharma
2933.59.15,"Aromatic or modified aromatic pesticides nesoi, of heterocyclic compounds with nitrogen hetero- atom(s) only, containing a pyrimidine or piperazine ring",Existing,All investigated economies (universal list),Pharma
2933.59.18,"Nonaromatic pesticides of heterocyclic compounds with nitrogen hetero-atom(s) only, containing a pyrimidine or piperazine ring, nesoi",Existing,All investigated economies (universal list),Pharma
2933.59.21,"Antihistamines, including those principally used as antinauseants",Existing,All investigated economies (universal list),Pharma
2933.59.22,Nicarbazin and trimethoprim,Existing,All investigated economies (universal list),Pharma
2933.59.36,"Anti-infective agents nesoi, of heterocyclic compounds with nitrogen hetero-atom(s) only, containing a pyrimidine or piperazine ring",Existing,All investigated economies (universal list),Pharma
2933.59.46,"Psychotherapeutic agents of heterocyclic compounds with nitrogen hetero-atom(s) only, containing a pyrimidine or piperazine ring, nesoi",Existing,All investigated economies (universal list),Pharma
2933.59.53,Other aromatic or modified aromatic drugs containing a pyrimidine ring (whether or not hydrogenated) or piperazine ring in the structure,Existing,All investigated economies (universal list),Pharma
2933.59.59,"Nonaromatic drugs of heterocyclic compounds nesoi, with nitrogen hetero-atom(s) only, containing a pyrimidine or piperazine ring",Existing,All investigated economies (universal list),Pharma
2933.59.70,"Aromatic heterocyclic compounds nesoi, with nitrogen hetero-atom(s) only, containing a pyrimidine or piperazine ring, described in additional U.S. note 3 to section VI of the HTSUS",Existing,All investigated economies (universal list),Pharma
2933.59.80,"Aromatic or modified aromatic heterocyclic compounds nesoi, with nitrogen hetero-atom(s) only, containing a pyrimidine or piperazine ring",Existing,All investigated economies (universal list),Pharma
2933.59.85,"2-Amino-4-chloro-6-methoxypyrimidine; 2-amino- 4,6-dimethoxypyrimidine; and 6-methyluracil",Existing,All investigated economies (universal list),Pharma
2933.59.95,Other (excluding aromatic or modified aromatic) compounds containing a pyrimidine ring (whether or not hydrogenated) or piperazine ring in the structure,Existing,All investigated economies (universal list),Pharma
2933.69.50,Hexamethylenetetramine,New,All investigated economies (universal list),Pharma
2933.69.60,Other compounds containing an unfused triazine ring (whether or not hydrogenated) in the structure,Existing,All investigated economies (universal list),Pharma
2933.72.00,Clobazam (INN) and methyprylon (INN),Existing,All investigated economies (universal list),Pharma
2933.79.04,"2,4-Dihydro-3,6-diphenylpyrrolo-(3,4-C)pyrrole-1,4- dione",New,All investigated economies (universal list),Pharma
2933.79.08,"Aromatic or modified aromatic lactams with nitrogen hetero-atoms only, described in additional U.S. note 3 to section VI of the HTSUS",Existing,All investigated economies (universal list),Pharma
2933.79.15,"Aromatic or modified aromatic lactams, nesoi",Existing,All investigated economies (universal list),Pharma
2933.79.20,N-Methyl-2-pyrrolidone; and 2-pyrrolidone,New,All investigated economies (universal list),Pharma
2933.79.30,"N-Vinyl-2-pyrrolidone, monomer",New,All investigated economies (universal list),Pharma
2933.79.40,12-Aminododecanoic acid lactam,New,All investigated economies (universal list),Pharma
2933.79.85,"Aromatic or modified aromatic lactams with nitrogen hetero-atoms only, nesoi",Existing,All investigated economies (universal list),Pharma
2933.91.00,"Alprazolam (INN), camazepam (INN), chlordiazepoxide (INN), clonazepam (INN), clorazepate, and other specified INNs; salts thereof",Existing,All investigated economies (universal list),Pharma
2933.99.01,Butyl (R)-2-[4-(5-triflouromethyl-2- pyridinyloxy)phenoxy]propanoate,Existing,All investigated economies (universal list),Pharma
2933.99.02,"2-[4-[(6-Chloro-2- quinoxalinyl)oxy]phenoxy]propionic acid, ethyl ester; and 1 other specified aromatic chemical",Existing,All investigated economies (universal list),Pharma
2933.99.05,Acridine and indole,Existing,All investigated economies (universal list),Pharma
2933.99.06,"α-Butyl-α-(4-chlorophenyl)-1H-1,2,4-triazole-1- propanenitrile (Mycolbutanil); and one other specified aromatic chemical",Existing,All investigated economies (universal list),Pharma
2933.99.08,"Acetoacetyl-5-aminobenzimidazolone; 1,3,3- Trimethyl-2-methyleneindoline; and two other specified aromatic chemicals",Existing,All investigated economies (universal list),Pharma
2933.99.11,Carbazole,Existing,All investigated economies (universal list),Pharma
2933.99.12,"6-Bromo-5-methyl-1H-imidazo-(4,5-b)pyridine; 2- sec-butyl-4-tert-butyl-6-(benzotriazol-2-yl)phenol; 2- methylindoline; and other chemicals specified",Existing,All investigated economies (universal list),Pharma
2933.99.14,5-Amino-4-chloro-a-phenyl-3-pyridazinone,New,All investigated economies (universal list),Pharma
2933.99.16,"o-Diquat dibromide (1,1-Ethylene-2,2’-dipyridylium dibromide)",Existing,All investigated economies (universal list),Pharma
2933.99.17,"Aromatic or modified aromatic insecticides with nitrogen hetero-atom(s) only, nesoi",Existing,All investigated economies (universal list),Pharma
2933.99.22,"Other heterocyclic aromatic or modified aromatic pesticides with nitrogen hetero-atom(s) only, nesoi",Existing,All investigated economies (universal list),Pharma
2933.99.24,Aromatic or modified aromatic photographic chemicals with nitrogen hetero-atom(s) only,Existing,All investigated economies (universal list),Pharma
2933.99.26,Aromatic or modified aromatic antihistamines of heterocyclic compounds with nitrogen hetero- atom(s) only,Existing,All investigated economies (universal list),Pharma
2933.99.42,Acriflavin; Acriflavin hydrochloride; Carbadox; Pyrazinamide,Existing,All investigated economies (universal list),Pharma
2933.99.46,"Aromatic or modified aromatic anti-infective agents of heterocyclic compounds with nitrogen hetero- atom(s) only, nesoi",Existing,All investigated economies (universal list),Pharma
2933.99.51,Hydralazine hydrochloride,Existing,All investigated economies (universal list),Pharma
2933.99.53,"Aromatic or modified aromatic cardiovascular drugs of heterocyclic compounds with nitrogen hetero- atom(s) only, nesoi",Existing,All investigated economies (universal list),Pharma
2933.99.55,"Aromatic or modified aromatic analgesics and certain like affecting chemicals, of heterocyclic compounds with nitrogen hetero-atom(s) only",Existing,All investigated economies (universal list),Pharma
2933.99.58,Droperidol; and Imipramine hydrochloride,Existing,All investigated economies (universal list),Pharma
2933.99.61,"Aromatic or modified aromatic psychotherapeutic agents, affecting the central nervous system, of heterocyclic compounds with nitrogen hetero- atom(s) only, nesoi",Existing,All investigated economies (universal list),Pharma
2933.99.65,"Aromatic or modified aromatic anticonvulsants, hypnotics and sedatives, of heterocyclic compounds with nitrogen hetero-atom(s) only, nesoi",Existing,All investigated economies (universal list),Pharma
2933.99.70,"Aromatic or modified aromatic drugs affecting the central nervous system, of heterocyclic compounds with nitrogen atom(s) only, nesoi",Existing,All investigated economies (universal list),Pharma
2933.99.75,"Aromatic or modified aromatic drugs of heterocyclic compounds with nitrogen hetero-atom(s) only, nesoi",Existing,All investigated economies (universal list),Pharma
2933.99.79,"Aromatic or modified aromatic compounds with nitrogen hetero-atom(s) only, described in additional U.S. note 3 to section VI of the HTSUS",Existing,All investigated economies (universal list),Pharma
2933.99.82,"Aromatic or modified aromatic compounds with nitrogen hetero-atom(s) only, excluding products described in additional U.S. note 3 to section VI of the HTSUS, nesoi",Existing,All investigated economies (universal list),Pharma
2933.99.85,"3-Amino-1,2,4-triazole",Existing,All investigated economies (universal list),Pharma
2933.99.89,Hexamethyleneimine,Existing,All investigated economies (universal list),Pharma
2933.99.90,"Nonaromatic drugs of heterocyclic compounds with nitrogen hetero-atom(s) only, nesoi",Existing,All investigated economies (universal list),Pharma
2933.99.97,"Nonaromatic heterocyclic compounds with nitrogen hetero-atom(s) only, nesoi",Existing,All investigated economies (universal list),Pharma
2934.10.10,"Aromatic or modified aromatic heterocyclic compounds containing an unfused thiazole ring, described in additional U.S. note 3 to section VI of the HTSUS",Existing,All investigated economies (universal list),Pharma
2934.10.20,"Aromatic or modified aromatic heterocyclic compounds, nesoi, containing an unfused thiazole ring",Existing,All investigated economies (universal list),Pharma
2934.10.70,"4,5-Dichloro-2-n-octyl-4-isothiazolin-3-one; thiothiamine hydrochloride; and 4 other specified chemicals",New,All investigated economies (universal list),Pharma
2934.10.90,Other (excluding aromatic or modified aromatic) compounds containing an unfused thiazole ring (whether or not hydrogenated) in the structure,Existing,All investigated economies (universal list),Pharma
2934.20.40,"Heterocyclic compounds containing a benzothiazole ring-system, not further fused, described in additional U.S. note 3 to section VI of the HTSUS",Existing,All investigated economies (universal list),Pharma
2934.20.80,"Other compounds containing a benzothiazole ring system (whether or not hydrogenated), not further fused",Existing,All investigated economies (universal list),Pharma
2934.30.18,"Ethyl (1H-phenothiazin-2,4,1)carbamate",New,All investigated economies (universal list),Pharma
2934.30.23,"Antidepressants, tranquilizers and other psychotherapeutic agents containing a phenothiazine ring-system, not further fused",Existing,All investigated economies (universal list),Pharma
2934.30.27,"Other drugs containing a phenothiazine ring system (whether or not hydrogenated), not further fused, nesoi",Existing,All investigated economies (universal list),Pharma
2934.30.43,"Products described in additional U.S. note 3 to section VI of the HTSUS containing a phenothiazine ring system (whether or not hydrogenated), not further fused",Existing,All investigated economies (universal list),Pharma
2934.30.50,"Heterocyclic compounds containing a phenothiazine ring-system (whether or not hydrogenated), not further fused, nesoi",Existing,All investigated economies (universal list),Pharma
2934.91.00,"Aminorex (INN), brotizolam (INN), clotiazepam (INN), cloxazolam (INN), dextromoramide (INN), and other specified INNs; salts thereof",Existing,All investigated economies (universal list),Pharma
2934.92.00,"Other fentanyls and their derivatives, containing an unfused thiazole ring",Existing,All investigated economies (universal list),Pharma
2934.99.01,Mycophenolate mofetil,Existing,All investigated economies (universal list),Pharma
2934.99.03,2-Acetylbenzo(b)thiophene; and 2 other specified aromatic or modified aromatic compounds,Existing,All investigated economies (universal list),Pharma
2934.99.05,"5-Amino-3-phenyl-1,2,4-thiadiazole(3-Phenyl-5- amino-1,2,4-thiadiazole); and 3 other specified aromatic or modified aromatic heterocyclic compounds",Existing,All investigated economies (universal list),Pharma
2934.99.06,"7-Nitronaphth[1,2]oxadiazole-5-sulfonic acid and its salts",Existing,All investigated economies (universal list),Pharma
2934.99.07,Ethyl 2-[4-[(6-chloro-2- benzoxazoyl)oxy]phenoxy]propanoate (Fenoxaprop- ethyl),Existing,All investigated economies (universal list),Pharma
2934.99.08,"2,5-Diphenyloxazole",Existing,All investigated economies (universal list),Pharma
2934.99.09,"1,2-Benzisothiazolin-3-one",Existing,All investigated economies (universal list),Pharma
2934.99.11,"2-tert-Butyl-4-(2,4-dichloro-5-isopropoxyphenyl)- Δ2-1,3,4-oxadiazolin-5-one; Bentazon; Phosalone",Existing,All investigated economies (universal list),Pharma
2934.99.12,"Aromatic or modified aromatic fungicides of other heterocyclic compounds, nesoi",Existing,All investigated economies (universal list),Pharma
2934.99.15,"Aromatic or modified aromatic herbicides of other heterocyclic compounds, nesoi",Existing,All investigated economies (universal list),Pharma
2934.99.16,"Aromatic or modified aromatic insecticides of other heterocyclic compounds, nesoi",Existing,All investigated economies (universal list),Pharma
2934.99.18,"Aromatic or modified aromatic pesticides nesoi, of other heterocyclic compounds, nesoi",Existing,All investigated economies (universal list),Pharma
2934.99.20,"Aromatic or modified aromatic photographic chemicals of other heterocyclic compounds, nesoi",Existing,All investigated economies (universal list),Pharma
2934.99.30,"Aromatic or modified aromatic drugs of other heterocyclic compounds, nesoi",Existing,All investigated economies (universal list),Pharma
2934.99.39,"Aromatic or modified aromatic, other heterocyclic compounds, described in additional U.S. note 3 to section VI of the HTSUS",Existing,All investigated economies (universal list),Pharma
2934.99.44,"Aromatic or modified aromatic, other heterocyclic compounds, nesoi",Existing,All investigated economies (universal list),Pharma
2934.99.47,"Nonaromatic drugs of other heterocyclic compounds, nesoi",Existing,All investigated economies (universal list),Pharma
2934.99.70,"Morpholinoethyl chloride hydrochloride; 2-Methyl- 2,5-dioxo-1-oxa-2-phospholan; and (6R-trans)-7- Amino-3-methyl-8-oxo-5- thia-1-azabicyclo[4.2.0]- oct-2-ene-2- carboxylic acid",Existing,All investigated economies (universal list),Pharma
2934.99.90,"Nonaromatic other heterocyclic compounds, nesoi",Existing,All investigated economies (universal list),Pharma
2935.50.00,Other perfluorooctane sulfonamides,Existing,All investigated economies (universal list),Pharma
2935.90.06,4-Amino-6-chloro-m-benzenedisulfonamide and Methyl-4-aminobenzenesulfonylcarbamate (Asulam),Existing,All investigated economies (universal list),Pharma
2935.90.10,2-Amino-N-Ethylbenzenesulfonanilide etc,Existing,All investigated economies (universal list),Pharma
2935.90.13,(5-[2-Chloro-4-(Trifluoromeythyl)phenoxy]-N- (Methylsulfonyl)-2-Nitrobenzamide)(fomesafen); etc,Existing,All investigated economies (universal list),Pharma
2935.90.15,ortho-Toluenesulfonamide,Existing,All investigated economies (universal list),Pharma
2935.90.20,Sulfonamides used as fast color bases and fast color salts,Existing,All investigated economies (universal list),Pharma
2935.90.29,Acetylsulfaguanidine,New,All investigated economies (universal list),Pharma
2935.90.30,Sulfamethazine,Existing,All investigated economies (universal list),Pharma
2935.90.32,"Acetylsulfisoxazole; Sulfacetamide, sodium; and Sulfamethazine, sodium",Existing,All investigated economies (universal list),Pharma
2935.90.33,"Sulfathiazole and Sulfathiazole, sodium",Existing,All investigated economies (universal list),Pharma
2935.90.42,Salicylazosulfapyridine (Sulfasalazine); Sulfadiazine; Sulfaguanidine; Sulfamerizine; and Sulfapyridine,Existing,All investigated economies (universal list),Pharma
2935.90.48,Other sulfonamides used as anti-infective agents,Existing,All investigated economies (universal list),Pharma
2935.90.60,Other sulfonamide drugs (excluding anti-infective agents),Existing,All investigated economies (universal list),Pharma
2935.90.75,"Other sulfonamides (excluding fast color bases, fast color salts, and drugs) of products described in additional U.S. note 3 to section VI of the HTSUS",Existing,All investigated economies (universal list),Pharma
2935.90.95,"Other sulfonamides, excluding fast color bases, fast color salts, and drugs and products described in additional U.S. note 3 to section VI of the HTSUS",Existing,All investigated economies (universal list),Pharma
2936.21.00,"Vitamins A and their derivatives, unmixed, natural or synthesized",Existing,All investigated economies (universal list),
2936.22.00,"Vitamin B1 (Thiamine) and its derivatives, unmixed, natural or synthesized",Existing,All investigated economies (universal list),
2936.23.00,"Vitamin B2 (Riboflavin) and its derivatives, unmixed, natural or synthesized",Existing,All investigated economies (universal list),
2936.24.01,"Vitamin B5 (D- or DL-Pantothenic acid) and its derivatives, unmixed, natural or synthesized",Existing,All investigated economies (universal list),
2936.25.00,"Vitamin B6 (Pyridoxine and related compounds with Vitamin B6 activity) and its derivatives, unmixed, natural or synthesized",Existing,All investigated economies (universal list),
2936.26.00,"Vitamin B12 (Cyanocobalamin and related compounds with Vitamin B12 activity) and its derivatives, unmixed, natural or synthesized",Existing,All investigated economies (universal list),
2936.27.00,"Vitamin C (Ascorbic acid) and its derivatives, unmixed, natural or synthesized",Existing,All investigated economies (universal list),
2936.28.00,"Vitamin E (Tocopherols and related compounds with Vitamin E activity) and its derivatives, unmixed, natural or synthesized",Existing,All investigated economies (universal list),
2936.29.10,"Folic acid and its derivatives, unmixed",Existing,All investigated economies (universal list),
2936.29.16,Niacin and niacinamide,Existing,All investigated economies (universal list),
2936.29.20,"Aromatic or modified aromatic vitamins and their derivatives, nesoi",Existing,All investigated economies (universal list),
2936.29.50,"Other vitamins and their derivatives, nesoi",Existing,All investigated economies (universal list),
2936.90.01,"Vitamins or provitamins (including natural concentrates) and intermixtures of the foregoing, whether or not in any solvent",Existing,All investigated economies (universal list),
2937.11.00,"Somatotropin, its derivatives and structural analogues",Existing,All investigated economies (universal list),
2937.12.00,Insulin and its salts,Existing,All investigated economies (universal list),
2937.19.00,"Polypeptide hormones, protein hormones and glycoprotein hormones, their derivatives and structural analogues, nesoi",Existing,All investigated economies (universal list),
2937.21.00,"Cortisone, hydrocortisone, prednisone (Dehydrocortisone) and prednisolone (Dehydrohydrocortisone)",Existing,All investigated economies (universal list),
2937.22.00,Halogenated derivatives of adrenal cortical hormones,Existing,All investigated economies (universal list),
2937.23.10,Estrogens and progestins obtained directly or indirectly from animal or vegetable materials,Existing,All investigated economies (universal list),
2937.23.25,Estradiol benzoate; and Estradiol cyclopentylpropionate (estradiol cypionate),Existing,All investigated economies (universal list),
2937.23.50,"Other estrogens and progestins not derived from animal or vegetable materials, nesoi",Existing,All investigated economies (universal list),
2937.29.10,Desonide; and Nandrolone phenpropionate,Existing,All investigated economies (universal list),
2937.29.90,"Steroidal hormones, their derivatives and structural analogues, nesoi",Existing,All investigated economies (universal list),
2937.50.00,"Prostaglandins, thromboxanes and leukotrienes, their derivatives and structural analogues",Existing,All investigated economies (universal list),
2937.90.05,Epinephrine,Existing,All investigated economies (universal list),
2937.90.10,Epinephrine hydrochloride,Existing,All investigated economies (universal list),
2937.90.20,"Catecholamine hormones, their derivatives and structural analogues, nesoi",Existing,All investigated economies (universal list),
2937.90.40,"l-Thyroxine(Levothyroxine), sodium",Existing,All investigated economies (universal list),
2937.90.45,"Amino-acid derivatives of hormones and their derivatives, nesoi",Existing,All investigated economies (universal list),
2937.90.90,"Other hormones, their derivatives and structural analogues, other steroid derivatives and structural analogue used primarily as hormones, nesoi",Existing,All investigated economies (universal list),
2938.10.00,Rutoside (Rutin) and its derivatives,Existing,All investigated economies (universal list),Pharma
2938.90.00,"Glycosides, natural or synthesized, and their salts, ethers, esters, and other derivatives other than rutoside and its derivatives",Existing,All investigated economies (universal list),Pharma
2939.11.00,"Concentrates of poppy straw; buprenorphine (INN), codeine, dihydrocodeine (INN), ethylmorphine, and other specified INNs; salts thereof",Existing,All investigated economies (universal list),
2939.19.10,Papaverine and its salts,Existing,All investigated economies (universal list),
2939.19.20,"Synthetic alkaloids of opium, their derivatives and salts thereof, nesoi",Existing,All investigated economies (universal list),
2939.19.50,"Nonsynthetic alkaloids of opium, their derivatives and salts thereof, nesoi",Existing,All investigated economies (universal list),
2939.20.00,"Alkaloids of cinchona, their derivatives and salts thereof, other than quinine and its salts",Existing,All investigated economies (universal list),
2939.30.00,Caffeine and its salts,Existing,All investigated economies (universal list),
2939.41.00,Ephedrine and its salts,Existing,All investigated economies (universal list),
2939.42.00,Pseudoephedrine (INN) and its salts,Existing,All investigated economies (universal list),
2939.43.00,Cathine (INN) and its salts,New,All investigated economies (universal list),Pharma
2939.44.00,Norephedrine and its salts,Existing,All investigated economies (universal list),
2939.45.00,"Levometamfetamine, metamfetamine (INN), metamfetamine racemate and their salts",Existing,All investigated economies (universal list),
2939.49.03,"Alkaloids of ephedra, their derivatives and salts thereof, other than ephedrine, pseudoephedrine, cathine (INN), norephedrine, levometamfetamine and their salts",Existing,All investigated economies (universal list),
2939.51.00,Fenetylline (INN) its salts,New,All investigated economies (universal list),Pharma
2939.59.00,"Theophylline and aminophylline (theophylline- ethylenediamine), their derivatives and salts thereof, nesoi",Existing,All investigated economies (universal list),
2939.61.00,Ergometrine and its salts,New,All investigated economies (universal list),Pharma
2939.62.00,Ergotamine and its salts,Existing,All investigated economies (universal list),
2939.63.00,Lysergic acid and its salts,Existing,All investigated economies (universal list),
2939.69.00,"Alkaloids of rye ergot, their derivatives and salts thereof, nesoi",Existing,All investigated economies (universal list),
2939.72.00,"Cocaine, ecgonine; salts, esters and other derivatives thereof",Existing,All investigated economies (universal list),
2939.79.00,"Vegetal alkaloids, natural or reproduced by synthesis, their salts and other derivatives, nesoi",Existing,All investigated economies (universal list),
2939.80.00,"Other alkaloids, natural or reproduced by synthesis, and their salts, ethers, esters and other derivatives, nesoi",Existing,All investigated economies (universal list),Pharma
2940.00.60,"Other sugars, nesoi, excluding d-arabinose",Existing,All investigated economies (universal list),Pharma
2941.10.10,Ampicillin and its salts,Existing,All investigated economies (universal list),
2941.10.20,Penicillin G salts,Existing,All investigated economies (universal list),
2941.10.30,"Carfecillin, sodium; cloxacillin, sodium; dicloxacillin, sodium; flucloxacillin (Floxacillin); and oxacillin, sodium",Existing,All investigated economies (universal list),
2941.10.50,"Penicillins and their derivatives nesoi, with a penicillanic acid structure; salts thereof",Existing,All investigated economies (universal list),
2941.20.10,Dihydrostreptomycins and its derivatives; salts thereof,Existing,All investigated economies (universal list),
2941.20.50,"Streptomycins and their derivatives; salts thereof, nesoi",Existing,All investigated economies (universal list),
2941.30.00,Tetracyclines and their derivatives; salts thereof,Existing,All investigated economies (universal list),
2941.40.00,Chloramphenicol and its derivatives; salts thereof,Existing,All investigated economies (universal list),
2941.50.00,Erythromycin and its derivatives; salts thereof,Existing,All investigated economies (universal list),
2941.90.10,"Natural antibiotics, nesoi",Existing,All investigated economies (universal list),
2941.90.30,"Antibiotics nesoi, aromatic or modified aromatic, other than natural",Existing,All investigated economies (universal list),
2941.90.50,"Antibiotics nesoi, other than aromatic or modified aromatic antibiotics",Existing,All investigated economies (universal list),
2942.00.03,"[2,2'-Thiobis(4-(1,1,3,3-tetramethyl-n- butyl)phenolato)(2,1)]-O,O',S-(1-butanamine), nickel II",New,All investigated economies (universal list),Pharma
2942.00.05,"Aromatic or modified aromatic drugs of other organic compounds, nesoi",Existing,All investigated economies (universal list),Pharma
2942.00.10,"Aromatic or modified aromatic organic compounds, nesoi, described in additional U.S. note 3 to section VI of the HTSUS",New,All investigated economies (universal list),Pharma
2942.00.35,Other aromatic or modified aromatic organic compounds (excluding products described in additional U.S. note 3 to section VI of the HTSUS),Existing,All investigated economies (universal list),Pharma
2942.00.50,"Nonaromatic organic compounds, nesoi",Existing,All investigated economies (universal list),Pharma
3001.20.00,Extracts of glands or other organs or of their secretions for organotherapeutic uses,Existing,All investigated economies (universal list),
3001.90.01,"Glands and other organs for organotherapeutic uses, dried, whether or not powdered",Existing,All investigated economies (universal list),
3002.12.00,Antisera and other blood fractions including human blood plasma and fetal bovine serum (FBS),Existing,All investigated economies (universal list),
3002.13.00,"Immunological products, unmixed, not put up in measured doses or in forms or packings for retail sale",Existing,All investigated economies (universal list),
3002.14.00,"Immunological products, mixed, not put up in measured doses or in forms or packings for retail sale",Existing,All investigated economies (universal list),
3002.15.00,"Immunological products, put up in measured doses or in forms or packings for retail sale",Existing,All investigated economies (universal list),
3002.41.00,Vaccines for human medicine,Existing,All investigated economies (universal list),
3002.42.00,Vaccines for veterinary medicine,Existing,All investigated economies (universal list),
3002.49.00,Toxins or cultures of micro-organisms (excluding yeasts),Existing,All investigated economies (universal list),
3002.51.00,Cell therapy products,Existing,All investigated economies (universal list),
3002.59.00,"Other cell cultures, other than cell therapy products",Existing,All investigated economies (universal list),
3002.90.10,"Ferments, excluding yeasts",Existing,All investigated economies (universal list),
3002.90.52,"Human blood; animal blood prepared for therapeutic, prophylactic, or diagnostic uses; antisera; antiallergenic preparations, nesoi and like products",Existing,All investigated economies (universal list),
3003.10.00,"Medicaments, containing penicillins or streptomycins, not in dosage form and not packed for retail",Existing,All investigated economies (universal list),
3003.20.00,"Medicaments containing antibiotics, nesoi, not in dosage form and not packed for retail",Existing,All investigated economies (universal list),
3003.31.00,"Medicaments containing insulin, not in dosage form and not packed for retail",New,All investigated economies (universal list),Pharma
3003.39.10,"Medicaments containing artificial mixtures of natural hormones, but not antibiotics, not in dosage form and not packed for retail",Existing,All investigated economies (universal list),
3003.39.50,"Medicaments containing products of heading 2937, nesoi, but not antibiotics, not in dosage form and not packed for retail",Existing,All investigated economies (universal list),
3003.41.00,"Medicaments containing ephedrine or its salts, not in dosage form and not packed for retail",Existing,All investigated economies (universal list),
3003.42.00,"Medicaments containing pseudoephedrine (INN) or its salts, not in dosage form and not packed for retail",Existing,All investigated economies (universal list),
3003.43.00,"Medicaments containing norephedrine or its salts, not in dosage form and not packed for retail",New,All investigated economies (universal list),Pharma
3003.49.00,"Other medicaments containing alkaloids or derivatives thereof, nesoi, not in dosage form and not packed for retail",Existing,All investigated economies (universal list),
3003.60.00,"Other medicaments containing antimalarial active principles described in subheading note 2 to this chapter, not dosage form and not packed for retail",New,All investigated economies (universal list),Pharma
3003.90.01,"Other medicaments (excluding goods of headings 3002, 3005 and 3006) consisting of two or more constituents mixed together for therapeutic or prophylactic uses, not in dosage form and not packed for retail",Existing,All investigated economies (universal list),
3004.10.10,"Medicaments (excluding goods of headings 3002, 3005 and 3006) containing penicillin G salts, in dosage form or packed for retail",Existing,All investigated economies (universal list),
3004.10.50,"Medicaments containing penicillins or streptomycins, nesoi, in dosage form or packed for retail",Existing,All investigated economies (universal list),
3004.20.00,"Medicaments containing antibiotics, nesoi, in dosage form or packed for retail",Existing,All investigated economies (universal list),
3004.31.00,"Medicaments containing insulin, in dosage form or packed for retail",Existing,All investigated economies (universal list),
3004.32.00,"Medicaments containing corticosteroidhormones, in dosage form or packed for retail",Existing,All investigated economies (universal list),
3004.39.00,"Medicaments containing products of heading 2937 nesoi, in dosage form or packed for retail",Existing,All investigated economies (universal list),
3004.41.00,"Medicaments containing ephedrine or its salts, in dosage form or packed for retail",Existing,All investigated economies (universal list),
3004.42.00,"Medicaments containing pseudoephedrine (INN) or its salts, in dosage form or packed for retail",Existing,All investigated economies (universal list),
3004.43.00,"Medicaments containing norephedrine or its salts, in dosage form or packed for retail",New,All investigated economies (universal list),Pharma
3004.49.00,"Other medicaments containing alkaloids or derivatives thereof, nesoi, in dosage form or packed for retail",Existing,All investigated economies (universal list),
3004.50.10,"Medicaments containing vitamin B2 synthesized from aromatic or modified aromatic industrial organic compounds, in dosage form or packed for retail",Existing,All investigated economies (universal list),
3004.50.20,"Medicaments containing vitamin B12 synthesized from aromatic or modified aromatic industrial organic compounds, in dosage form or packed for retail",Existing,All investigated economies (universal list),
3004.50.30,"Medicaments containing vitamin E synthesized from aromatic or modified aromatic industrial organic compounds, in dosage form or packed for retail",Existing,All investigated economies (universal list),
3004.50.40,"Medicaments containing vitamins nesoi, synthesized from aromatic or modified aromatic industrial organic compounds, in dosage form or packed for retail",Existing,All investigated economies (universal list),
3004.50.50,"Medicaments containing vitamins or other products of heading 2936, nesoi, in dosage form or packed for retail",Existing,All investigated economies (universal list),
3004.60.00,"Other medicaments containing antimalarial active principles described in subheading note 2 to chapter 30 of the HTSUS, in dosage form or packed for retail",Existing,All investigated economies (universal list),
3004.90.10,"Medicaments containing antigens or hyaluronic acid or its sodium salt, nesoi, in dosage form or packed for retail",Existing,All investigated economies (universal list),
3004.90.92,"Medicaments nesoi, in dosage form or packed for retail",Existing,All investigated economies (universal list),
3006.30.10,Opacifying preparation for X-ray examination; diagnostic reagents designed to be administered to the patient; containing antigens or antisera,Existing,All investigated economies (universal list),
3006.30.50,"Opacifying preparations for X-ray examinations; diagnostic reagents designed to be administered to the patient, nesoi",Existing,All investigated economies (universal list),
3006.60.00,Chemical contraceptive preparations based on hormones or spermicides,Existing,All investigated economies (universal list),
3006.70.00,Gel preparations designed to be used in human or veterinary medicine as a lubricant in surgical,Existing,All investigated economies (universal list),Pharma
3006.92.00,Waste pharmaceuticals,New,All investigated economies (universal list),Pharma
3006.93.10,"Placebos and blinded clinical trial kits, put up in measured doses, packaged with medicinal preparations",Existing,All investigated economies (universal list),
3006.93.20,"Placebos and blinded clinical trial kits, put up in measured doses, containing over 10 percent by dry weight of sugar",Existing,All investigated economies (universal list),
3006.93.50,"Placebos and blinded clinical trial kits, put up in measured doses, containing ingredients having nutritional value",Existing,All investigated economies (universal list),
3006.93.60,"Placebos and blinded clinical trial kits, put up in measured doses, in liquid form for oral intake",Existing,All investigated economies (universal list),
3006.93.80,"Placebos and blinded clinical trial kits, put up in measured doses, containing other chemicals other than medicaments",Existing,All investigated economies (universal list),Pharma
3101.00.00,Animal or vegetable fertilizers; fertilizers produced by the mixing or chemical treatment of animal or vegetable products,Existing,All investigated economies (universal list),
3102.10.00,"Urea, whether or not in aqueous solution",Existing,All investigated economies (universal list),
3102.21.00,Ammonium sulfate,Existing,All investigated economies (universal list),
3102.29.00,Double salts and mixtures of ammonium sulfate and ammonium nitrate,Existing,All investigated economies (universal list),
3102.30.00,"Ammonium nitrate, whether or not in aqueous solution",Existing,All investigated economies (universal list),
3102.40.00,Mixtures of ammonium nitrate with calcium carbonate or other inorganic nonfertilizing substances,Existing,All investigated economies (universal list),
3102.50.00,Sodium nitrate,Existing,All investigated economies (universal list),
3102.60.00,Double salts and mixtures of calcium nitrate and ammonium nitrate,Existing,All investigated economies (universal list),
3102.80.00,Mixtures of urea and ammonium nitrate in aqueous or ammoniacal solution,Existing,All investigated economies (universal list),
3102.90.01,"Mineral or chemical fertilizers, nitrogenous, nesoi, including mixtures not specified elsewhere in heading 3102",Existing,All investigated economies (universal list),
3103.11.00,Superphosphates containing by weight 35 percent or more of diphosphorous pentaoxide (P2O5),Existing,All investigated economies (universal list),
3103.19.00,Superphosphates nesoi,Existing,All investigated economies (universal list),
3103.90.01,"Mineral or chemical fertilizers, phosphatic",Existing,All investigated economies (universal list),
3104.20.00,Potassium chloride,Existing,All investigated economies (universal list),
3104.30.00,Potassium sulfate,Existing,All investigated economies (universal list),
3104.90.01,"Mineral or chemical fertilizers, potassic, nesoi",Existing,All investigated economies (universal list),
3105.10.00,Fertilizers of chapter 31 of the HTSUS in tablets or similar forms,Existing,All investigated economies (universal list),
3105.20.00,"Mineral or chemical fertilizers nesoi, containing three fertilizing elements",Existing,All investigated economies (universal list),
3105.30.00,Diammonium hydrogenorthophosphate (Diammonium phosphate),Existing,All investigated economies (universal list),
3105.40.00,"Ammonium dihydrogenorthophosphate (Monoammonium phosphate), mixtures thereof with diammonium hydrogenorthophosphate (Diammonium phosphate)",Existing,All investigated economies (universal list),
3105.51.00,"Mineral or chemical fertilizers nesoi, containing nitrates and phosphates",Existing,All investigated economies (universal list),
3105.59.00,"Mineral or chemical fertilizers nesoi, containing the two fertilizing elements nitrogen and phosphorus",Existing,All investigated economies (universal list),
3105.60.00,"Mineral or chemical fertilizers nesoi, containing 2 fertilizing elements",Existing,All investigated economies (universal list),
3105.90.00,"Mineral or chemical fertilizers containing two or three of the fertilizing elements nitrogen, phosphorus and potassium fertilizers, nesoi",Existing,All investigated economies (universal list),
3203.00.80,"Coloring matter of vegetable or animal origin, nesoi",Existing,All investigated economies (universal list),Pharma
3204.13.60,"Basic dyes and preparations based thereon, described in additional U.S note 3 to section VI of the HTSUS",New,All investigated economies (universal list),Pharma
3204.13.80,"Basic dyes and preparations based thereon, nesoi",Existing,All investigated economies (universal list),Pharma
3204.17.20,Copper phthalocyanine ([Phthalocyanato(2-)]copper) not ready for use as a pigment,Existing,All investigated economies (universal list),
3204.18.00,Carotenoid coloring matters and preparations based thereon,Existing,All investigated economies (universal list),Pharma
3204.90.00,"Synthetic organic coloring matter or preparations based thereon, nesoi; synthetic organic products used as luminophores",New,All investigated economies (universal list),Pharma
3206.11.00,"Pigments and preparations based on titanium dioxide, containing 80 percent or more by weight of titanium dioxide calculated on the dry matter",Existing,All investigated economies (universal list),
3206.19.00,"Pigments and preparations based on titanium dioxide, nesoi",Existing,All investigated economies (universal list),
3301.29.51,"Essential oils other than those of citrus fruit, nesoi, for religious purposes only",Existing,All investigated economies (universal list),Ex
3401.30.10,"Organic surface-active products for washing skin, in liquid or cream form, containing any aromatic or",New,All investigated economies (universal list),Pharma
3402.42.10,"Non-ionic organic surface-active agents, aromatic or modified aromatic",Existing,All investigated economies (universal list),Pharma
3402.42.20,"Fatty substances of animal, vegetable or microbial origin; non-ionic organic surface-active agents, other than aromatic or modified aromatic",Existing,All investigated economies (universal list),Pharma
3402.42.90,"Non-ionic organic surface-active agents, other than fatty substances of animal, vegetable or microbial origin, other than aromatic or modified aromatic",Existing,All investigated economies (universal list),Pharma
3402.50.11,"Preparations of organic surface-active agents, put up for retail sale, containing any aromatic or modified aromatic surface-active agent",New,All investigated economies (universal list),Pharma
3507.90.70,"Enzymes and prepared enzymes, nesoi",New,All investigated economies (universal list),Pharma
3606.90.30,Ferrocerium and other pyrophoric alloys in all forms,Existing,All investigated economies (universal list),
3802.10.00,Activated carbon,New,All investigated economies (universal list),Pharma
3808.59.40,Disinfectants specified in subheading note 1 to chapter 38,New,All investigated economies (universal list),Pharma
3808.59.50,"Pesticides, nesoi, specified in subheading note 1 to chapter 38",New,All investigated economies (universal list),Pharma
3808.61.50,"Pesticides, nesoi, not exceeding 300g, specified in subheading note 2 to chapter 38",New,All investigated economies (universal list),Pharma
3808.94.10,"Disinfectants, containing any aromatic or modified aromatic disinfectant",Existing,All investigated economies (universal list),Pharma
3808.94.50,"Disinfectants not included in subheading note 1 of chapter 38 of the HTSUS, nesoi",Existing,All investigated economies (universal list),Pharma
3812.31.00,"Mixtures of oligomers of 2,2,4-trimethyl-1,2- dihydroquinoline (TMQ)",New,All investigated economies (universal list),Pharma
3815.11.00,Supported catalysts with nickel or nickel compounds as the active substance,New,All investigated economies (universal list),Pharma
3815.12.00,Supported catalysts with precious metal or precious metal compounds as the active substance,New,All investigated economies (universal list),Pharma
3815.90.50,"Reaction initiators, reaction accelerators and catalytic preparations, nesoi",New,All investigated economies (universal list),Pharma
3818.00.00,"Chemical elements doped for use in electronics, in the form of discs, wafers etc., chemical compounds doped for electronic use",Existing,All investigated economies (universal list),
3824.81.00,Chemical mixtures containing oxirane (ethylene oxide),New,All investigated economies (universal list),Pharma
3824.82.10,"Goods specified in subheading note 3 to chapter 38, containing PCBs, PCTs or PBBs, chlorinated but not otherwise halogenated, nesoi",New,All investigated economies (universal list),Pharma
3824.82.90,"Goods specified in subheading note 3 to chapter 38, containing PCBs, PCTs or PBBs, other than chlorinated only, nesoi",New,All investigated economies (universal list),Pharma
3824.83.00,"Containing tris(2,3-dibromopropyl) phosphate",New,All investigated economies (universal list),Pharma
3824.84.00,"Other mixtures containing aldrin, camphechlor (toxaphene), chlordane, chlordecone, DDT (clofenatone), 1,1,1-trichloro-2,2-bis(p- chlorophenyl)ethane), dieldrin, endosulfan, endrin, heptachlor or mirex",New,All investigated economies (universal list),Pharma
3824.85.00,"Mixtures containing 1,2,3,4,5,6- hexachlorocyclohexane (HCH (ISO)), including lindane (ISO,INN)",New,All investigated economies (universal list),Pharma
3824.86.00,Mixtures containing pentachlorobenzene (ISO) or hexachlorobenzene (ISO),New,All investigated economies (universal list),Pharma
3824.87.00,"Mixtures containing perfluorooctane sulfonic acid, its salts, perfluorooctane sulfonamides, or perfluorooctane sulfonyl fluoride",New,All investigated economies (universal list),Pharma
3824.88.00,"Mixtures containing tetra-, penta-, hexa-, hepta-, or octabromodiphenyl ethers",New,All investigated economies (universal list),Pharma
3824.89.00,Mixtures containing short-chain chlorinated paraffins,New,All investigated economies (universal list),Pharma
3824.91.00,Mixtures consisting mainly of methylphosphonate etc.,Existing,All investigated economies (universal list),Pharma
3824.92.00,Polyglycol esters mixtures of methylphosphonic acid,New,All investigated economies (universal list),Pharma
3824.99.25,"Mixtures of triphenyl sulfonium chloride, diphenyl (4-phenylthio)phenyl sulfonium chloride and (thiodi- 4,1- phenylene)bis(diphenyl sulfonium) dichloride",New,All investigated economies (universal list),Pharma
3824.99.29,"Mixtures containing 5 percent or more by weight of one or more aromatic or modified aromatic substance, nesoi",Existing,All investigated economies (universal list),Pharma
3824.99.49,"Mixtures that are in whole or in part of hydrocarbons derived in whole or in part from petroleum, shale oil or natural gas",Existing,All investigated economies (universal list),Pharma
3824.99.50,Mixtures chlorinated but not otherwise halogenated,New,All investigated economies (universal list),Pharma
3824.99.55,"Mixtures of halogenated hydrocarbons, nesoi",Existing,All investigated economies (universal list),Pharma
3824.99.93,"Chemical products and preparations and residual products of the chemical or allied industries, nesoi",New,All investigated economies (universal list),Pharma
3826.00.30,Biodiesel containing less than 70 percent petroleum or bituminous oil,New,All investigated economies (universal list),Pharma
3827.13.00,Mixtures containing carbon tetrachloride,New,All investigated economies (universal list),Pharma
3827.14.00,Mixtures containing methyl chloroform,New,All investigated economies (universal list),Pharma
3827.40.00,Mixtures containing bromomethane or bromochloromethane,New,All investigated economies (universal list),Pharma
3901.90.90,"Polymers of ethylene, nesoi, in primary forms, other than elastomeric",Existing,All investigated economies (universal list),Pharma
3902.90.00,"Polymers of propylene or of other olefins, nesoi, in primary forms",Existing,All investigated economies (universal list),Pharma
3904.61.00,"Polytetrafluoroethylene (PTFE), in primary forms",Existing,All investigated economies (universal list),Pharma
3905.91.10,"Copolymers of vinyl esters or other vinyls, in primary forms, containing by weight 50 percent or more of derivatives of vinyl acetate",Existing,All investigated economies (universal list),Pharma
3905.91.50,"Copolymers of vinyl esters or other vinyls, in primary forms, nesoi",New,All investigated economies (universal list),Pharma
3905.99.80,"Polymers of vinyl esters or other vinyl polymers, in primary forms, nesoi",Existing,All investigated economies (universal list),Pharma
3906.90.50,"Acrylic polymers (except plastics or elastomers), in primary forms, nesoi",Existing,All investigated economies (universal list),Pharma
3907.10.00,Polyacetals in primary forms,Existing,All investigated economies (universal list),Pharma
3907.21.00,Bis(polyoxyethylene) methylphosphonate,Existing,All investigated economies (universal list),Pharma
3907.29.00,"Polyethers, other than polyacetals or bis(polyoxyethylene) methylphosphonate, in primary forms",New,All investigated economies (universal list),Pharma
3907.30.00,Epoxide resins in primary forms,New,All investigated economies (universal list),Pharma
3907.61.00,"Polyethylene terephthalate, having a viscosity number of 78 ml/g or higher",New,All investigated economies (universal list),Pharma
3907.69.00,"Polyethylene terephthalate, having a viscosity number less than 78 ml/g",New,All investigated economies (universal list),Pharma
3907.70.00,Poly(lactic acid),Existing,All investigated economies (universal list),Pharma
3907.99.50,"Other polyesters nesoi, saturated, in primary forms",New,All investigated economies (universal list),Pharma
3908.10.00,"Polyamide-6, -11, -12, -6,6, -6,9, -6,10 or -6,12 in primary form",Existing,All investigated economies (universal list),Pharma
3908.90.20,Bis(4-amino-3- methylcyclohexyl)methaneisophthalic acid- laurolactam copolymer,New,All investigated economies (universal list),Pharma
3909.10.00,Urea resins; thiourea resins,New,All investigated economies (universal list),Pharma
3909.40.00,Phenolic resins,New,All investigated economies (universal list),Pharma
3910.00.00,Silicones in primary forms,New,All investigated economies (universal list),Pharma
3911.20.00,"Poly(1,3-phenylene methylphosphonate)",New,All investigated economies (universal list),Pharma
3911.90.25,"Thermoplastic polysulfides, polysulfones and other products specified in note 3 to chapter 39 of the HTSUS, containing aromatic monomer units or derived therefrom",Existing,All investigated economies (universal list),Pharma
3911.90.45,"Thermosetting polysulfides, polysulfones and other products specified in note 3 to chapter 39, containing aromatic monomer units or derived therefrom",New,All investigated economies (universal list),Pharma
3911.90.91,"Polysulfides, polysulfones and other products specified in note 3 to chapter 39 of the HTSUS, nesoi",Existing,All investigated economies (universal list),Pharma
3912.20.00,"Cellulose nitrates (including collodions), in primary forms",New,All investigated economies (universal list),Pharma
3912.31.00,Carboxymethylcellulose and its salts,Existing,All investigated economies (universal list),Pharma
3912.39.00,"Cellulose ethers, other than carboxymethylcellulose and its salts, in primary forms",Existing,All investigated economies (universal list),Pharma
3912.90.00,"Cellulose and its chemical derivatives, nesoi, in primary forms",Existing,All investigated economies (universal list),Pharma
3913.90.20,"Polysaccharides and their derivatives, nesoi, in primary forms",Existing,All investigated economies (universal list),Pharma
3913.90.50,"Natural polymers and modified natural polymers, nesoi, in primary forms",Existing,All investigated economies (universal list),Pharma
3914.00.20,Cross-linked polyvinylbenzyltrimethylammonium chloride (Cholestyramine resin USP),New,All investigated economies (universal list),Pharma
3914.00.60,"Ion-exchangers based on polymers of headings 3901 to 3913, in primary forms, nesoi",Existing,All investigated economies (universal list),Pharma
3917.21.00,"Tubes, pipes and hoses, rigid, of polymers of ethylene",Existing,All investigated economies (universal list),Aircraft
3917.22.00,"Tubes, pipes and hoses, rigid, of polymers of propylene",Existing,All investigated economies (universal list),Aircraft
3917.23.00,"Tubes, pipes and hoses, rigid, of polymers of vinyl chloride",Existing,All investigated economies (universal list),Aircraft
3917.29.00,"Tubes, pipes and hoses, rigid, of other plastics nesoi",Existing,All investigated economies (universal list),Aircraft
3917.31.00,"Flexible plastic tubes, pipes and hoses, having a minimum burst pressure of 27.6 MPa",Existing,All investigated economies (universal list),Aircraft
3917.33.00,"Flexible plastic tubes, pipes and hoses, nesoi, with fittings, not reinforced or otherwise combined with other materials",Existing,All investigated economies (universal list),Aircraft
3917.39.00,"Flexible plastic tubes, pipes and hoses, nesoi",Existing,All investigated economies (universal list),Aircraft
3917.40.00,"Fittings of plastics, for plastic tubes, pipes and hoses, nesoi",Existing,All investigated economies (universal list),Aircraft
3926.90.45,"Gaskets, washers and other seals, of plastics",Existing,All investigated economies (universal list),Aircraft
3926.90.94,"Cards, not punched, suitable for use as, or in making, jacquard cards; Jacquard cards and jacquard heads for power-driven weaving machines, and parts thereof; and transparent sheeting of plastics containing 30 percent or more by weight of lead",Existing,All investigated economies (universal list),Aircraft
3926.90.96,"Casing for bicycle derailleur cables; and casing for cable or inner wire for caliper and cantilever brakes, whether or not cut to length; of plastic",Existing,All investigated economies (universal list),Aircraft
3926.90.99,"Other articles of plastic, nesoi",Existing,All investigated economies (universal list),Aircraft
4001.10.00,"Natural rubber latex, whether or not prevulcanized",Existing,All investigated economies (universal list),
4001.21.00,Natural rubber smoked sheets,Existing,All investigated economies (universal list),
4001.22.00,"Technically specified natural rubber (TSNR), in primary forms",Existing,All investigated economies (universal list),
4001.29.00,"Natural rubber in primary forms other than latex, smoked sheets or technically specified natural rubber (TSNR)",Existing,All investigated economies (universal list),
4001.30.00,"Balata, gutta-percha, guayule, chicle and similar natural rubber gums, in primary forms",Existing,All investigated economies (universal list),
4008.29.20,"Rods and profile shapes of vulcanized, noncellular rubber, other than hard rubber",Existing,All investigated economies (universal list),Aircraft
4009.12.00,"Tubes, pipes and hoses of vulcanized rubber other than hard rubber, not reinforced or combined with other materials, with fittings",Existing,All investigated economies (universal list),Aircraft
4009.22.00,"Tubes, pipes and hoses of vulcanized rubber other than hard rubber, reinforced or combined only with metal, with fittings",Existing,All investigated economies (universal list),Aircraft
4009.32.00,"Tubes, pipes and hoses of vulcanized rubber other than hard rubber, reinforced or combined only with textile materials, with fittings",Existing,All investigated economies (universal list),Aircraft
4009.42.00,"Tubes, pipes and hoses of vulcanized rubber other than hard rubber, reinforced or combined with other materials nesoi, with fittings",Existing,All investigated economies (universal list),Aircraft
4011.30.00,"New pneumatic tires, of rubber, of a kind used on aircraft",Existing,All investigated economies (universal list),Aircraft
4012.13.00,"Retreaded pneumatic tires, of rubber, of a kind used on aircraft",Existing,All investigated economies (universal list),Aircraft
4012.20.10,"Used pneumatic tires of rubber, for aircraft",Existing,All investigated economies (universal list),Aircraft
4016.10.00,Articles of vulcanized cellular rubber other than hard rubber,Existing,All investigated economies (universal list),Aircraft
4016.93.50,"Gaskets, washers and other seals, of noncellular vulcanized rubber other than hard rubber, not for use in automotive goods of chapter 87 of the HTSUS",Existing,All investigated economies (universal list),Aircraft
4016.99.35,"Articles made of noncellular vulcanized natural rubber, not used as vibration control goods in vehicles of headings 8701 through 8705, nesoi",Existing,All investigated economies (universal list),Aircraft
4016.99.60,Articles of noncellular vulcanized synthetic rubber other than hard rubber,Existing,All investigated economies (universal list),Aircraft
4017.00.00,"Hard rubber (for example, ebonite) in all forms, including waste and scrap; articles of hard rubber",Existing,All investigated economies (universal list),Aircraft
4113.30.30,"Reptile leather, not fancy, further prepared after tanning or crusting, other than leather of heading 4114",New,All investigated economies (universal list),
4113.30.60,"Reptile leather, fancy, further prepared after tanning or crusting, other than leather of heading 4114",New,All investigated economies (universal list),
4113.90.30,"Leather of animals nesoi, without hair on, not fancy, further prepared after tanning or crusting, other than leather of heading 4114",New,All investigated economies (universal list),
4113.90.60,"Leather of animals nesoi, without hair on, fancy, further prepared after tanning or crusting, other than leather of heading 4114",New,All investigated economies (universal list),
4403.42.00,"Wood in the rough or roughly squared, of teak, not treated with paint, stain, creosote, or other preservatives",Existing,All investigated economies (universal list),
4403.49.02,"Wood in the rough or roughly squared, of tropical wood other than Teak or Meranti, not treated with paint, stain, creosote, or other preservatives",Existing,All investigated economies (universal list),
4403.98.00,"Eucalyptus wood in the rough/roughly squared, not treated with preservatives",New,All investigated economies (universal list),
4407.21.00,"Mahogany (Swietenia spp.), sawn or chipped lengthwise, sliced or peeled, over 6 mm thick",Existing,All investigated economies (universal list),
4407.22.00,"Virola, Imbuia and Balsa, sawn or chipped lengthwise, sliced or peeled, over 6 mm thick",Existing,All investigated economies (universal list),
4407.23.01,"Teak, sawn or chipped lengthwise, sliced or peeled, over 6 mm thick",Existing,All investigated economies (universal list),
4407.25.00,"Dark Red Meranti, Light Red Meranti and Meranti Bakau wood, sawn or chipped lengthwise, sliced or peeled, over 6 mm thick",Existing,All investigated economies (universal list),
4407.26.00,"White Lauan, White Meranti, White Seraya, Yellow Meranti and Alan wood, sawn or chipped lengthwise, sliced or peeled, over 6 mm thick",Existing,All investigated economies (universal list),
4407.27.00,"Sapelli wood, sawn or chipped lengthwise, sliced or peeled, over 6 mm thick",Existing,All investigated economies (universal list),
4407.28.00,"Iroko wood, sawn or chipped lengthwise, sliced or peeled, over 6 mm thick",Existing,All investigated economies (universal list),
4407.29.02,"Tropical wood, nesoi, sawn or chipped lengthwise, sliced or peeled, over 6 mm thick",Existing,All investigated economies (universal list),
4407.99.0295,"Nonconiferous wood, nesoi, sawn or chipped lengthwise, sliced or peeled, over 6 mm thick; other",New,All investigated economies (universal list),
4408.31.01,"Dark Red Meranti, Light Red Meranti and Meranti Bakau veneer sheets, for plywood and other wood, sawn lengthwise, sliced or peeled, not over 6 mm thick",Existing,All investigated economies (universal list),
4408.39.02,"Other tropical wood veneer sheets, for plywood and other wood, sawn lengthwise, sliced or peeled, not over 6 mm thick",Existing,All investigated economies (universal list),
4412.33.57,"Eucalyptus plywood sheets n/o 6mm thick, outerply of specified nonconiferous wood including birch and walnut, surface covered beyond clear/transparen",New,All investigated economies (universal list),Ex
4504.90.00,"Agglomerated cork and articles of cork, nesoi",Existing,All investigated economies (universal list),Aircraft
4703.11.00,Unbleached coniferous chemical woodpulp,Existing,All investigated economies (universal list),
4703.21.00,Semibleached or bleached coniferous chemical woodpulp,Existing,All investigated economies (universal list),
4703.29.00,Semibleached or bleached nonconiferous chemical woodpulp,Existing,All investigated economies (universal list),
4823.90.10,"Articles of paper pulp, nesoi",Existing,All investigated economies (universal list),Aircraft
4823.90.20,"Articles of papier-mâché, nesoi",Existing,All investigated economies (universal list),Aircraft
4823.90.31,"Cards of paper or paperboard, nesoi, not punched, for punchcard machines, whether or not in strips",Existing,All investigated economies (universal list),Aircraft
4823.90.40,Frames or mounts for photographic slides of paper or paperboard,Existing,All investigated economies (universal list),Aircraft
4823.90.50,Hand fans of paper or paperboard,Existing,All investigated economies (universal list),Aircraft
4823.90.60,"Gaskets, washers and other seals of coated paper or paperboard",Existing,All investigated economies (universal list),Aircraft
4823.90.67,"Coated paper or paperboard, nesoi",Existing,All investigated economies (universal list),Aircraft
4823.90.70,"Articles of cellulose wadding, nesoi",Existing,All investigated economies (universal list),Aircraft
4823.90.80,"Gaskets, washers and other seals of paper, paperboard and webs of cellulose fibers, nesoi",Existing,All investigated economies (universal list),Aircraft
4823.90.86,"Articles of paper pulp, paper, paperboard, cellulose wadding or webs of cellulose fibers, nesoi",Existing,All investigated economies (universal list),Aircraft
6309.00.00,Worn clothing and other worn articles,New,All investigated economies (universal list),
6812.80.90,"Articles or mixtures of crocidolite, nesoi",Existing,All investigated economies (universal list),Aircraft
6812.99.10,"Paper, millboard and felt of asbestos, other than crocidolite",Existing,All investigated economies (universal list),Aircraft
6812.99.20,"Compressed asbestos (other than crocidolite) fiber jointing, in sheets or rolls",Existing,All investigated economies (universal list),Aircraft
6812.99.90,"Articles of mixtures of or with a basis of asbestos, nesoi, other than crocidolite",Existing,All investigated economies (universal list),Aircraft
6813.20.00,"Friction material and articles thereof, containing asbestos",Existing,All investigated economies (universal list),Aircraft
6813.81.00,Brake linings and pads not containing asbestos,Existing,All investigated economies (universal list),Aircraft
6813.89.00,"Friction material and articles thereof with a basis of mineral substances (other than asbestos) or of cellulose, nesoi",Existing,All investigated economies (universal list),Aircraft
7007.21.11,"Laminated safety glass windshields, of size and shape suitable for incorporation in vehicles (other than for goods of headings 8701 through 8705), aircraft, spacecraft or vessels",Existing,All investigated economies (universal list),Aircraft
7106.91.10,Silver bullion and dore,Existing,All investigated economies (universal list),
7108.11.00,"Gold, nonmonetary, powder",Existing,All investigated economies (universal list),
7108.12.10,"Gold, nonmonetary, bullion and dore",Existing,All investigated economies (universal list),
7108.12.50,"Gold, nonmonetary, other unwrought forms, other",Existing,All investigated economies (universal list),
7108.13.10,"Gold, nonmonetary, other semimanufactured forms, gold leaf",Existing,All investigated economies (universal list),
7108.13.55,"Gold, nonmonetary, other semimanufactured forms, rectangular or near rectangular shapes, containing 99.5 percent or more by weight of gold and not otherwise marked or decorated than with weight, purity, or other identifying information",Existing,All investigated economies (universal list),
7108.13.70,"Gold, nonmonetary, other semimanufactured forms, other",Existing,All investigated economies (universal list),
7108.20.00,"Gold, monetary",Existing,All investigated economies (universal list),
7110.11.00,"Platinum, unwrought or in powder form",Existing,All investigated economies (universal list),
7110.19.00,"Platinum, in semimanufactured forms",Existing,All investigated economies (universal list),
7110.21.00,"Palladium, unwrought or in powder form",Existing,All investigated economies (universal list),
7110.29.00,"Palladium, in semimanufactured forms",Existing,All investigated economies (universal list),
7110.31.00,"Rhodium, unwrought or in powder form",Existing,All investigated economies (universal list),
7110.39.00,"Rhodium, in semimanufactured forms",Existing,All investigated economies (universal list),
7110.41.00,"Iridium, osmium and ruthenium, unwrought or in powder form",Existing,All investigated economies (universal list),
7110.49.00,"Iridium, osmium and ruthenium, in semimanufactured forms",Existing,All investigated economies (universal list),
7112.30.01,"Ash containing precious metals or precious metal compounds, other than goods of e-waste heading 8549",New,All investigated economies (universal list),
7112.92.01,"Platinum waste and scrap, including metal clad with platinum, excluding sweepings containing other precious metals, other than goods of heading 8549",Existing,All investigated economies (universal list),
7115.90.05,"Articles of precious metal, in rectangular or near rectangular shapes, containing 99.5 percent or more by weight of a precious metal and not otherwise marked or decorated than with weight, purity, or other identifying information",Existing,All investigated economies (universal list),
7115.90.30,"Articles of precious metal or of metal clad with precious metal, other articles of gold, including metal clad with gold",Existing,All investigated economies (universal list),
7118.90.00,"Coins, nesoi",Existing,All investigated economies (universal list),
7201.10.00,Nonalloy pig iron containing by weight 0.5 percent or less of phosphorus,New,All investigated economies (universal list),
7201.20.00,Nonalloy pig iron containing by weight more than 0.5 percent of phosphorus,New,All investigated economies (universal list),
7201.50.30,Alloy pig iron in blocks or other primary forms,New,All investigated economies (universal list),
7202.11.10,Ferromanganese containing by weight more than 2 percent but not more than 4 percent of carbon,Existing,All investigated economies (universal list),
7202.11.50,Ferromanganese containing by weight more than 4 percent of carbon,Existing,All investigated economies (universal list),
7202.19.10,Ferromanganese containing by weight not more than 1 percent of carbon,Existing,All investigated economies (universal list),
7202.19.50,Ferromanganese containing by weight more than 1 percent but not more than 2 percent of carbon,Existing,All investigated economies (universal list),
7202.30.00,Ferrosilicon manganese,Existing,All investigated economies (universal list),
7202.41.00,Ferrochromium containing by weight more than 4 percent of carbon,Existing,All investigated economies (universal list),
7202.49.10,Ferrochromium containing by weight more than 3 percent but not more than 4 percent of carbon,Existing,All investigated economies (universal list),
7202.49.50,Ferrochromium containing by weight 3 percent or less of carbon,Existing,All investigated economies (universal list),
7202.50.00,Ferrosilicon chromium,Existing,All investigated economies (universal list),
7202.60.00,Ferronickel,Existing,All investigated economies (universal list),
7202.80.00,Ferrotungsten and ferrosilicon tungsten,Existing,All investigated economies (universal list),
7202.91.00,Ferrotitanium and ferrosilicon titanium,Existing,All investigated economies (universal list),
7202.93.40,Ferroniobium containing by weight less than 0.02 percent of phosphorus or sulfur or less than 0.4 percent of silicon,Existing,All investigated economies (universal list),
7202.93.80,"Ferroniobium, nesoi",Existing,All investigated economies (universal list),
7203.10.00,Ferrous products obtained by direct reduction of iron ore,New,All investigated economies (universal list),
7203.90.00,"Spongy ferrous products, in lumps, pellets or like forms; iron of a minimum purity by weight of 99.94% in lumps, pellets or like forms",New,All investigated economies (universal list),
7204.10.00,Cast iron waste and scrap,New,All investigated economies (universal list),
7204.21.00,Stainless steel waste and scrap,Existing,All investigated economies (universal list),
7204.29.00,Alloy steel (o/than stainless) waste and scrap,New,All investigated economies (universal list),
7204.30.00,Tinned iron or steel waste and scrap,New,All investigated economies (universal list),
7204.41.00,"Ferrous turnings, shavings, chips, milling wastes, sawdust, fillings, trimmings and stampings, whether or not in bundles",New,All investigated economies (universal list),
7204.49.00,Ferrous waste and scrap nesoi,New,All investigated economies (universal list),
7204.50.00,Iron or steel remelting scrap ingots,New,All investigated economies (universal list),
7304.31.30,"Iron (other than cast) or nonalloy steel, seamless, cold-drawn or cold-rolled, hollow bars with circular cross section",Existing,All investigated economies (universal list),Aircraft
7304.31.60,"Iron (other than cast) or nonalloy steel, seamless, cold-drawn or cold-rolled, tubes, pipes and hollow profiles, with circular cross section, nesoi",Existing,All investigated economies (universal list),Aircraft
7304.39.00,"Iron (other than cast) or nonalloy steel, seamless, not cold-drawn or cold-rolled, tubes, pipes and hollow profiles, with circular cross section, nesoi",Existing,All investigated economies (universal list),Aircraft
7304.41.30,"Stainless steel, seamless, cold-drawn or cold-rolled, tubes, pipes and hollow profiles, with circular cross section and external diameter of less than 19mm",Existing,All investigated economies (universal list),Aircraft
7304.41.60,"Stainless steel, seamless, cold-drawn or cold-rolled, tubes, pipes and hollow profiles, with circular cross section and external diameter of 19mm or more",Existing,All investigated economies (universal list),Aircraft
7304.49.00,"Stainless steel, seamless, not cold-drawn or cold- rolled, tubes, pipes and hollow profiles, with circular cross section",Existing,All investigated economies (universal list),Aircraft
7304.51.10,"Alloy steel (other than stainless), seamless, cold- drawn or cold-rolled, tubes, pipes and hollow profiles, with circular cross section, for manufacture of ball or roller bearings",Existing,All investigated economies (universal list),Aircraft
7304.51.50,"Alloy steel (other than stainless), seamless, cold- drawn or cold-rolled, tubes, pipes and hollow profiles, with circular cross section, nesoi",Existing,All investigated economies (universal list),Aircraft
7304.59.10,"Alloy steel (other than stainless), seamless, not old- drawn or cold-rolled, tubes, pipes and hollow profiles, with circular cross section, for manufacture of ball or roller bearings",Existing,All investigated economies (universal list),Aircraft
7304.59.20,"Alloy steel (other than stainless), seamless, not cold- drawn or cold-rolled, tubes, pipes and hollow profiles, with circular cross section, for boilers, heaters, etc.",Existing,All investigated economies (universal list),Aircraft
7304.59.60,"Heat-resisting alloy steel (other than stainless), seamless, not cold-drawn or cold-rolled, tubes, pipes and hollow profiles, with circular cross section, nesoi",Existing,All investigated economies (universal list),Aircraft
7304.59.80,"Alloy steel (other than heat-resist or stainless), seamless, not cold-drawn or cold-rolled, tubes, pipes and hollow profiles, with circular cross section, nesoi",Existing,All investigated economies (universal list),Aircraft
7304.90.10,"Iron (other than cast) or nonalloy steel, seamless, tubes, pipes and hollow profiles, other than circular cross section, with wall thickness of 4 mm or more",Existing,All investigated economies (universal list),Aircraft
7304.90.30,"Alloy steel (other than stainless), seamless, tubes, pipes and hollow profiles, other than circular cross section, with wall thickness of 4 mm or more",Existing,All investigated economies (universal list),Aircraft
7304.90.50,"Iron (other than cast) or nonalloy steel, seamless, tubes, pipes and hollow profiles, other than circular cross section, with wall thickness of less than 4 mm",Existing,All investigated economies (universal list),Aircraft
7304.90.70,"Alloy steel (other than stainless), seamless, tubes, pipes and hollow profiles, other than circular cross section, with wall thickness of less than 4 mm",Existing,All investigated economies (universal list),Aircraft
7306.30.10,"Iron or nonalloy steel, welded, with circular cross section and external diameter of 406.4mm or less, tubes, pipes and hollow profiles, with wall thickness of less than 1.65 mm",Existing,All investigated economies (universal list),Aircraft
7306.30.30,"Nonalloy steel, welded, with circular cross-section and external diameter 406.4mm or less, tapered pipes and tubes, with wall thickness of 1.65 mm or more, principally used as parts of illuminating articles",Existing,All investigated economies (universal list),Aircraft
7306.30.50,"Iron or nonalloy steel, welded, with circular cross section and external diameter of 406.4mm or less, pipes, tubes and hollow profiles, with wall thickness of 1.65 mm or more",Existing,All investigated economies (universal list),Aircraft
7306.40.10,"Stainless steel, welded, with circular cross section and external diameter of 406.4mm or less, tubes, pipes and hollow profiles, with wall thickness of less than 1.65 mm",Existing,All investigated economies (universal list),Aircraft
7306.40.50,"Stainless steel, welded, with circular cross section and external diameter of 406.4mm or less, tubes, pipes and hollow profiles, with wall thickness of 1.65 mm or more",Existing,All investigated economies (universal list),Aircraft
7306.50.10,"Alloy steel (other than stainless), welded, with circular cross section and external diameter of 406.4mm or less, tubes, pipes and hollow profiles, with wall thickness of less than 1.65 mm",Existing,All investigated economies (universal list),Aircraft
7306.50.30,"Alloy steel (other than stainless), welded, with circular cross section and external diameter 406.4mm or less, tapered pipes and tubes, with wall thickness of 1.65 mm or more, principally used as parts of illuminating articles",Existing,All investigated economies (universal list),Aircraft
7306.50.50,"Alloy steel (other than stainless), welded, with circular cross section and external diameter of",Existing,All investigated economies (universal list),Aircraft
7306.61.10,"Iron or nonalloy steel, welded, with square or rectangular cross section, tubes, pipes and hollow profiles, with wall thickness of 4 mm or more",Existing,All investigated economies (universal list),Aircraft
7306.61.30,"Alloy steel, welded, with square or rectangular cross section, tubes, pipes and hollow profiles, with wall thickness of 4 mm or more",Existing,All investigated economies (universal list),Aircraft
7306.61.50,"Iron or nonalloy steel, welded, with square or rectangular cross section, tubes, pipes and hollow profiles, with wall thickness of less than 4 mm",Existing,All investigated economies (universal list),Aircraft
7306.61.70,"Alloy steel, welded, with square or rectangular cross section, tubes, pipes and hollow profiles, with wall thickness of less than 4 mm",Existing,All investigated economies (universal list),Aircraft
7306.69.10,"Iron or nonalloy steel, welded, with other non- circular cross section, tubes, pipes and hollow profiles, with wall thickness of 4 mm or more",Existing,All investigated economies (universal list),Aircraft
7306.69.30,"Alloy steel, welded, with other non-circular cross- section, tubes, pipes and hollow profiles, with wall thickness of 4 mm or more",Existing,All investigated economies (universal list),Aircraft
7306.69.50,"Iron or nonalloy steel, welded, with other non- circular cross section, tubes, pipes and hollow profiles, with wall thickness of less than 4 mm",Existing,All investigated economies (universal list),Aircraft
7306.69.70,"Alloy steel, welded, with other non-circular cross section, tubes, pipes and hollow profiles, with wall thickness of less than 4 mm",Existing,All investigated economies (universal list),Aircraft
7312.10.05,"Stainless steel, stranded wire, not electrically insulated, fitted with fittings or made up into articles",Existing,All investigated economies (universal list),Aircraft
7312.10.10,"Stainless steel, stranded wire, not electrically insulated, not fitted with fittings or made up into articles",Existing,All investigated economies (universal list),Aircraft
7312.10.20,"Iron or steel (other than stainless), stranded wire, not electrically insulated, fitted with fittings or made up into articles",Existing,All investigated economies (universal list),Aircraft
7312.10.30,"Iron or steel (other than stainless), stranded wire, not electrically insulated, not fitted with fittings or made up into articles",Existing,All investigated economies (universal list),Aircraft
7312.10.50,"Stainless steel, ropes, cables and cordage (other than stranded wire), not electrically insulated, fitted with fittings or made up into articles",Existing,All investigated economies (universal list),Aircraft
7312.10.60,"Stainless steel, ropes, cables and cordage (other than stranded wire), not electrically insulated, not fitted with fittings or made up into articles",Existing,All investigated economies (universal list),Aircraft
7312.10.70,"Iron or steel (other than stainless), ropes, cables and cordage (other than stranded wire), not electrically insulated, fitted with fittings or made up into articles",Existing,All investigated economies (universal list),Aircraft
7312.10.80,"Iron or steel (other than stainless), ropes, cables and cordage, of brass plated wire (other than stranded wire), not electrically insulated, without fittings or articles",Existing,All investigated economies (universal list),Aircraft
7312.10.90,"Iron or steel (other than stainless), ropes, cables and cordage, other than of brass plate wire (other than stranded wire), not electrically insulated, without fittings or articles",Existing,All investigated economies (universal list),Aircraft
7312.90.00,"Iron or steel (other than stainless), plaited bands, slings and the like, not electrically insulated",Existing,All investigated economies (universal list),Aircraft
7322.90.00,"Iron or steel, non-electrically heated air heaters and hot air distributors with motor driven fan or blower and parts thereof",Existing,All investigated economies (universal list),Aircraft
7324.10.00,"Stainless steel, sinks and wash basins",Existing,All investigated economies (universal list),Aircraft
7324.90.00,"Iron or steel, sanitary ware (other than baths or stainless steel sinks and wash basins) and parts thereof",Existing,All investigated economies (universal list),Aircraft
7326.20.00,"Iron or steel, articles of wire, nesoi",Existing,All investigated economies (universal list),Aircraft
7401.00.00,Copper mattes; cement copper (precipitated copper),Existing,All investigated economies (universal list),
7402.00.00,Unrefined copper; copper anodes for electrolytic refining,Existing,All investigated economies (universal list),
7403.11.00,Refined copper cathodes and sections of cathodes,Existing,All investigated economies (universal list),
7403.12.00,"Refined copper, wire bars",Existing,All investigated economies (universal list),
7403.13.00,"Refined copper, billets",Existing,All investigated economies (universal list),
7403.19.00,"Refined copper, unwrought articles nesoi",Existing,All investigated economies (universal list),
7403.21.00,"Copper-zinc base alloys (brass), unwrought nesoi",Existing,All investigated economies (universal list),
7403.22.00,"Copper-tin base alloys (bronze), unwrought nesoi",Existing,All investigated economies (universal list),
7403.29.01,"Copper alloys (other than copper-zinc, copper-tin alloys), unwrought nesoi",Existing,All investigated economies (universal list),
7404.00.30,Copper spent anodes; copper waste and scrap containing less than 94 percent by weight of copper,Existing,All investigated economies (universal list),
7404.00.60,"Copper, waste and scrap containing 94 percent or more by weight of copper",Existing,All investigated economies (universal list),
7405.00.10,"Copper master alloys, containing 5 percent or more but not more than 15 percent by weight of phosphorus",Existing,All investigated economies (universal list),
7405.00.60,"Copper master alloys, not containing 5 percent or more but not more than 15 percent by weight of phosphorus",Existing,All investigated economies (universal list),
7413.00.90,"Copper, stranded wire, cables, plaited bands and the like, not electrically insulated, fitted with fittings or made up into articles",Existing,All investigated economies (universal list),Aircraft
7501.10.00,Nickel mattes,Existing,All investigated economies (universal list),
7502.10.00,"Nickel (other than alloy), unwrought",Existing,All investigated economies (universal list),
7502.20.00,"Nickel alloys, unwrought",Existing,All investigated economies (universal list),
7503.00.00,"Nickel, waste and scrap",Existing,All investigated economies (universal list),
7504.00.00,"Nickel, powders and flakes",Existing,All investigated economies (universal list),
7508.90.50,"Nickel, articles of nesoi",Existing,All investigated economies (universal list),
7602.00.00,"Aluminum, waste and scrap",New,All investigated economies (universal list),
7608.10.00,"Aluminum (other than alloy), tubes and pipes",Existing,All investigated economies (universal list),Aircraft
7608.20.00,"Aluminum alloy, tubes and pipes",Existing,All investigated economies (universal list),Aircraft
7901.11.00,"Zinc (other than alloy), unwrought, containing 99.99 percent or more by weight of zinc",Existing,All investigated economies (universal list),
7901.12.10,"Zinc (other than alloy), unwrought, casting-grade zinc, containing at least 97.5 percent but less than 99.99 percent by weight of zinc",Existing,All investigated economies (universal list),
7901.12.50,"Zinc (other than alloy), unwrought, other than casting-grade zinc, containing at least 97.5 percent but less than 99.99 percent by weight of zinc",Existing,All investigated economies (universal list),
7901.20.00,"Zinc alloy, unwrought",Existing,All investigated economies (universal list),
7902.00.00,"Zinc, waste and scrap",Existing,All investigated economies (universal list),
7903.90.30,"Zinc, powders",Existing,All investigated economies (universal list),
7907.00.60,"Zinc, articles (other than for household, table or kitchen use), nesoi",Existing,All investigated economies (universal list),
8001.10.00,"Tin (other than alloy), unwrought",Existing,All investigated economies (universal list),
8001.20.00,"Tin alloy, unwrought",Existing,All investigated economies (universal list),
8002.00.00,"Tin, waste and scrap",Existing,All investigated economies (universal list),
8007.00.50,"Tin, articles nesoi",Existing,All investigated economies (universal list),
8101.10.00,"Tungsten, powders",Existing,All investigated economies (universal list),
8101.97.00,Tungsten waste and scrap,Existing,All investigated economies (universal list),
8103.20.00,"Tantalum, unwrought (including bars and rods obtained simply by sintering); tantalum powders",Existing,All investigated economies (universal list),
8103.30.00,Tantalum waste and scrap,Existing,All investigated economies (universal list),
8103.91.00,"Tantalum, crucibles",Existing,All investigated economies (universal list),
8103.99.00,"Tantalum, articles other than crucibles, nesoi",Existing,All investigated economies (universal list),
8104.11.00,"Magnesium, unwrought, containing at least 99.8 percent by weight of magnesium",Existing,All investigated economies (universal list),
8104.19.00,"Magnesium, unwrought, nesoi",Existing,All investigated economies (universal list),
8104.20.00,"Magnesium, waste and scrap",Existing,All investigated economies (universal list),
8104.30.00,"Magnesium, raspings, turnings and granules graded according to size; magnesium powders",Existing,All investigated economies (universal list),
8104.90.00,"Magnesium, articles nesoi",Existing,All investigated economies (universal list),
8105.20.30,"Cobalt alloys, unwrought",Existing,All investigated economies (universal list),
8105.20.60,"Cobalt (other than alloys), unwrought",Existing,All investigated economies (universal list),
8105.20.90,"Cobalt, mattes and other intermediate products of cobalt metallurgy; cobalt powders",Existing,All investigated economies (universal list),
8105.30.00,Cobalt waste and scrap,Existing,All investigated economies (universal list),
8105.90.00,"Cobalt, articles thereof nesoi",Existing,All investigated economies (universal list),
8106.10.00,"Bismuth (including waste and scrap) and articles thereof, containing more than 99.99 percent of bismuth by weight",Existing,All investigated economies (universal list),
8106.90.00,"Bismuth (including waste and scrap) and articles thereof, containing 99.99 percent of bismuth or less, nesoi",Existing,All investigated economies (universal list),
8108.20.00,"Titanium, unwrought; titanium powders",Existing,All investigated economies (universal list),
8108.30.00,Titanium waste and scrap,Existing,All investigated economies (universal list),
8108.90.30,"Titanium, articles nesoi",Existing,All investigated economies (universal list),
8108.90.60,"Wrought titanium, nesoi",Existing,All investigated economies (universal list),
8110.10.00,"Antimony, unwrought; antimony powders",Existing,All investigated economies (universal list),
8110.20.00,Antimony waste and scrap,Existing,All investigated economies (universal list),
8110.90.00,"Articles of antimony, nesoi",Existing,All investigated economies (universal list),
8111.00.47,Unwrought manganese flake containing at least 99.5 percent by weight of manganese,Existing,All investigated economies (universal list),
8111.00.49,"Unwrought manganese, nesoi",Existing,All investigated economies (universal list),
8112.21.00,"Chromium, unwrought; chromium powders",Existing,All investigated economies (universal list),
8112.22.00,Chromium waste and scrap,Existing,All investigated economies (universal list),
8112.29.00,"Articles of chromium, nesoi",Existing,All investigated economies (universal list),
8112.41.10,"Rhenium, waste and scrap",Existing,All investigated economies (universal list),
8112.41.50,"Rhenium, unwrought; rhenium powders",Existing,All investigated economies (universal list),
8112.49.00,"Rhenium, articles, nesoi",Existing,All investigated economies (universal list),
8112.59.00,"Articles of thallium, nesoi",Existing,All investigated economies (universal list),
8112.92.10,"Gallium, unwrought; gallium powders",Existing,All investigated economies (universal list),
8112.92.30,"Indium, unwrought; indium powders",Existing,All investigated economies (universal list),
8112.92.40,"Niobium (columbium), unwrought; niobium powders",Existing,All investigated economies (universal list),
8112.92.60,"Germanium, unwrought",Existing,All investigated economies (universal list),
8112.92.65,"Germanium powder, wrought",Existing,All investigated economies (universal list),
8112.99.10,Germanium nesoi and articles thereof,Existing,All investigated economies (universal list),
8112.99.20,"Vanadium, nesoi, and articles thereof",New,All investigated economies (universal list),
8112.99.91,"Articles of gallium, indium, or niobium, nesoi",Existing,All investigated economies (universal list),
8302.10.60,"Iron or steel, aluminum, or zinc hinges and base metal parts thereof, not designed for motor vehicles",Existing,All investigated economies (universal list),Aircraft
8302.10.90,Base metal (other than iron or steel or aluminum or zinc) hinges and base metal parts thereof,Existing,All investigated economies (universal list),Aircraft
8302.20.00,Base metal castors and base metal parts thereof,Existing,All investigated economies (universal list),Aircraft
8302.42.30,"Iron or steel, aluminum, or zinc mountings, fittings and similar articles, suitable for furniture, and base metal parts thereof",Existing,All investigated economies (universal list),Aircraft
8302.42.60,"Base metal (other than iron or steel or aluminum or zinc) mountings, fittings and similar articles, suitable for furniture, and base metal parts thereof",Existing,All investigated economies (universal list),Aircraft
8302.49.40,"Base metal harness, saddlery or riding-bridle hardware, not coated or plated with precious metal, and base metal parts thereof",Existing,All investigated economies (universal list),Aircraft
8302.49.60,"Iron or steel, aluminum, or zinc, mountings, fittings and similar articles nesoi, and base metal parts thereof",Existing,All investigated economies (universal list),Aircraft
8302.49.80,"Base metal (other than iron or steel or aluminum or zinc) mountings, fittings and similar articles nesoi, and base metal parts thereof",Existing,All investigated economies (universal list),Aircraft
8302.60.30,Base metal automatic door closers,Existing,All investigated economies (universal list),Aircraft
8307.10.30,"Iron or steel flexible tubing, with fittings",Existing,All investigated economies (universal list),Aircraft
8307.90.30,"Base metal (other than iron or steel) flexible tubing, with fittings",Existing,All investigated economies (universal list),Aircraft
8407.10.00,Spark-ignition reciprocating or rotary internal combustion piston engines for use in aircraft,Existing,All investigated economies (universal list),Aircraft
8408.90.90,"Compression-ignition internal-combustion piston engines, for machinery or equipment, nesoi",Existing,All investigated economies (universal list),Aircraft
8409.10.00,Parts for internal combustion aircraft engines,Existing,All investigated economies (universal list),Aircraft
8411.11.40,Aircraft turbojets of a thrust not exceeding 25 kN,Existing,All investigated economies (universal list),Aircraft
8411.11.80,"Turbojets of a thrust not exceeding 25 kN, other than aircraft",Existing,All investigated economies (universal list),Aircraft
8411.12.40,Aircraft turbojets of a thrust exceeding 25 kN,Existing,All investigated economies (universal list),Aircraft
8411.12.80,"Turbojets of a thrust exceeding 25 kN, other than aircraft",Existing,All investigated economies (universal list),Aircraft
8411.21.40,"Aircraft turbopropellers of a power not exceeding 1,100 kW",Existing,All investigated economies (universal list),Aircraft
8411.21.80,"Turbopropellers of a power not exceeding 1,100 kW, other than aircraft",Existing,All investigated economies (universal list),Aircraft
8411.22.40,"Aircraft turbopropellers of a power exceeding 1,100 kW",Existing,All investigated economies (universal list),Aircraft
8411.22.80,"Turbopropellers of a power exceeding 1,100 kW, other than aircraft",Existing,All investigated economies (universal list),Aircraft
8411.81.40,"Aircraft gas turbines other than turbojets or turbopropellers, of a power not exceeding 5,000 kW",Existing,All investigated economies (universal list),Aircraft
8411.82.40,"Aircraft gas turbines other than turbojets or turbopropellers, of a power exceeding 5,000 kW",Existing,All investigated economies (universal list),Aircraft
8411.91.10,"Cast-iron parts of turbojets or turbopropellers, not advanced beyond cleaning, machined only for removal of fins, gates, sprues and risers, or to permit location in machinery",Existing,All investigated economies (universal list),Aircraft
8411.91.90,Parts of turbojets or turbopropellers other than those of subheading 8411.91.10,Existing,All investigated economies (universal list),Aircraft
8411.99.10,"Cast-iron parts of gas turbines nesoi, not advanced beyond cleaning, and machined for removal of fins, gates, sprues and risers",Existing,All investigated economies (universal list),Aircraft
8411.99.90,"Parts of gas turbines nesoi, other than those of subheading 8411.99.10",Existing,All investigated economies (universal list),Aircraft
8412.10.00,Reaction engines other than turbojets,Existing,All investigated economies (universal list),Aircraft
8412.21.00,"Hydraulic power engines and motors, linear acting (cylinders)",Existing,All investigated economies (universal list),Aircraft
8412.29.40,Hydrojet engines for marine propulsion,Existing,All investigated economies (universal list),Aircraft
8412.29.80,"Hydraulic power engines and motors, nesoi",Existing,All investigated economies (universal list),Aircraft
8412.31.00,"Pneumatic power engines and motors, linear acting (cylinders)",Existing,All investigated economies (universal list),Aircraft
8412.39.00,"Pneumatic power engines and motors, other than linear acting",Existing,All investigated economies (universal list),Aircraft
8412.80.10,Spring-operated and weight-operated motors,Existing,All investigated economies (universal list),Aircraft
8412.80.90,"Engines and motors, nesoi (excluding motors of heading 8501)",Existing,All investigated economies (universal list),Aircraft
8412.90.90,Parts for engines of heading 8412 other than hydrojet engines for marine propulsion,Existing,All investigated economies (universal list),Aircraft
8413.19.00,"Pumps for liquids fitted or designed to be fitted with a measuring device, nesoi",Existing,All investigated economies (universal list),Aircraft
8413.20.00,"Hand pumps other than those of subheading 8413.11 or 8413.19, not fitted with a measuring device",Existing,All investigated economies (universal list),Aircraft
8413.30.10,"Fuel-injection pumps for compression-ignition engines, not fitted with a measuring device",Existing,All investigated economies (universal list),Aircraft
8413.30.90,"Fuel, lubricating or cooling medium pumps for internal-combustion piston engines, not fitted with a measuring device, nesoi",Existing,All investigated economies (universal list),Aircraft
8413.50.00,"Reciprocating positive displacement pumps for liquids, not fitted with a measuring device, nesoi",Existing,All investigated economies (universal list),Aircraft
8413.60.00,"Rotary positive displacement pumps for liquids, not fitted with a measuring device, nesoi",Existing,All investigated economies (universal list),Aircraft
8413.70.10,"Stock pumps imported for use with machines for making cellulosic pulp, paper or paperboard, not fitted with a measuring device",Existing,All investigated economies (universal list),Aircraft
8413.70.20,"Centrifugal pumps for liquids, not fitted with a measuring device, nesoi",Existing,All investigated economies (universal list),Aircraft
8413.81.00,"Pumps for liquids, not fitted with a measuring device, nesoi",Existing,All investigated economies (universal list),Aircraft
8413.91.10,Parts of fuel-injection pumps for compression- ignition engines,Existing,All investigated economies (universal list),Aircraft
8413.91.20,"Parts of stock pumps imported for use with machines for making cellulosic pulp, paper or paperboard",Existing,All investigated economies (universal list),Aircraft
8413.91.90,"Parts of pumps, nesoi",Existing,All investigated economies (universal list),Aircraft
8414.10.00,Vacuum pumps,Existing,All investigated economies (universal list),Aircraft
8414.20.00,Hand-operated or foot-operated air pumps,Existing,All investigated economies (universal list),Aircraft
8414.30.40,Compressors of a kind used in refrigerating equipment (including air conditioning) not exceeding 1/4 horsepower,Existing,All investigated economies (universal list),Aircraft
8414.30.80,Compressors of a kind used in refrigerating equipment (including air conditioning) exceeding 1/4 horsepower,Existing,All investigated economies (universal list),Aircraft
8414.51.30,"Ceiling fans for permanent installation, with a self- contained electric motor of an output not exceeding 125 W",Existing,All investigated economies (universal list),Aircraft
8414.51.90,"Table, floor, wall, window or roof fans, with a self- contained electric motor of an output not exceeding 125 W",Existing,All investigated economies (universal list),Aircraft
8414.59.30,Turbocharger and supercharger fans,Existing,All investigated economies (universal list),Aircraft
8414.59.65,"Other fans, nesoi",Existing,All investigated economies (universal list),Aircraft
8414.80.05,Turbocharger and supercharger air compressors,Existing,All investigated economies (universal list),Aircraft
8414.80.16,"Air compressors, nesoi",Existing,All investigated economies (universal list),Aircraft
8414.80.20,"Gas compressors, nesoi",Existing,All investigated economies (universal list),Aircraft
8414.80.90,"Air or gas pumps, compressors and fans, nesoi",Existing,All investigated economies (universal list),Aircraft
8414.90.10,Parts of fans (including blowers) and ventilating or recycling hoods,Existing,All investigated economies (universal list),Aircraft
8414.90.30,Stators and rotors of goods of subheading 8414.30,Existing,All investigated economies (universal list),Aircraft
8414.90.41,"Parts of air or gas compressors, nesoi",Existing,All investigated economies (universal list),Aircraft
8414.90.91,"Parts of air or vacuum pumps, ventilating or recycling hoods, gas-tight biological safety cabinets",Existing,All investigated economies (universal list),Aircraft
8415.10.60,"Window or wall type air conditioning machines, split-system, incorporating a refrigerating unit and valve for reversal of cooling/heat cycle",Existing,All investigated economies (universal list),Aircraft
8415.10.90,"Window or wall type air conditioning machines, split-system, nesoi",Existing,All investigated economies (universal list),Aircraft
8415.81.01,"Air conditioning machines incorporating a refrigerating unit and valve for reversal of cooling/heat cycle, nesoi",Existing,All investigated economies (universal list),Aircraft
8415.82.01,"Air conditioning machines incorporating a refrigerating unit, nesoi",Existing,All investigated economies (universal list),Aircraft
8415.83.00,Air conditioning machines not incorporating a refrigerating unit,Existing,All investigated economies (universal list),Aircraft
8415.90.40,"Chassis, chassis bases and other outer cabinets for air conditioning machines,",Existing,All investigated economies (universal list),Aircraft
8415.90.80,"Parts for air conditioning machines, nesoi",Existing,All investigated economies (universal list),Aircraft
8418.10.00,"Combined refrigerator-freezers, fitted with separate external doors, electric or other",Existing,All investigated economies (universal list),Aircraft
8418.30.00,"Freezers of the chest type, not exceeding 800 liters capacity, electric or other",Existing,All investigated economies (universal list),Aircraft
8418.40.00,"Freezers of the upright type, not exceeding 900 liters capacity, electric or other",Existing,All investigated economies (universal list),Aircraft
8418.61.01,"Heat pumps, other than the air-conditioning machines of heading 8415",Existing,All investigated economies (universal list),Aircraft
8418.69.01,Refrigerating or freezing equipment nesoi,Existing,All investigated economies (universal list),Aircraft
8419.50.10,Brazed aluminum plate-fin heat exchangers,Existing,All investigated economies (universal list),Aircraft
8419.50.50,"Heat exchange units, nesoi",Existing,All investigated economies (universal list),Aircraft
8419.81.50,"Cooking stoves, ranges and ovens, other than microwave, for making hot drinks or for cooking or heating food, not used for domestic purposes",Existing,All investigated economies (universal list),Aircraft
8419.81.90,"Machinery and equipment nesoi, for making hot drinks or for cooking or heating food, not used for domestic purposes",Existing,All investigated economies (universal list),Aircraft
8419.90.10,Parts of instantaneous or storage water heaters,Existing,All investigated economies (universal list),Aircraft
8419.90.20,"Parts of machinery and plant, for making paper pulp, paper or paperboard",Existing,All investigated economies (universal list),Aircraft
8419.90.30,Parts of heat exchange units,Existing,All investigated economies (universal list),Aircraft
8419.90.50,"Parts of molten-salt-cooled acrylic acid reactors, nesoi; parts of certain medical, surgical or laboratory sterilizers, nesoi",Existing,All investigated economies (universal list),Aircraft
8419.90.85,"Parts of electromechanical tools for work in the hand, with self-contained electric motor, for treatment of materials by change in temperature",Existing,All investigated economies (universal list),Aircraft
8421.19.00,"Centrifuges, other than cream separators or clothes dryers",Existing,All investigated economies (universal list),Aircraft
8421.21.00,Machinery and apparatus for filtering or purifying water,Existing,All investigated economies (universal list),Aircraft
8421.23.00,Oil or fuel filters for internal combustion engines,Existing,All investigated economies (universal list),Aircraft
8421.29.00,"Filtering or purifying machinery and apparatus for liquids, nesoi",Existing,All investigated economies (universal list),Aircraft
8421.31.00,Intake air filters for internal combustion engines,Existing,All investigated economies (universal list),Aircraft
8421.32.00,Catalytic converters; particulate filters for internal combustion engines,Existing,All investigated economies (universal list),Aircraft
8421.39.01,"Filtering or purifying machinery and apparatus for gases, other than intake air filters or catalytic converters, for internal combustion engines",Existing,All investigated economies (universal list),Aircraft
8424.10.00,"Fire extinguishers, whether or not charged",Existing,All investigated economies (universal list),Aircraft
8425.11.00,"Pulley tackle and hoists other than skip hoists or hoists used for raising vehicles, powered by electric motor",Existing,All investigated economies (universal list),Aircraft
8425.19.00,"Pulley tackle and hoists other than skip hoists or hoists used for raising vehicles, not powered by electric motor",Existing,All investigated economies (universal list),Aircraft
8425.31.01,"Winches nesoi, and capstans, powered by electric motor",Existing,All investigated economies (universal list),Aircraft
8425.39.01,"Winches nesoi, and capstans, not powered by electric motor",Existing,All investigated economies (universal list),Aircraft
8425.42.00,"Hydraulic jacks and hoists, nesoi",Existing,All investigated economies (universal list),Aircraft
8425.49.00,"Jacks and hoists of a kind used for raising vehicles, other than hydraulic, nesoi",Existing,All investigated economies (universal list),Aircraft
8426.99.00,"Derricks, cranes and other lifting machinery nesoi",Existing,All investigated economies (universal list),Aircraft
8428.10.00,Passenger or freight elevators other than continuous action; skip hoists,Existing,All investigated economies (universal list),Aircraft
8428.20.00,Pneumatic elevators and conveyors,Existing,All investigated economies (universal list),Aircraft
8428.33.00,"Belt type continuous-action elevators and conveyors, for goods or materials",Existing,All investigated economies (universal list),Aircraft
8428.39.00,"Continuous-action elevators and conveyors, for goods or materials, nesoi",Existing,All investigated economies (universal list),Aircraft
8428.90.03,"Machinery for lifting, handling, loading or unloading, nesoi",Existing,All investigated economies (universal list),Aircraft
8443.31.00,"Multifunction units (machines which perform two or more of the functions of printing, copying or facsimile transmission, capable of connecting to an automatic data processing machine or to a network)",Existing,All investigated economies (universal list),Aircraft
8443.32.10,"Printer units, capable of connecting to an automatic data processing machine or to a network",Existing,All investigated economies (universal list),Aircraft
8443.32.50,"Single function units other than printer units (machines which perform only one of the functions of printing, copying or facsimile transmission)",Existing,All investigated economies (universal list),Aircraft
8471.30.01,"Portable automatic data processing machines, not over 10 kg, consisting at least a central processing unit, keyboard and display",Existing,All investigated economies (universal list),
8471.41.01,"Automatic data processing machines, nonportable or over 10 kg, comprising in the same housing at least a central processing unit and an input and output unit, whether or not combined",Existing,All investigated economies (universal list),
8471.49.00,"Automatic data processing machines, nesoi, entered in the form of systems (consisting of at least a central processing unit, and an input and output unit)",Existing,All investigated economies (universal list),
8471.50.01,"Processing units other than those of subheading 8471.41 and 8471.49, nesoi",Existing,All investigated economies (universal list),
8471.60.10,Combined input/output units for automatic data processing machines not entered with the rest of a system,Existing,All investigated economies (universal list),
8471.60.20,Keyboards for automatic data processing machines not entered with the rest of a system,Existing,All investigated economies (universal list),
8471.60.70,"Input or output units suitable for physical incorporation into an automatic data processing machine or unit thereof, nesoi, not entered with the rest of a system",Existing,All investigated economies (universal list),
8471.60.80,Optical scanners and magnetic ink recognition devices not entered with the rest of an automatic data processing system,Existing,All investigated economies (universal list),
8471.60.90,"Other input or output units of digital automatic data processing machines, nesoi, not entered with the rest of a system",Existing,All investigated economies (universal list),
8471.70.10,"Automatic data processing magnetic disk drive storage units, disk diameter exceeding 21 cm, without read-write unit assembled therein; read-write units; all not entered with the rest of a system",Existing,All investigated economies (universal list),
8471.70.20,"Automatic data processing magnetic disk drive storage units, disk diameter exceeding 21 cm, for incorporation into automatic data processing machines or units, not entered with the rest of a system",Existing,All investigated economies (universal list),
8471.70.30,"Automatic data processing magnetic disk drive storage units, disk diameter exceeding 21 cm, nesoi, not entered with the rest of a system",Existing,All investigated economies (universal list),
8471.70.40,"Automatic data processing magnetic disk drive storage units, disk diameter not exceeding 21 cm, not assembled in cabinets, without attached external power supply, not entered with the rest of a system",Existing,All investigated economies (universal list),
8471.70.50,"Automatic data processing magnetic disk drive storage units, disk diameter not exceeding 21 cm, nesoi, not entered with the rest of a system",Existing,All investigated economies (universal list),
8471.70.60,"Automatic data processing storage units other than magnetic disk, not assembled in cabinets for placing on a table etc., not entered with the rest of a system",Existing,All investigated economies (universal list),
8471.70.90,"Automatic data processing storage units other than magnetic disk drive units, nesoi, not entered with the rest of a system",Existing,All investigated economies (universal list),
8471.80.10,Control or adapter units for automatic data processing machines not entered with rest of a system,Existing,All investigated economies (universal list),
8471.80.40,"Unit suitable for physical incorporation into automatic data processing machine or unit thereof, not entered with the rest of a system, nesoi",Existing,All investigated economies (universal list),
8471.80.90,"Other units of automatic data processing machines, not entered with the rest of a system, nesoi",Existing,All investigated economies (universal list),
8471.90.00,"Magnetic or optical readers, nesoi; machines for transcribing data on data media in coded form and machines for processing such data, nesoi",Existing,All investigated economies (universal list),
8473.30.11,"Printed circuit assemblies, not incorporating a cathode ray tube, of the machines of 8471",Existing,All investigated economies (universal list),
8473.30.20,"Parts and accessories of the automatic data processing machines of heading 8471, not incorporating a CRT, parts and accessories of printed circuit assemblies",Existing,All investigated economies (universal list),
8473.30.51,"Parts and accessories of the automatic data processing machines of heading 8471, not incorporating a CRT, nesoi",Existing,All investigated economies (universal list),
8473.30.91,"Parts and accessories of the automatic data processing machines of heading 8471, incorporating a CRT, nesoi",Existing,All investigated economies (universal list),
8479.89.10,"Air humidifiers or dehumidifiers with self-contained electric motor, other than for domestic purposes",Existing,All investigated economies (universal list),Aircraft
8479.89.20,"Floor polishers with self-contained electric motor, other than for domestic purposes",Existing,All investigated economies (universal list),Aircraft
8479.89.65,"Electromechanical appliances with self-contained electric motor, nesoi",Existing,All investigated economies (universal list),Aircraft
8479.89.70,"Carpet sweepers, not electromechanical with self- contained electric motor",Existing,All investigated economies (universal list),Aircraft
8479.89.95,"Other machines and mechanical appliances having individual functions, not specified or included elsewhere in chapter 84 of the HTSUS, nesoi",Existing,All investigated economies (universal list),Aircraft
8479.90.41,Parts of floor polishers of subheading 8479.89.20; parts of carpet sweepers,Existing,All investigated economies (universal list),Aircraft
8479.90.45,"Parts of trash compactors, frame assemblies",Existing,All investigated economies (universal list),Aircraft
8479.90.55,"Parts of trash compactors, ram assemblies",Existing,All investigated economies (universal list),Aircraft
8479.90.65,"Parts of trash compactors, container assemblies",Existing,All investigated economies (universal list),Aircraft
8479.90.75,"Parts of trash compactors, cabinets or cases",Existing,All investigated economies (universal list),Aircraft
8479.90.85,"Parts of trash compactors, nesoi",Existing,All investigated economies (universal list),Aircraft
8479.90.95,"Parts of machines and mechanical appliances having individual functions, not specified or included elsewhere in chapter 84 of the HTSUS, nesoi",Existing,All investigated economies (universal list),Aircraft
8483.10.10,Camshafts and crankshafts for use solely or principally with spark-ignition internal-combustion piston or rotary engines,Existing,All investigated economies (universal list),Aircraft
8483.10.30,Camshafts and crankshafts nesoi,Existing,All investigated economies (universal list),Aircraft
8483.10.50,Transmission shafts and cranks other than camshafts and crankshafts,Existing,All investigated economies (universal list),Aircraft
8483.30.40,"Bearing housings of the flange, take-up, cartridge and hanger unit type",Existing,All investigated economies (universal list),Aircraft
8483.30.80,Bearing housings nesoi; plain shaft bearings,Existing,All investigated economies (universal list),Aircraft
8483.40.10,Torque converters,Existing,All investigated economies (universal list),Aircraft
8483.40.30,"Fixed, multiple and variable ratio speed changers, imported for use with machines for making cellulosic pulp, paper or paperboard",Existing,All investigated economies (universal list),Aircraft
8483.40.50,"Fixed, multiple and variable ratio speed changers, not imported for use with machines for making cellulosic pulp, paper or paperboard",Existing,All investigated economies (universal list),Aircraft
8483.40.70,"Speed changers other than fixed, multiple and variable ratio speed changers",Existing,All investigated economies (universal list),Aircraft
8483.40.80,Ball or roller screws,Existing,All investigated economies (universal list),Aircraft
8483.40.90,"Gears and gearing, other than toothed wheels, chain sprockets and other transmission elements entered separately",Existing,All investigated economies (universal list),Aircraft
8483.50.40,"Gray-iron awning or tackle pulleys, not over 6.4 cm in wheel diameter",Existing,All investigated economies (universal list),Aircraft
8483.50.60,"Flywheels, nesoi",Existing,All investigated economies (universal list),Aircraft
8483.50.90,"Pulleys, including pulley blocks, nesoi",Existing,All investigated economies (universal list),Aircraft
8483.60.40,Clutches and universal joints,Existing,All investigated economies (universal list),Aircraft
8483.60.80,Shaft couplings (other than universal joints),Existing,All investigated economies (universal list),Aircraft
8483.90.10,Chain sprockets and parts thereof,Existing,All investigated economies (universal list),Aircraft
8483.90.20,"Parts of flange, take-up, cartridge and hanger units",Existing,All investigated economies (universal list),Aircraft
8483.90.30,"Parts of bearing housings and plain shaft bearings, nesoi",Existing,All investigated economies (universal list),Aircraft
8483.90.50,"Parts of gearing, gear boxes and other speed changers",Existing,All investigated economies (universal list),Aircraft
8483.90.80,"Parts of transmission equipment, nesoi",Existing,All investigated economies (universal list),Aircraft
8484.10.00,Gaskets and similar joints of metal sheeting combined with other material or of two or more layers of metal,Existing,All investigated economies (universal list),Aircraft
8484.90.00,"Sets or assortments of gaskets and similar joints dissimilar in composition, put up in pouches, envelopes or similar packings",Existing,All investigated economies (universal list),Aircraft
8486.10.00,Machines and apparatus for the manufacture of boules or wafers,Existing,All investigated economies (universal list),
8486.20.00,Machines and apparatus for the manufacture of semiconductor devices or electronic integrated circuits,Existing,All investigated economies (universal list),
8486.30.00,Machines and apparatus for the manufacture of flat panel displays,Existing,All investigated economies (universal list),
8486.40.00,Machines and apparatus for the manufacture of masks and reticles and for the assembly of electronic integrated circuits,Existing,All investigated economies (universal list),
8486.90.00,"Parts and accessories of the machines and apparatus for the manufacture of semiconductor devices, electronic integrated circuits and flat pa",Existing,All investigated economies (universal list),
8501.20.50,Universal AC/DC motors of an output exceeding 735 W but under 746 W,Existing,All investigated economies (universal list),Aircraft
8501.20.60,Universal AC/DC motors of an output of 746 W or more,Existing,All investigated economies (universal list),Aircraft
8501.31.50,"DC motors, nesoi, of an output exceeding 735 W but under 746 W",Existing,All investigated economies (universal list),Aircraft
8501.31.60,"DC motors nesoi, of an output of 746 W but not exceeding 750 W",Existing,All investigated economies (universal list),Aircraft
8501.31.81,"DC generators, other than photovoltaic generators, of an output not exceeding 750 W",Existing,All investigated economies (universal list),Aircraft
8501.32.20,"DC motors nesoi, of an output exceeding 750 W but not exceeding 14.92 kW",Existing,All investigated economies (universal list),Aircraft
8501.32.55,"DC motors nesoi, of an output exceeding 14.92 kW but not exceeding 75 kW, nesoi",Existing,All investigated economies (universal list),Aircraft
8501.32.61,"DC generators, other than photovoltaic generators, of an output exceeding 750 W but not exceeding 75 kW",Existing,All investigated economies (universal list),Aircraft
8501.33.20,"DC motors nesoi, of an output exceeding 75 kW but under 149.2 kW",Existing,All investigated economies (universal list),Aircraft
8501.33.30,"DC motors, nesoi, 149.2 kW or more but not exceeding 150 kW",Existing,All investigated economies (universal list),Aircraft
8501.33.61,"DC generators, other than photovoltaic generators, of an output exceeding 75 kW but not exceeding 375 kW",Existing,All investigated economies (universal list),Aircraft
8501.34.61,"DC generators, other than photovoltaic generators, of an output exceeding 375 kW",Existing,All investigated economies (universal list),Aircraft
8501.40.50,"AC motors, nesoi, single-phase, exceeding 735 W but under 746 W",Existing,All investigated economies (universal list),Aircraft
8501.40.60,"AC motors nesoi, single-phase, of 746 W or more",Existing,All investigated economies (universal list),Aircraft
8501.51.50,"AC motors, nesoi, multi-phase, of an output exceeding 735 W but under 746 W",Existing,All investigated economies (universal list),Aircraft
8501.51.60,"AC motors nesoi, multi-phase of an output of 746 W but not exceeding 750 W",Existing,All investigated economies (universal list),Aircraft
8501.52.40,"AC motors nesoi, multi-phase, of an output exceeding 750 W but not exceeding 14.92 kW",Existing,All investigated economies (universal list),Aircraft
8501.52.80,"AC motors nesoi, multi-phase, of an output exceeding 14.92 kW but not exceeding 75 kW",Existing,All investigated economies (universal list),Aircraft
8501.53.40,"AC motors nesoi, multi-phase, of an output exceeding 75 kW but under 149.2 kW",Existing,All investigated economies (universal list),Aircraft
8501.53.60,"AC motors, nesoi, multi-phase, 149.2 kW or more but not exceeding 150 kW",Existing,All investigated economies (universal list),Aircraft
8501.61.01,"AC generators (alternators), other than photovoltaic generators, of an output not exceeding 75 kVA",Existing,All investigated economies (universal list),Aircraft
8501.62.01,"AC generators (alternators), other than photovoltaic generators, of an output exceeding 75 kVA but not exceeding 375 kVA",Existing,All investigated economies (universal list),Aircraft
8501.63.01,"AC generators (alternators), other than photovoltaic generators, of an output exceeding 375 kVA but not exceeding 750 kVA",Existing,All investigated economies (universal list),Aircraft
8501.71.00,"Photovoltaic DC generators, of an output not exceeding 50 W",Existing,All investigated economies (universal list),Aircraft
8501.72.10,"Photovoltaic DC generators, of an output exceeding 50 W but not exceeding 750 W",Existing,All investigated economies (universal list),Aircraft
8501.72.20,"Photovoltaic DC generators, of an output exceeding 750 W but not exceeding 75 kW",Existing,All investigated economies (universal list),Aircraft
8501.72.30,"Photovoltaic DC generators, of an output exceeding 75 kW but not exceeding 375 kW",Existing,All investigated economies (universal list),Aircraft
8501.72.90,"Photovoltaic DC generators, of an output exceeding 375 kW",Existing,All investigated economies (universal list),Aircraft
8501.80.10,"Photovoltaic AC generators, of an output not exceeding 75 kVA",Existing,All investigated economies (universal list),Aircraft
8501.80.20,"Photovoltaic AC generators, of an output exceeding 75 kVA but not exceeding 375 kVA",Existing,All investigated economies (universal list),Aircraft
8501.80.30,"Photovoltaic AC generators, of an output exceeding 375 kVA but not exceeding 750 kVA",Existing,All investigated economies (universal list),Aircraft
8502.11.00,"Electric generating sets with compression-ignition internal-combustion piston engines, of an output not exceeding 75 kVA",Existing,All investigated economies (universal list),Aircraft
8502.12.00,"Electric generating sets with compression-ignition internal-combustion piston engines, of an output exceeding 75 kVA but not over 375 kVA",Existing,All investigated economies (universal list),Aircraft
8502.13.00,"Electric generating sets with compression-ignition internal-combustion piston engines, of an output exceeding 375 kVA",Existing,All investigated economies (universal list),Aircraft
8502.20.00,Electric generating sets with spark-ignition internal- combustion piston engines,Existing,All investigated economies (universal list),Aircraft
8502.31.00,Wind-powered electric generating sets,Existing,All investigated economies (universal list),Aircraft
8502.39.00,"Electric generating sets, nesoi",Existing,All investigated economies (universal list),Aircraft
8502.40.00,Electric rotary converters,Existing,All investigated economies (universal list),Aircraft
8504.10.00,Ballasts for discharge lamps or tubes,Existing,All investigated economies (universal list),Aircraft
8504.31.20,"Unrated electrical transformers other than liquid dielectric, having a power handling capacity not exceeding 1 kVA",Existing,All investigated economies (universal list),Aircraft
8504.31.40,"Electrical transformers other than liquid dielectric, having a power handling capacity less than 1 kVA",Existing,All investigated economies (universal list),Aircraft
8504.31.60,"Electrical transformers other than liquid dielectric, having a power handling capacity of l kVA",Existing,All investigated economies (universal list),Aircraft
8504.32.00,"Electrical transformers other than liquid dielectric, having a power handling capacity exceeding 1 kVA but not exceeding 16 kVA",Existing,All investigated economies (universal list),Aircraft
8504.33.00,"Electrical transformers other than liquid dielectric, having a power handling capacity exceeding 16 kVA but not exceeding 500 kVA",Existing,All investigated economies (universal list),Aircraft
8504.40.40,Electrical speed drive controllers for electric motors (static converters),Existing,All investigated economies (universal list),Aircraft
8504.40.60,Power supplies suitable for physical incorporation into automatic data processing machines or units thereof of heading 8471,Existing,All investigated economies (universal list),Aircraft
8504.40.70,"Power supplies for automatic data processing machines or units thereof of heading 8471, nesoi",Existing,All investigated economies (universal list),Aircraft
8504.40.85,"Static converters (for example, rectifiers) for telecommunication apparatus",Existing,All investigated economies (universal list),Aircraft
8504.40.95,"Static converters (for example, rectifiers), nesoi",Existing,All investigated economies (universal list),Aircraft
8504.50.40,Other inductors for power supplies for ADP machines and units of heading 8471 or for telecommunication apparatus,Existing,All investigated economies (universal list),Aircraft
8504.50.80,"Other inductors, nesoi",Existing,All investigated economies (universal list),Aircraft
8505.11.0070,Sintered neodymium-iron-boron magnets,Existing,All investigated economies (universal list),
8507.10.00,Lead-acid storage batteries of a kind used for starting piston engines,Existing,All investigated economies (universal list),Aircraft
8507.20.80,Lead-acid storage batteries other than of a kind used for starting piston engines or as the primary source of power for electric vehicles,Existing,All investigated economies (universal list),Aircraft
8507.30.80,"Nickel-cadmium storage batteries, other than of a kind used as the primary source of power for electric vehicles",Existing,All investigated economies (universal list),Aircraft
8507.50.00,Nickel-metal hydride batteries,Existing,All investigated economies (universal list),Aircraft
8507.60.00,Lithium-ion batteries,Existing,All investigated economies (universal list),Aircraft
8507.80.82,"Other storage batteries nesoi, other than of a kind used as the primary source of power for electric vehicles",Existing,All investigated economies (universal list),Aircraft
8507.90.40,"Parts of lead-acid storage batteries, including separators therefor",Existing,All investigated economies (universal list),Aircraft
8507.90.80,"Parts of storage batteries, including separators therefor, other than parts of lead-acid storage batteries",Existing,All investigated economies (universal list),Aircraft
8511.10.00,Spark plugs,Existing,All investigated economies (universal list),Aircraft
8511.20.00,"Ignition magnetos, magneto-dynamos and magnetic flywheels",Existing,All investigated economies (universal list),Aircraft
8511.30.00,Distributors and ignition coils,Existing,All investigated economies (universal list),Aircraft
8511.40.00,Starter motors and dual purpose starter-generators,Existing,All investigated economies (universal list),Aircraft
8511.50.00,"Generators nesoi, of a kind used in conjunction with spark-ignition or compression-ignition internal- combustion engines",Existing,All investigated economies (universal list),Aircraft
8511.80.20,"Voltage and voltage-current regulators with cut-out relays designed for use on 6, 12 or 24 V systems",Existing,All investigated economies (universal list),Aircraft
8511.80.40,"Voltage and voltage-current regulators with cut-out relays other than those designed for use on 6, 12 or 24 V systems",Existing,All investigated economies (universal list),Aircraft
8511.80.60,"Electrical ignition or starting equipment of a kind used for spark-ignition internal-combustion or compression-ignition engines, nesoi",Existing,All investigated economies (universal list),Aircraft
8514.20.40,Industrial or laboratory microwave ovens for making hot drinks or for cooking or heating food,Existing,All investigated economies (universal list),Aircraft
8516.80.40,"Electric heating resistors assembled only with simple insulated former and electrical connectors, used for anti-icing or de-icing",Existing,All investigated economies (universal list),Aircraft
8516.80.80,"Electric heating resistors, nesoi",Existing,All investigated economies (universal list),Aircraft
8517.13.00,Smartphones for cellular networks or for other wireless of networks,Existing,All investigated economies (universal list),
8517.14.00,"Other telephones for cellular networks or for other wireless of networks, other than smartphones",Existing,All investigated economies (universal list),Aircraft
8517.61.00,Base stations,Existing,All investigated economies (universal list),Aircraft
8517.62.00,"Machines for the reception, conversion and transmission or regeneration of voice, images or other data, including switching and routing apparatus",Existing,All investigated economies (universal list),
8517.69.00,"Other apparatus for transmission or reception of voice, images or other data, nesoi, but not apparatus of headings 8443, 8525, 8527 or 8528",Existing,All investigated economies (universal list),Aircraft
8517.71.00,Aerials and aerial reflectors of all kinds; parts suitable for use therewith,Existing,All investigated economies (universal list),Aircraft
8518.10.40,"Microphones having a frequency range of 300Hz- 3.4kHz with diameter not over 10 mm and height not exceeding 3 mm, for telecommunication",Existing,All investigated economies (universal list),Aircraft
8518.10.80,"Microphones and stands therefor, nesoi",Existing,All investigated economies (universal list),Aircraft
8518.21.00,"Single loudspeakers, mounted in their enclosures",Existing,All investigated economies (universal list),Aircraft
8518.22.00,Multiple loudspeakers mounted in the same enclosure,Existing,All investigated economies (universal list),Aircraft
8518.29.40,"Loudspeakers not mounted in their enclosures, with frequency range of 300Hz to 3.4kHz, with a diameter of not exceeding 50 mm, for telecommunication",Existing,All investigated economies (universal list),Aircraft
8518.29.80,"Loudspeakers nesoi, not mounted in their enclosures, nesoi",Existing,All investigated economies (universal list),Aircraft
8518.30.10,Line telephone handsets,Existing,All investigated economies (universal list),Aircraft
8518.30.20,"Headphones, earphones and combined microphone/speaker sets, other than telephone handsets",Existing,All investigated economies (universal list),Aircraft
8518.40.10,Audio-frequency electric amplifiers for use as repeaters in line telephony,Existing,All investigated economies (universal list),Aircraft
8518.40.20,"Audio-frequency electric amplifiers, other than for use as repeaters in line telephony",Existing,All investigated economies (universal list),Aircraft
8518.50.00,Electric sound amplifier sets,Existing,All investigated economies (universal list),Aircraft
8519.81.10,Transcribing machines,Existing,All investigated economies (universal list),Aircraft
8519.81.20,Cassette players (non-recording) designed exclusively for motor-vehicle installation,Existing,All investigated economies (universal list),Aircraft
8519.81.25,"Cassette players (non-recording), nesoi",Existing,All investigated economies (universal list),Aircraft
8519.81.30,"Sound reproducing apparatus nesoi, not incorporating a sound recording device",Existing,All investigated economies (universal list),Aircraft
8519.81.41,"Other sound recording and reproducing apparatus using magnetic tape, optical media, or semiconductor media",Existing,All investigated economies (universal list),Aircraft
8519.89.10,"Record players, other than coin- or token-operated, without loudspeaker",Existing,All investigated economies (universal list),Aircraft
8519.89.20,"Record players, other than coin- or token-operated, with loudspeakers",Existing,All investigated economies (universal list),Aircraft
8519.89.30,"Sound recording and reproducing apparatus, nesoi",Existing,All investigated economies (universal list),Aircraft
8521.10.30,"Color, cartridge or cassette magnetic tape-type video players, not capable of recording",Existing,All investigated economies (universal list),Aircraft
8521.10.60,"Color, cartridge or cassette magnetic tape-type video recording and reproducing apparatus, nesoi",Existing,All investigated economies (universal list),Aircraft
8521.10.90,"Magnetic tape-type video recording or reproducing apparatus, other than color, cartridge or cassette type",Existing,All investigated economies (universal list),Aircraft
8522.90.25,"Assemblies and subassemblies of articles of subheading 8519.81.41, consisting of 2 or more pieces fastened together, printed circuit assemblies",Existing,All investigated economies (universal list),Aircraft
8522.90.36,"Other assemblies and subassemblies of articles of subheading 8519.81.41, consisting of 2 or more pieces fastened together, other than printed circuit assemblies",Existing,All investigated economies (universal list),Aircraft
8522.90.45,"Other parts of telephone answering machines, printed circuit assemblies",Existing,All investigated economies (universal list),Aircraft
8522.90.58,"Other parts of telephone answering machines, other than printed circuit assemblies",Existing,All investigated economies (universal list),Aircraft
8522.90.65,"Parts and accessories of apparatus of headings 8519 or 8521, nesoi, printed circuit assemblies",Existing,All investigated economies (universal list),Aircraft
8522.90.80,"Parts and accessories of apparatus of headings 8519 or 8521, nesoi, other than printed circuit assemblies",Existing,All investigated economies (universal list),Aircraft
8523.51.00,"Semiconductor media, solid state non-volatile storage devices",Existing,All investigated economies (universal list),
8524.11.10,"Flat panel display modules of liquid crystals without drivers or control circuits, other than for articles of subheadings 8528.59, 8528.69, 8528.72 and 8528.73",Existing,All investigated economies (universal list),
8524.11.90,"Flat panel display modules of liquid crystals without drivers or control circuits, for articles of subheadings 8528.59, 8528.69, 8528.72 and 8528.73",Existing,All investigated economies (universal list),
8524.12.00,Flat panel display modules of organic light-emitting diodes without drivers or control circuits,Existing,All investigated economies (universal list),
8524.19.00,"Other flat panel display modules without drivers or control circuits, nesoi",Existing,All investigated economies (universal list),
8524.91.10,"Flat panel display modules of liquid crystals with drivers or control circuits, other than for articles of subheadings 8528.59, 8528.69, 8528.72 and 8528.73",Existing,All investigated economies (universal list),
8524.91.90,"Flat panel display modules of liquid crystals with drivers or control circuits, for articles of subheadings 8528.59, 8528.69, 8528.72 and 8528.73",Existing,All investigated economies (universal list),
8524.92.00,Flat panel display modules of organic light-emitting diodes with drivers or control circuits,Existing,All investigated economies (universal list),
8524.99.00,"Other flat panel display modules with drivers or control circuits, nesoi",Existing,All investigated economies (universal list),
8526.10.00,Radar apparatus,Existing,All investigated economies (universal list),Aircraft
8526.91.00,"Radio navigational aid apparatus, other than radar",Existing,All investigated economies (universal list),Aircraft
8526.92.10,Radio remote control apparatus for video game consoles,Existing,All investigated economies (universal list),Aircraft
8526.92.50,Radio remote control apparatus other than for video game consoles,Existing,All investigated economies (universal list),Aircraft
8528.42.00,Cathode-ray tube monitors capable of directly connecting to and designed for use with an automatic data processing machine of heading 8471,Existing,All investigated economies (universal list),Aircraft
8528.52.00,Other monitors capable of directly connecting to and designed for use with an automatic data processing machine of heading 8471,Existing,All investigated economies (universal list),
8528.62.00,Projectors capable of directly connecting to and designed for use with an automatic data processing machine of heading 8471,Existing,All investigated economies (universal list),Aircraft
8529.10.21,"Television antennas and antenna reflectors, and parts suitable for use therewith",Existing,All investigated economies (universal list),Aircraft
8529.10.40,"Radar, radio navigational aid and radio remote control antennas and antenna reflectors, and parts suitable for use therewith",Existing,All investigated economies (universal list),Aircraft
8529.10.91,"Other antennas and antenna reflectors of all kinds and parts, for use",Existing,All investigated economies (universal list),Aircraft
8529.90.04,Tuners (printed circuit assemblies),Existing,All investigated economies (universal list),Aircraft
8529.90.05,"Printed circuit boards and ceramic substrates and subassemblies thereof, for color TV, with components listed in additional U.S. note 4 to chapter 85 of the HTSUS",Existing,All investigated economies (universal list),Aircraft
8529.90.06,"Printed circuit boards and ceramic substrates and subassemblies thereof, for color TV, not with components listed in additional U.S. note 4 to chapter 85 of the HTSUS",Existing,All investigated economies (universal list),Aircraft
8529.90.09,Printed circuit assemblies for television cameras,Existing,All investigated economies (universal list),Aircraft
8529.90.13,"Printed circuit assemblies for television apparatus, nesoi",Existing,All investigated economies (universal list),Aircraft
8529.90.16,"Printed circuit assemblies which are subassemblies of radar, radio navigational aid or remote control apparatus, of 2 or more parts joined together",Existing,All investigated economies (universal list),Aircraft
8529.90.19,"Printed circuit assemblies, nesoi, for radar, radio navigational aid or radio remote control apparatus",Existing,All investigated economies (universal list),Aircraft
8529.90.21,"Other printed circuit assemblies suitable for use solely or principally with the apparatus of headings 8524 to 8528, nesoi",Existing,All investigated economies (universal list),Aircraft
8529.90.24,"Transceiver assemblies for the apparatus of subheading 8526.10, other than printed circuit assemblies",Existing,All investigated economies (universal list),Aircraft
8529.90.29,"Tuners for television apparatus, other than printed circuit assemblies",Existing,All investigated economies (universal list),Aircraft
8529.90.33,"Subassemblies with 2 or more printed circuit boards or ceramic substrates, for color TV, entered with components in additional U.S. note 4 to chapter 85 of the HTSUS",Existing,All investigated economies (universal list),Aircraft
8529.90.36,"Subassemblies with 2 or more printed circuit boards or ceramic substrates, for color TV, other",Existing,All investigated economies (universal list),Aircraft
8529.90.39,"Parts of television receivers specified in U.S. note 9 to chapter 85 of the HTSUS, other than printed circuit assemblies, nesoi",Existing,All investigated economies (universal list),Aircraft
8529.90.43,"Printed circuit boards and ceramic substrates and subassemblies thereof for color TV, with components listed in additional U.S. note 4 to chapter 85 of the HTSUS",Existing,All investigated economies (universal list),Aircraft
8529.90.46,"Combinations of printed circuit boards and ceramic substrates and subassemblies thereof for color TV, with components listed in additional U.S. note 4 to chapter 85 of the HTSUS",Existing,All investigated economies (universal list),Aircraft
8529.90.49,"Combinations of parts of television receivers specified in U.S. note 10 to chapter 85 of the HTSUS, other than printed circuit assemblies, nesoi",Existing,All investigated economies (universal list),Aircraft
8529.90.55,"Flat panel screen assemblies for TV reception apparatus, color video monitors and video projectors",Existing,All investigated economies (universal list),Aircraft
8529.90.63,Parts of printed circuit assemblies (including face plates and lock latches) for television cameras,Existing,All investigated economies (universal list),Aircraft
8529.90.68,Parts of printed circuit assemblies (including face plates and lock latches) for television apparatus other than television cameras,Existing,All investigated economies (universal list),Aircraft
8529.90.73,"Parts of printed circuit assemblies (including face plates and lock latches) for radar, radio navigational aid or radio remote control app.",Existing,All investigated economies (universal list),Aircraft
8529.90.77,"Parts of printed circuit assemblies (including face plates and lock latches) for other apparatus of headings 8524 to 8528, nesoi",Existing,All investigated economies (universal list),Aircraft
8529.90.78,"Mounted lenses for use in closed circuit television cameras, separately imported, with or without attached electrical connectors or motors",Existing,All investigated economies (universal list),Aircraft
8529.90.81,"Other parts of television cameras, nesoi",Existing,All investigated economies (universal list),Aircraft
8529.90.83,"Other parts of television apparatus (other than television cameras), nesoi",Existing,All investigated economies (universal list),Aircraft
8529.90.87,"Parts suitable for use solely or principally with the apparatus of 8525 and 8527 (except television apparatus or cellular phones), nesoi",Existing,All investigated economies (universal list),Aircraft
8529.90.88,"Subassemblies with 2 or more printed circuit boards or ceramic substrates, except tuners or convergence assemblies, for color TV, entered with components in additional U.S. note 4 to chapter 85 of the HTSUS",Existing,All investigated economies (universal list),Aircraft
8529.90.89,"Subassemblies with 2 or more printed circuit boards or ceramic substrates, except tuners or convergence assemblies, for color TV, other",Existing,All investigated economies (universal list),Aircraft
8529.90.93,"Parts of television apparatus, nesoi",Existing,All investigated economies (universal list),Aircraft
8529.90.95,"Assemblies and subassemblies of radar, radio navigational aid or remote control apparatus, of 2 or more parts joined together, nesoi",Existing,All investigated economies (universal list),Aircraft
8529.90.97,"Parts suitable for use solely or principally in radar, radio navigational aid or radio remote control apparatus, nesoi",Existing,All investigated economies (universal list),Aircraft
8529.90.98,"Parts suitable for use solely or principally with the apparatus of headings 8524 through 8528, nesoi",Existing,All investigated economies (universal list),Aircraft
8531.10.00,Electric burglar or fire alarms and similar apparatus,Existing,All investigated economies (universal list),Aircraft
8531.20.00,Indicator panels incorporating liquid crystal devices (LCD's) or light-emitting diodes (LED's),Existing,All investigated economies (universal list),Aircraft
8531.80.15,"Doorbells, chimes, buzzers, and similar apparatus",Existing,All investigated economies (universal list),Aircraft
8531.80.90,"Electric sound or visual signaling apparatus, nesoi",Existing,All investigated economies (universal list),Aircraft
8536.70.00,"Connectors for optical fibers, optical fiber bundles or cables",Existing,All investigated economies (universal list),Aircraft
8539.10.00,Sealed beam lamp units,Existing,All investigated economies (universal list),Aircraft
8539.51.00,Light-emitting diode (LED) modules,Existing,All investigated economies (universal list),Aircraft
8541.10.00,"Diodes, other than photosensitive or light-emitting diodes",Existing,All investigated economies (universal list),
8541.21.00,"Transistors, other than photosensitive transistors, with a dissipation rating of less than 1 W",Existing,All investigated economies (universal list),
8541.29.00,"Transistors, other than photosensitive transistors, with a dissipation rating of 1 W or more",Existing,All investigated economies (universal list),
8541.30.00,"Thyristors, diacs and triacs, other than photosensitive devices",Existing,All investigated economies (universal list),
8541.41.00,Light emitting diodes (LED),Existing,All investigated economies (universal list),
8541.49.10,"Other photosensitive semiconductor diodes, other than light-emitting",Existing,All investigated economies (universal list),
8541.49.70,Other photosensitive semiconductor transistors,Existing,All investigated economies (universal list),
8541.49.80,Optical coupled isolators,Existing,All investigated economies (universal list),
8541.49.95,"Other photosensitive semiconductor devices, other than diodes or transistors, nesoi",Existing,All investigated economies (universal list),
8541.51.00,"Other semiconductor-based transducers, other than photosensitive transducers",Existing,All investigated economies (universal list),
8541.59.00,"Other semiconductor devices, other than semiconductor-based transducers, other than photosensitive devices, nesoi",Existing,All investigated economies (universal list),
8541.90.00,"Parts of diodes, transistors, similar semiconductor devices, photosensitive semiconductor devices, LEDs and mounted piezoelectric crystals",Existing,All investigated economies (universal list),
8542.31.00,Electronic integrated circuits: processors and controllers,Existing,All investigated economies (universal list),
8542.32.00,Electronic integrated circuits: memories,Existing,All investigated economies (universal list),
8542.33.00,Electronic integrated circuits: amplifiers,Existing,All investigated economies (universal list),
8542.39.00,Electronic integrated circuits: other,Existing,All investigated economies (universal list),
8542.90.00,Parts of electronic integrated circuits and microassemblies,Existing,All investigated economies (universal list),
8543.70.42,Flight data recorders,Existing,All investigated economies (universal list),Aircraft
8543.70.45,Other electric synchros and transducers; defrosters and demisters with electric resistors for aircraft,Existing,All investigated economies (universal list),Aircraft
8543.70.60,"Electrical machines and apparatus nesoi, designed for connection to telegraphic or telephonic apparatus, instruments or networks",Existing,All investigated economies (universal list),Aircraft
8543.70.80,Microwave amplifiers,Existing,All investigated economies (universal list),Aircraft
8543.70.91,Digital signal processing apparatus capable of connecting to a wired or wireless network for sound mixing,Existing,All investigated economies (universal list),Aircraft
8543.70.95,Touch screens without display capabilities for incorporation in apparatus having a display,Existing,All investigated economies (universal list),Aircraft
8543.90.12,Parts of physical vapor deposition apparatus of subheading 8543.70,Existing,All investigated economies (universal list),Aircraft
8543.90.15,"Assemblies and subassemblies for flight data recorders, consisting of 2 or more parts pieces fastened together, printed circuit assemblies",Existing,All investigated economies (universal list),Aircraft
8543.90.35,"Assemblies and subassemblies for flight data recorders, consisting of 2 or more parts pieces fastened together, not printed circuit assemblies",Existing,All investigated economies (universal list),Aircraft
8543.90.65,"Printed circuit assemblies of flat panel displays other than for reception apparatus for television of heading 8528, except for subheadings 8528.52 and 8528.62",Existing,All investigated economies (universal list),Aircraft
8543.90.68,"Printed circuit assemblies of electrical machines and apparatus, having individual functions, nesoi",Existing,All investigated economies (universal list),Aircraft
8543.90.85,"Parts, nesoi, of flat panel displays other than for reception apparatus for television of heading 8528, except for subheadings 8528.52 and 8528.62",Existing,All investigated economies (universal list),Aircraft
8543.90.88,"Parts (other than printed circuit assemblies) of electrical machines and apparatus, having individual functions, nesoi",Existing,All investigated economies (universal list),Aircraft
8544.30.00,"Insulated ignition wiring sets and other wiring sets of a kind used in vehicles, aircraft or ships",Existing,All investigated economies (universal list),Aircraft
8549.13.00,"Waste/scrap of batteries/accumulators; spent batteries/accumulators (o/t lead-acid), sorted and not containing lead/cadmium/mercury",New,All investigated economies (universal list),
8801.00.00,"Balloons, dirigibles and non-powered aircraft, gliders and hang gliders",Existing,All investigated economies (universal list),Aircraft
8802.11.01,"Helicopters (except unmanned aircraft of heading 8806), with an unladen weight not over 2,000 kg",Existing,All investigated economies (universal list),Aircraft
8802.12.01,"Helicopters (except unmanned aircraft of heading 8806), with an unladen weight over 2,000 kg",Existing,All investigated economies (universal list),Aircraft
8802.20.01,"Airplanes and other powered aircraft (except unmanned aircraft of heading 8806), nesoi, with an unladen weight not over 2,000 kg",Existing,All investigated economies (universal list),Aircraft
8802.30.01,"Airplanes and other powered aircraft (except unmanned aircraft of heading 8806), nesoi, with an unladen weight over 2,000 kg but not over 15,000 kg",Existing,All investigated economies (universal list),Aircraft
8802.40.01,"Airplanes and other powered aircraft (except unmanned aircraft of heading 8806), nesoi, with an unladen weight over 15,000 kg",Existing,All investigated economies (universal list),Aircraft
8805.29.00,"Ground flying trainers and parts thereof, other than air combat simulators",Existing,All investigated economies (universal list),Aircraft
8806.10.00,Unmanned aircraft designed for the carriage of passengers,Existing,All investigated economies (universal list),Aircraft
8806.21.00,"Unmanned aircraft, not for the carriage of passengers, for remote-controlled flight only, max take-off weight not more than 250g",Existing,All investigated economies (universal list),Aircraft
8806.22.00,"Unmanned aircraft, not for the carriage of passengers, for remote-controlled flight only, max take-off weight more than 250g but less than 7kg",Existing,All investigated economies (universal list),Aircraft
8806.23.00,"Unmanned aircraft, not for the carriage of passengers, for remote-controlled flight only, max take-off weight more than 7kg but less than 25kg",Existing,All investigated economies (universal list),Aircraft
8806.24.00,"Unmanned aircraft, not for the carriage of passengers, for remote-controlled flight only, max take-off weight more than 25kg but less than 150 kg",Existing,All investigated economies (universal list),Aircraft
8806.29.00,"Unmanned aircraft, not for the carriage of passengers, for remote-controlled flight only, max take-off weight more than 150 kg",Existing,All investigated economies (universal list),Aircraft
8806.91.00,"Unmanned aircraft, not for the carriage of passengers, not for remote-controlled flight only, nesoi, max take-off weight not more than 250g",Existing,All investigated economies (universal list),Aircraft
8806.92.00,"Unmanned aircraft, not for the carriage of passengers, not for remote-controlled flight only, nesoi, max take-off weight more 250g less than 7kg",Existing,All investigated economies (universal list),Aircraft
8806.93.00,"Unmanned aircraft, not for the carriage of passengers, not for remote-controlled flight only, nesoi, max take-off weight more than 7kg but less than 25kg",Existing,All investigated economies (universal list),Aircraft
8806.94.00,"Unmanned aircraft, not for the carriage of passengers, not for remote-controlled flight only, nesoi, max take-off weight more than 25kg but less than 150 kg",Existing,All investigated economies (universal list),Aircraft
8806.99.00,"Unmanned aircraft, not for the carriage of passengers, not for remote-controlled flight only, nesoi, max take-off weight more than 150 kg",Existing,All investigated economies (universal list),Aircraft
8807.10.00,"Parts of aircraft of headings 8801, 8802 or 8806, propellers and rotors and parts thereof",Existing,All investigated economies (universal list),Aircraft
8807.20.00,"Parts of aircraft of headings 8801, 8802 or 8806, undercarriages and parts thereof",Existing,All investigated economies (universal list),Aircraft
8807.30.00,"Parts of aircraft of headings 8801, 8802 or 8806, for airplanes, helicopters, unmanned aircraft, other than propellers, rotors or undercarriages, nesoi",Existing,All investigated economies (universal list),Aircraft
8807.90.90,"Parts of aircraft of headings 8801, 8802 or 8806, not for airplanes, helicopters or unmanned aircraft, nesoi",Existing,All investigated economies (universal list),Aircraft
9001.90.40,"Lenses nesoi, unmounted",Existing,All investigated economies (universal list),Aircraft
9001.90.50,"Prisms, unmounted",Existing,All investigated economies (universal list),Aircraft
9001.90.60,"Mirrors, unmounted",Existing,All investigated economies (universal list),Aircraft
9001.90.80,"Half-tone screens designed for use in engraving or photographic processes, unmounted",Existing,All investigated economies (universal list),Aircraft
9001.90.90,"Optical elements nesoi, unmounted",Existing,All investigated economies (universal list),Aircraft
9002.90.20,"Prisms, mounted, for optical uses",Existing,All investigated economies (universal list),Aircraft
9002.90.40,"Mirrors, mounted, for optical uses",Existing,All investigated economies (universal list),Aircraft
9002.90.70,"Half-tone screens, mounted, designed for use in engraving or photographic processes",Existing,All investigated economies (universal list),Aircraft
9002.90.85,"Mounted lenses suitable for use in, and entered separately from, closed circuit television cameras, with or without attached electrical connectors or motors",Existing,All investigated economies (universal list),Aircraft
9002.90.95,"Mounted optical elements, nesoi; parts and accessories of mounted optical elements, nesoi",Existing,All investigated economies (universal list),Aircraft
9014.10.10,Optical direction finding compasses,Existing,All investigated economies (universal list),Aircraft
9014.10.60,"Gyroscopic directing finding compasses, other than electrical",Existing,All investigated economies (universal list),Aircraft
9014.10.70,Electrical direction finding compasses,Existing,All investigated economies (universal list),Aircraft
9014.10.90,"Direction finding compasses, other than optical instruments, gyroscopic compasses or electrical",Existing,All investigated economies (universal list),Aircraft
9014.20.20,Optical instruments and appliances (other than compasses) for aeronautical or space navigation,Existing,All investigated economies (universal list),Aircraft
9014.20.40,Automatic pilots for aeronautical or space navigation,Existing,All investigated economies (universal list),Aircraft
9014.20.60,Electrical instruments and appliances (other than compasses) for aeronautical or space navigation,Existing,All investigated economies (universal list),Aircraft
9014.20.80,Nonelectrical instruments and appliances (other than compasses) for aeronautical or space navigation,Existing,All investigated economies (universal list),Aircraft
9014.90.10,Parts and accessories of automatic pilots for aeronautical or space navigation of subheading 9014.20.40,Existing,All investigated economies (universal list),Aircraft
9014.90.20,Parts and accessories of nonelectrical instruments and appliances for aeronautical or space navigation of subheading 9014.20.80,Existing,All investigated economies (universal list),Aircraft
9014.90.40,Parts and accessories of nonelectrical navigational instruments and appliances nesoi of subheading 9014.80.50,Existing,All investigated economies (universal list),Aircraft
9014.90.60,"Parts and accessories of navigational instruments and appliances, nesoi",Existing,All investigated economies (universal list),Aircraft
9020.00.40,"Underwater breathing devices designed as a complete unit to be carried on the person and not requiring attendants, parts and accessories thereof",Existing,All investigated economies (universal list),Aircraft
9020.00.60,"Breathing appliances, nesoi, and gas masks, except protective masks having neither mechanical parts or replaceable filters, parts, accessories thereof",Existing,All investigated economies (universal list),Aircraft
9025.11.20,"Clinical thermometers, liquid-filled, for direct reading, not combined with other instruments",Existing,All investigated economies (universal list),Aircraft
9025.11.40,"Liquid-filled thermometers, for direct reading, not combined with other instruments, other than clinical thermometers",Existing,All investigated economies (universal list),Aircraft
9025.19.40,"Pyrometers, not combined with other instruments",Existing,All investigated economies (universal list),Aircraft
9025.19.80,"Thermometers, for direct reading, not combined with other instruments, other than liquid-filled thermometers",Existing,All investigated economies (universal list),Aircraft
9025.80.10,"Electrical hydrometers and similar floating instruments, thermometers, pyrometers, barometers, hygrometers, psychometers, and any combination",Existing,All investigated economies (universal list),Aircraft
9025.80.15,"Nonelectrical barometers, not combined with other instruments",Existing,All investigated economies (universal list),Aircraft
9025.80.20,"Hydrometers and similar floating instruments, whether or not incorporating a thermometer, non- recording, other than electrical",Existing,All investigated economies (universal list),Aircraft
9025.80.35,"Hygrometers and psychrometers, non-electrical, non- recording",Existing,All investigated economies (universal list),Aircraft
9025.80.40,"Thermographs, barographs, hygrographs and other recording instruments, other than electrical",Existing,All investigated economies (universal list),Aircraft
9025.80.50,"Combinations of thermometers, barometers and similar temperature and atmosphere measuring and recording instruments, nonelectrical",Existing,All investigated economies (universal list),Aircraft
9025.90.06,"Other parts and accessories of hydrometers and like floating instruments, thermometers, pyrometers, barometers, hygrometers, psychrometers and combinations",Existing,All investigated economies (universal list),Aircraft
9026.10.20,Electrical instruments and apparatus for measuring or checking the flow or level of liquids,Existing,All investigated economies (universal list),Aircraft
9026.10.40,"Flow meters, other than electrical, for measuring or checking the flow of liquids",Existing,All investigated economies (universal list),Aircraft
9026.10.60,"Instruments and apparatus for measuring or checking the level of liquids, other than flow meters, non- electrical",Existing,All investigated economies (universal list),Aircraft
9026.20.40,Electrical instruments and apparatus for measuring or checking the pressure of liquids or gases,Existing,All investigated economies (universal list),Aircraft
9026.20.80,"Instruments and apparatus, other than electrical, for measuring or checking the pressure of liquids or gases",Existing,All investigated economies (universal list),Aircraft
9026.80.20,"Electrical instruments and apparatus for measuring or checking variables of liquids or gases, nesoi",Existing,All investigated economies (universal list),Aircraft
9026.80.40,"Nonelectrical heat meters incorporating liquid supply meters, and anemometers",Existing,All investigated economies (universal list),Aircraft
9026.80.60,"Nonelectrical instruments and apparatus for measuring or checking variables of liquids or gases, nesoi",Existing,All investigated economies (universal list),Aircraft
9026.90.20,Parts and accessories of electrical instruments and apparatus for measuring or checking variables of liquids or gases,Existing,All investigated economies (universal list),Aircraft
9026.90.40,"Parts and accessories of nonelectrical flow meters, heat meters incorporating liquid supply meters and anemometers",Existing,All investigated economies (universal list),Aircraft
9026.90.60,"Parts and accessories of nonelectrical instruments and apparatus for measuring or checking variables of liquids or gases, nesoi",Existing,All investigated economies (universal list),Aircraft
9029.10.80,"Revolution counters, production counters, odometers, pedometers and the like, other than taximeters",Existing,All investigated economies (universal list),Aircraft
9029.20.40,"Speedometers and tachometers, other than bicycle speedometers",Existing,All investigated economies (universal list),Aircraft
9029.90.80,"Parts and accessories of revolution counters, production counters, odometers, pedometers and the like, of speedometers nesoi and tachometers",Existing,All investigated economies (universal list),Aircraft
9030.10.00,Instruments and apparatus for measuring or detecting ionizing radiations,Existing,All investigated economies (universal list),Aircraft
9030.20.05,"Oscilloscopes and oscillographs, specially designed for telecommunications",Existing,All investigated economies (universal list),Aircraft
9030.20.10,"Oscilloscopes and oscillographs, nesoi",Existing,All investigated economies (universal list),Aircraft
9030.31.00,"Multimeters for measuring or checking electrical voltage, current, resistance or power, without a recording device",Existing,All investigated economies (universal list),Aircraft
9030.32.00,"Multimeters, with a recording device",Existing,All investigated economies (universal list),Aircraft
9030.33.34,Resistance measuring instruments,Existing,All investigated economies (universal list),Aircraft
9030.33.38,"Other instruments and apparatus, nesoi, for measuring or checking electrical voltage, current, resistance or power, without a recording device",Existing,All investigated economies (universal list),Aircraft
9030.39.01,"Instruments and apparatus, nesoi, for measuring or checking electrical voltage, current, resistance or power, with a recording device",Existing,All investigated economies (universal list),Aircraft
9030.40.00,Instruments and apparatus specially designed for telecommunications,Existing,All investigated economies (universal list),Aircraft
9030.82.00,"Instruments and apparatus for measuring or checking electrical quantities, nesoi: for measuring or checking semiconductor wafers or devices",New,All investigated economies (universal list),
9030.84.00,"Instruments and apparatus for measuring, checking or detecting electrical quantities or ionizing radiations, nesoi, with a recording device",Existing,All investigated economies (universal list),Aircraft
9030.89.01,"Instruments and apparatus for measuring, checking or detecting electrical quantities or ionizing radiations, nesoi, without a recording device",Existing,All investigated economies (universal list),Aircraft
9030.90.25,Printed circuit assemblies for instruments and apparatus for measuring or detecting ionizing radiation,Existing,All investigated economies (universal list),Aircraft
9030.90.46,"Parts and accessories for instruments and apparatus for measuring or detecting ionizing radiation, nesoi",Existing,All investigated economies (universal list),Aircraft
9030.90.66,Printed circuit assemblies for subheadings and apparatus of subheadings 9030.40 or 9030.82,Existing,All investigated economies (universal list),Aircraft
9030.90.68,"Printed circuit assemblies, nesoi",Existing,All investigated economies (universal list),Aircraft
9030.90.84,"Parts and accessories for instruments and apparatus for measuring or checking semiconductor wafers or devices, nesoi",Existing,All investigated economies (universal list),
9030.90.89,"Parts and accessories for articles of subheadings 9030.20 to 9030.84, nesoi",Existing,All investigated economies (universal list),Aircraft
9031.41.00,Optical measuring/checking instruments/appliances for inspecting semiconductor wafers/devices or photomasks/reticle used to mfg such devices,New,All investigated economies (universal list),
9031.49.70,Optical instrument & appliance: to inspect masks (not photomask) used to mfg semiconductor devices; to measure contamination on such devices,New,All investigated economies (universal list),
9031.80.40,Electron beam microscopes fitted with equipment specifically designed for the handling and transport of semiconductor devices or reticles,Existing,All investigated economies (universal list),
9031.80.80,"Measuring and checking instruments, appliances and machines, nesoi",Existing,All investigated economies (universal list),Aircraft
9031.90.21,Parts and accessories of profile projectors,Existing,All investigated economies (universal list),Aircraft
9031.90.45,Bases and frames for the optical coordinate- measuring machines of subheading 9031.49.40,Existing,All investigated economies (universal list),
9031.90.54,Parts & accessories of measuring & checking optical instruments & appliances of subheading 9031.41 or 9031.49.70,Existing,All investigated economies (universal list),
9031.90.59,"Parts and accessories of measuring and checking optical instruments and appliances, other than test benches or profile projectors, nesoi",Existing,All investigated economies (universal list),Aircraft
9031.90.70,Parts and accessories of articles of subheading 9031.80.40,Existing,All investigated economies (universal list),
9031.90.91,"Parts and accessories of measuring or checking instruments, appliances and machines, nesoi",Existing,All investigated economies (universal list),Aircraft
9032.10.00,Automatic thermostats,Existing,All investigated economies (universal list),Aircraft
9032.20.00,Automatic manostats,Existing,All investigated economies (universal list),Aircraft
9032.81.00,Hydraulic and pneumatic automatic regulating or controlling instruments and apparatus,Existing,All investigated economies (universal list),Aircraft
9032.89.20,"Automatic voltage and voltage-current regulators, designed for use in a 6, 12, or 24 V system",Existing,All investigated economies (universal list),Aircraft
9032.89.40,"Automatic voltage and voltage-current regulators, not designed for use in a 6, 12, or 24 V system",Existing,All investigated economies (universal list),Aircraft
9032.89.60,"Automatic regulating or controlling instruments and apparatus, nesoi",Existing,All investigated economies (universal list),Aircraft
9032.90.21,"Parts and accessories of automatic voltage and voltage-current regulators designed for use in a 6, 12, or 24 V system, nesoi",Existing,All investigated economies (universal list),Aircraft
9032.90.41,"Parts and accessories of automatic voltage and voltage-current regulators, not designed for use in a 6, 12, or 24 V system, nesoi",Existing,All investigated economies (universal list),Aircraft
9032.90.61,"Parts and accessories for automatic regulating or controlling instruments and apparatus, nesoi",Existing,All investigated economies (universal list),Aircraft
9033.00.90,"Other parts and accessories for machines, appliances, instruments or apparatus of chapter 90 of the HTSUS, nesoi",Existing,All investigated economies (universal list),Aircraft
9104.00.05,"Instrument panel clocks for vehicles, air/spacecraft or vessels, clock movement over 50 mm wide, opto- electronic display only, not over $10 each",Existing,All investigated economies (universal list),Aircraft
9104.00.10,"Instrument panel clocks for vehicles, air/spacecraft or vessels, clock movement over 50 mm wide, electric, not optoelectronic display, not over $10 each",Existing,All investigated economies (universal list),Aircraft
9104.00.20,"Instrument panel clocks for vehicles, air/spacecraft or vessels, clock movement over 50 mm wide, nonelectric, valued not over $10 each",Existing,All investigated economies (universal list),Aircraft
9104.00.25,"Instrument panel clocks for vehicles, air/spacecraft or vessels, clock movement over 50 mm wide, opto- electronic display only, over $10 each",Existing,All investigated economies (universal list),Aircraft
9104.00.30,"Instrument panel clocks for vehicles, air/spacecraft or vessels, clock movement over 50 mm wide, electric, not optoelectronic display, over $10 each",Existing,All investigated economies (universal list),Aircraft
9104.00.40,"Instrument panel clocks for vehicles, air/spacecraft or vessels, clock movement over 50 mm wide, non- electric, valued over $10 each",Existing,All investigated economies (universal list),Aircraft
9104.00.45,"Instrument panel clocks for vehicles, air/spacecraft or vessels, watch or clock movement not over 50 mm wide, opto-electronic display only",Existing,All investigated economies (universal list),Aircraft
9104.00.50,"Instrument panel clocks for vehicles, air/spacecraft, vessels, watch or clock movement not over 50 mm wide, electric, not opto-electronic display",Existing,All investigated economies (universal list),Aircraft
9104.00.60,"Instrument panel clocks for vehicles, air/spacecraft or vessels, clock or watch movement not over 50 mm wide, nonelectric",Existing,All investigated economies (universal list),Aircraft
9109.10.50,"Clock movements nesoi, complete and assembled, electrically operated, with opto-electronic display only",Existing,All investigated economies (universal list),Aircraft
9109.10.60,"Clock movements nesoi, complete and assembled, electrically operated, with display nesoi, measuring not over 50 mm in width or diameter",Existing,All investigated economies (universal list),Aircraft
9109.90.20,"Clock movements, complete and assembled, not electrically operated, measuring not over 50 mm in width or diameter",Existing,All investigated economies (universal list),Aircraft
9401.10.40,"Seats, of a kind used for aircraft, leather upholstered",Existing,All investigated economies (universal list),Aircraft
9401.10.80,"Seats, of a kind used for aircraft (other than leather upholstered)",Existing,All investigated economies (universal list),Aircraft
9403.20.00,"Furniture (other than seats) of metal nesoi, other than of a kind used in offices",Existing,All investigated economies (universal list),Aircraft
9403.70.40,Furniture (other than seats and other than of heading 9402) of reinforced or laminated plastics nesoi,Existing,All investigated economies (universal list),Aircraft
9403.70.80,Furniture (other than seats and other than of heading 9402) of plastics (other than reinforced or laminated) nesoi,Existing,All investigated economies (universal list),Aircraft
9405.11.40,"Chandeliers and other electric ceiling or wall lighting fittings, of brass, designed for use solely with LED sources",Existing,All investigated economies (universal list),Aircraft
9405.11.60,"Chandeliers and other electric ceiling or wall lighting fixtures, of base metal (other than brass), designed for use solely with LED sources",Existing,All investigated economies (universal list),Aircraft
9405.11.80,"Chandeliers and other electric ceiling or wall lighting fixtures, not of base metal, designed for use solely with LED sources",Existing,All investigated economies (universal list),Aircraft
9405.19.40,"Chandeliers and other electric ceiling or wall lighting fittings, of brass, not designed for use solely with LED sources",Existing,All investigated economies (universal list),Aircraft
9405.19.60,"Chandeliers and other electric ceiling or wall lighting fixtures, of base metal (other than brass), not designed for use solely with LED sources",Existing,All investigated economies (universal list),Aircraft
9405.19.80,"Chandeliers and other electric ceiling or wall lighting fixtures, not of base metal, not designed for use solely with LED sources",Existing,All investigated economies (universal list),Aircraft
9405.61.20,"Illuminated signs, illuminated name plates and the like, of brass, designed for use solely with LED sources",Existing,All investigated economies (universal list),Aircraft
9405.61.40,"Illuminated signs, illuminated name plates and the like, of base metal (other than brass), designed for use solely with LED sources",Existing,All investigated economies (universal list),Aircraft
9405.61.60,"Illuminated signs, illuminated name plates and the like, not of base metal, designed for use solely with LED sources",Existing,All investigated economies (universal list),Aircraft
9405.69.20,"Illuminated signs, illuminated name plates and the like, of brass, not designed for use solely with LED sources",Existing,All investigated economies (universal list),Aircraft
9405.69.40,"Illuminated signs, illuminated name plates and the like, of base metal (other than brass), not designed for use solely with LED sources",Existing,All investigated economies (universal list),Aircraft
9405.69.60,"Illuminated signs, illuminated name plates and the like, not of base metal, not designed for use solely with LED sources",Existing,All investigated economies (universal list),Aircraft
9405.92.00,"Parts of lamps, lighting fixtures, illuminated signs and the like, of plastics",Existing,All investigated economies (universal list),Aircraft
9405.99.20,"Parts of lamps, lighting fixtures, illuminated signs and the like, of brass",Existing,All investigated economies (universal list),Aircraft
9405.99.40,"Parts of lamps, lighting fixtures, illuminated signs and the like, not of glass, plastics or brass",Existing,All investigated economies (universal list),Aircraft
9601.90.20,"Shell, worked and articles thereof",New,All investigated economies (universal list),
9620.00.50,"Monopods, bipods, tripods and similar articles of plastics, nesoi",Existing,All investigated economies (universal list),Aircraft
9620.00.60,"Monopods, bipods, tripods and similar articles of graphite and other carbon, nesoi",Existing,All investigated economies (universal list),Aircraft
9701.21.00,"Paintings, drawings (o/than of 4906) and pastels, executed entirely by hand, of an age exceeding 100 years",New,All investigated economies (universal list),
9701.22.00,"Mosaics, of an age exceeding 100 years",New,All investigated economies (universal list),
9701.29.00,"Collages and similar decorative plaques, executed entirely by hand, of an age exceeding 100 years",New,All investigated economies (universal list),
9701.91.00,"Paintings, drawings (o/than of 4906) and pastels, executed entirely by hand, of an age 100 years or less",New,All investigated economies (universal list),
9701.92.00,"Mosaics, of an age 100 years or less",New,All investigated economies (universal list),
9701.99.00,"Collages and similar decorative plaques, executed entirely by hand, of an age 100 years or less",New,All investigated economies (universal list),
9702.10.00,"Original engravings, prints and lithographs, whether or not framed, of an age exceeding 100 years",New,All investigated economies (universal list),
9702.90.00,"Original engravings, prints and lithographs, whether or not framed, of an age 100 years or less",New,All investigated economies (universal list),
9703.10.00,"Original sculptures and statuary, in any material, of an age exceeding 100 years",New,All investigated economies (universal list),
9703.90.00,"Original sculptures and statuary, in any material, of an age 100 years or less",New,All investigated economies (universal list),
9704.00.00,"Postage or revenue stamps, stamp-postmarks, first- day covers, postal stationery, and the like, used or unused, other than heading 4907",New,All investigated economies (universal list),
9705.10.00,"Collections and collectors' pieces of archeological, ethnographic or historical interest",New,All investigated economies (universal list),
9705.21.00,"Collections and collectors' pieces of zoological, botanical, mineralogical, anatomical interest, human specimens and parts thereof",New,All investigated economies (universal list),
9705.22.00,"Collections and collectors' pieces of zoological, botanical, mineralogical, anatomical interest, extinct or endangered species and parts thereof",New,All investigated economies (universal list),
9705.29.00,"Collections and collectors' pieces of zoological, botanical, mineralogical, anatomical interest, o/than human specimens or extinct/endangered species",New,All investigated economies (universal list),
9705.31.00,"Collections and collectors' pieces of numismatic interest, of an age exceeding 100 years",New,All investigated economies (universal list),
9705.39.00,"Collections and collectors' pieces of numismatic interest, of an age 100 years or less",New,All investigated economies (universal list),
9706.10.00,Antiques of an age exceeding 250 years,New,All investigated economies (universal list),
9706.90.00,Antiques of an age exceeding 100 years but not exceeding 250 years,New,All investigated economies (universal list),
9802.00.40,Articles returned to the United States after having been exported for repairs or alterations made pursuant to a warranty,Existing,All investigated economies (universal list),Aircraft
9802.00.50,"Articles returned to the United States after having been exported for repairs or alterations, other",Existing,All investigated economies (universal list),Aircraft
9802.00.60,"Any article of metal (as defined in U.S. note 3(e) of subchapter II of chapter 98 of the HTSUS) manufactured in the United States or subjected to a process of manufacture in the United States, if exported for further processing, and if the exported article as processed outside the United States, or the article which results from the processing outside the United States, is returned to the United States for further processing",Existing,All investigated economies (universal list),Aircraft
9802.00.80,"Articles, except goods of heading 9802.00.91 and goods imported under provisions of subchapter XIX of this chapter and goods imported under provisions of subchapter XX, assembled abroad in whole or in part of fabricated components, the product of the United States, which (a) were exported in condition ready for assembly without further fabrication, (b) have not lost their physical identity in such articles by change in form, shape or otherwise, and (c) have not been advanced in value or improved in condition abroad except by being assembled and except by operations incidental to the assembly process such as cleaning, lubricating and painting",Existing,All investigated economies (universal list),Aircraft
9818.00.05,"Spare parts necessarily installed before first entry into the United States, upon first entry into the United States of each such spare part purchased in, or imported from, a foreign country",Existing,All investigated economies (universal list),Aircraft
9818.00.07,"Other, upon first arrival in any port of the United States of any vessel described in U.S. note 1 to subchapter XVIII of chapter 98 of the HTSUS",Existing,All investigated economies (universal list),Aircraft
2208.30.30,Irish and Scotch whiskies,New,United Kingdom,
2208.30.60,"Whiskies, other than Irish and Scotch whiskies",New,United Kingdom,
8419.20.0010,Medical or surgical sterilizers,New,United Kingdom,
9018.11.30,Electrocardiographs,New,United Kingdom,
9018.11.60,Printed circuit assemblies for electrocardiographs,New,United Kingdom,
9018.11.90,"Parts and accessories of electrocardiographs, other than printed circuit assemblies",New,United Kingdom,
9018.12.00,"Ultrasonic scanning electro-diagnostic apparatus used in medical, surgical, dental or veterinary sciences",New,United Kingdom,
9018.13.00,"Magnetic resonance imaging electro-diagnostic apparatus used in medical, surgical, dental or veterinary sciences",New,United Kingdom,
9018.14.00,"Scintigraphic electro-diagnostic apparatus used in medical, surgical, dental or veterinary sciences",New,United Kingdom,
9018.19.40,"Electro-diagnostic apparatus for functional exploratory examination, and parts and accessories thereof",New,United Kingdom,
9018.19.55,Electro-diagnostic patient monitoring systems,New,United Kingdom,
9018.19.75,Printed circuit assemblies for electro-diagnostic parameter acquisition modules,New,United Kingdom,
9018.19.95,"Electro-diagnostic apparatus nesoi, and parts and accessories thereof nesoi",New,United Kingdom,
9018.20.00,"Ultraviolet or infrared ray apparatus used in medical, surgical, dental or veterinary sciences, and parts and accessories thereof",New,United Kingdom,
9018.41.00,"Dental drill engines, whether or not combined on a single base with other dental equipment, and parts and accessories thereof",New,United Kingdom,
9018.49.40,Dental burs,New,United Kingdom,
9018.49.80,"Instruments and apparatus used in dental sciences, nesoi, and parts and accessories thereof",New,United Kingdom,
9018.50.00,"Ophthalmic instruments and appliances nesoi, and parts and accessories thereof",New,United Kingdom,
9018.90.20,"Optical instruments and appliances nesoi, used in medical, surgical, dental or veterinary sciences, and parts and accessories thereof",New,United Kingdom,
9018.90.30,"Anesthetic instruments and appliances nesoi, used in medical, surgical, dental or veterinary sciences, and parts and accessories thereof",New,United Kingdom,
9018.90.50,"Sphygmomanometers, tensimeters and oscillometers used in medical, surgical, dental or veterinary sciences; parts and accessories thereof",New,United Kingdom,
9018.90.60,"Electro-surgical instruments and appliances nesoi, other than extracorporeal shock wave lithotripters and parts and accessories thereof",New,United Kingdom,
9018.90.64,Defibrillators,New,United Kingdom,
9018.90.68,Printed circuit assemblies for defibrillators,New,United Kingdom,
9018.90.75,"Electro-medical instruments and appliances nesoi, and parts and accessories thereof",New,United Kingdom,
9018.90.80,"Instruments and appliances used in medical, surgical, dental or veterinary sciences, nesoi, and parts and accessories thereof",New,United Kingdom,
9019.10.20,"Mechano-therapy appliances and massage apparatus, and parts and accessories thereof",New,United Kingdom,
9019.10.40,Electrical psychological aptitude testing apparatus and parts and accessories thereof,New,United Kingdom,
9019.20.00,"Ozone, oxygen and aerosol therapy, artificial respiration or other therapeutic respiration apparatus, and parts and accessories thereof",New,United Kingdom,
9020.00.60,"Breathing appliances, nesoi, & gas masks, excl. protective masks having neither mechanical parts/replaceable filters, parts, accessories of",Existing,United Kingdom,
9020.00.90,"Parts and accessories of breathing appliances and gas masks, nesoi",New,United Kingdom,
9021.31.00,Artificial joints and parts and accessories thereof,New,United Kingdom,
9021.39.00,"Artificial parts of the body (other than artificial joints) and parts and accessories thereof, nesoi",New,United Kingdom,
9021.40.00,"Hearing aids, excluding parts and accessories thereof",New,United Kingdom,
9021.50.00,"Pacemakers for stimulating heart muscles, excluding parts and accessories thereof",New,United Kingdom,
9021.90.40,Parts and accessories for hearing aids and for pacemakers for stimulating heart muscles,New,United Kingdom,
9021.90.81,"Appliances nesoi which are worn or carried, or implanted in the body, to compensate for a defect or disability, and parts and accessories",New,United Kingdom,
9022.12.00,Computed tomography apparatus based on the use of X-rays,New,United Kingdom,
9022.13.00,Apparatus based on the use of X-rays for dental uses (other than computed tomography apparatus),New,United Kingdom,
9022.14.00,"Apparatus based on the use of X-rays for medical, surgical or veterinary uses (other than computed tomography apparatus)",New,United Kingdom,
9022.19.00,"Apparatus based on the use of X-rays other than for medical, surgical, dental or veterinary use",New,United Kingdom,
9022.21.00,"Apparatus based on the use of alpha, beta or gamma radiations, for medical, surgical, dental or veterinary use",New,United Kingdom,
9022.30.00,X-ray tubes,New,United Kingdom,
9022.90.05,Radiation generator units,New,United Kingdom,
9022.90.15,Radiation beam delivery units,New,United Kingdom,
9022.90.25,"X-ray generators, high tension generators, desks, screens, examination or treatment tables, chairs and similar apparatus, nesoi",New,United Kingdom,
9022.90.40,Parts and accessories of X-ray tubes,New,United Kingdom,
9022.90.60,Parts and accessories of apparatus based on the use of X-rays,New,United Kingdom,
9022.90.95,"Parts and accessories of apparatus based on the use of alpha, beta or gamma radiations",New,United Kingdom,
3823.11.00,Stearic acid,New,European Union (any member state),
3823.12.00,Oleic acid,New,European Union (any member state),
3823.19.20,"Industrial monocarboxylic fatty acids or acid oils from refining derived from coconut, palm-kernel, or palm oil",New,European Union (any member state),
3823.70.40,"Industrial fatty alcohols, other than oleyl, derived from fatty substances of animal or vegetable origin",New,European Union (any member state),
4501.10.00,"Natural cork, raw or simply prepared",New,European Union (any member state),
4501.90.20,Waste cork,New,European Union (any member state),
4501.90.40,"Crushed, granulated or ground cork",New,European Union (any member state),
4502.00.00,"Natural cork, debacked or roughly squared or in rectangular blocks, plates, sheets or strip (including sharp-edged blanks for corks or stoppers)",New,European Union (any member state),
4503.10.20,"Corks and stoppers of natural cork, tapered and of a thickness (or length) greater than the maximum diameter, not over 19mm maximum diameter",New,European Union (any member state),
4503.10.30,"Corks and stoppers wholly of natural cork, tapered and of a thickness (or length) greater than the maximum diameter, over 19mm maximum diameter",New,European Union (any member state),
4503.10.40,"Corks and stoppers of natural cork, tapered and of a thickness (or length) greater than the maximum diameter, over 19mm maximum diameter, nesoi",New,European Union (any member state),
4503.10.60,"Corks and stoppers of natural cork, of a thickness (or length) not greater than the maximum diameter",New,European Union (any member state),
4503.90.20,"Disks, wafers and washers of natural cork",New,European Union (any member state),
4503.90.40,"Natural cork wallcoverings, backed with paper or otherwise reinforced",New,European Union (any member state),
4503.90.60,"Articles of natural cork, other than corks and stoppers",New,European Union (any member state),
4504.10.10,Vulcanized sheets and slabs wholly of agglomerated ground or pulverized cork and rubber,New,European Union (any member state),
4504.10.20,"Insulation of compressed agglomerated cork, coated or not coated",New,European Union (any member state),
4504.10.30,Floor coverings of agglomerated cork,New,European Union (any member state),
4504.10.40,"Agglomerated cork wallcoverings, backed with paper or otherwise reinforced",New,European Union (any member state),
4504.10.45,"Agglomerated cork stoppers, not tapered, wholly of cork, of a thickness (or length) greater than the maximum diameter",New,European Union (any member state),
4504.10.47,"Corks, stoppers, disks, wafers and washers of agglomerated cork, nesoi",New,European Union (any member state),
4504.10.50,"Blocks, plates, sheets and strip; tiles of any shape; solid cylinder; all the foregoing of cork; all the foregoing, nesoi",New,European Union (any member state),
4504.90.00,"Agglomerated cork and articles of cork, nesoi",Existing,European Union (any member state),
5004.00.00,"Silk yarns (other than yarn spun from silk waste), not put up for retail sale",New,European Union (any member state),
5005.00.00,"Yarn spun from silk waste, not put up for retail sale",New,European Union (any member state),
5006.00.10,"Spun yarn, containing 85 percent or more by weight of silk, put up for retail sale; silkworm gut",New,European Union (any member state),
5006.00.90,"Spun silk yarn, containing less than 85 percent by weight of silk, put up for retail sale",New,European Union (any member state),
5007.10.30,"Woven fabrics of noil silk, containing 85 percent or more by weight of silk or silk waste",New,European Union (any member state),
5007.10.60,"Woven fabrics of noil silk, containing less than 85 percent by weight of silk or silk waste",New,European Union (any member state),
5007.20.00,"Woven fabrics containing 85 percent or more by weight of silk or silk waste, other than noil silk",New,European Union (any member state),
5007.90.30,"Woven silk fabrics, containing 85 percent or more by weight of silk or silk waste, nesoi",New,European Union (any member state),
7101.10.30,"Natural pearls, graded and temporarily strung for convenience of transport",New,European Union (any member state),
7101.10.60,"Natural pearls, not strung, mounted or set",New,European Union (any member state),
7102.10.00,"Diamonds, unsorted, whether or not worked",New,European Union (any member state),
7102.31.00,"Nonindustrial diamonds, unworked or simply sawn, cleaved or bruted",New,European Union (any member state),
7102.39.00,"Nonindustrial diamonds, worked, but not mounted or set",New,European Union (any member state),
7103.10.20,"Precious stones (other than diamonds) and semiprecious stones, unworked",New,European Union (any member state),
7103.10.40,"Precious stones (other than diamonds) and semiprecious stones, simply sawn or roughly shaped",New,European Union (any member state),
7103.91.00,"Rubies, sapphires and emeralds, worked, whether or not graded, but not strung, mounted or set",New,European Union (any member state),
7103.99.10,"Precious or semiprecious stones, nesoi, cut but not set, suitable for use in the manufacture of jewelry",New,European Union (any member state),
7103.99.50,"Precious or semiprecious stones, nesoi, worked, whether or not graded, but not strung, mounted or set",New,European Union (any member state),
7205.10.00,"Pig iron, spiegeleisen, and iron or steel granules",New,European Union (any member state),
8112.92.07,"Waste and scrap of gallium, germanium, indium, niobium, or vanadium",New,European Union (any member state),
0106.14.00,Live rabbits and hares,New,Switzerland,
0106.19.30,Live foxes,New,Switzerland,
0106.19.91,"Live mammals, nesoi",New,Switzerland,
0106.20.00,Live reptiles (including snakes and turtles),New,Switzerland,
0106.31.00,Live birds of prey,New,Switzerland,
0106.39.01,"Live birds, other than poultry, birds of prey or psittaciformes birds",New,Switzerland,
0106.90.01,"Live animals other than mammals, reptiles, insects, and birds",New,Switzerland,
0208.50.00,"Meat and edible meat offal of reptiles, fresh, chilled or frozen",New,Switzerland,
0208.90.25,"Frog legs, fresh, chilled or frozen",New,Switzerland,
0410.10.00,Edible insects,New,Switzerland,
0501.00.00,"Human hair, unworked, whether or not washed or scoured; waste of human hair",New,Switzerland,
0510.00.40,Cantharides; bile; glands and other animal products nesoi used in pharmaceutical products,New,Switzerland,
0601.10.15,"Tulip bulbs, dormant",New,Switzerland,
0601.10.30,"Hyacinth bulbs, dormant",New,Switzerland,
0601.10.45,"Lily bulbs, dormant",New,Switzerland,
0601.10.60,"Narcissus bulbs, dormant",New,Switzerland,
0601.10.75,"Crocus corms, dormant",New,Switzerland,
0601.10.90,"Bulbs, tubers, tuberous roots, corms, crowns and rhizomes, nesoi, dormant",New,Switzerland,
0601.20.90,"Bulbs nesoi, tubers, tuberous roots, corms, crowns and rhizomes, in growth or in flower; chicory plants and roots",New,Switzerland,
0602.40.00,"Roses, grafted or not",New,Switzerland,
0602.90.30,"Live herbaceous perennials, other than orchid plants, with soil attached to roots",New,Switzerland,
0602.90.60,"Other live plants nesoi, with soil attached to roots",New,Switzerland,
0603.11.00,"Sweetheart, spray and other roses, fresh cut",New,Switzerland,
0603.12.30,"Miniature (spray) carnations, fresh cut",New,Switzerland,
0603.12.70,"Other Carnations, fresh cut",New,Switzerland,
0603.14.00,"Chrysanthemums, fresh cut",New,Switzerland,
0603.15.00,Fresh cut lilies (Lillium spp.),New,Switzerland,
0603.19.01,"Fresh cut, anthuriums, alstroemeria, gypsophilia, lilies, snapdragons and other flowers nesoi",New,Switzerland,
0603.90.00,"Cut flowers and flower buds, suitable for bouquets or ornamental purposes, dried, dyed, bleached, impregnated or otherwise prepared",New,Switzerland,
0604.20.00,"Fresh foliage, branches, and other parts of plants, without flowers or buds, suitable for bouquets or ornamental purposes",New,Switzerland,
0604.90.10,Mosses and lichens suitable for bouquets or ornamental purposes,New,Switzerland,
0604.90.30,"Dried or bleached foliage, branches, and other parts of plants for bouquets or ornamental purposes, except mosses and lichens",New,Switzerland,
0604.90.60,"Other than fresh, bleached or dried: Foliage, branches, parts of plants and grasses, suitable for bouquets or ornamental purposes, except mosses and lichen",New,Switzerland,
1212.94.00,Chicory roots,New,Switzerland,
1302.19.21,Poppy straw extract,New,Switzerland,
1302.31.00,Agar-agar,New,Switzerland,
1302.32.00,"Mucilages and thickeners, whether or not modified, derived from locust beans, locust bean seeds or guar seeds",New,Switzerland,
1404.90.30,Istle of a kind used primarily in brooms or brushes,New,Switzerland,
1404.90.40,"Piassava, couch-grass and other vegetable materials nesoi, of a kind used primarily in brooms or brushes",New,Switzerland,
1515.30.00,"Castor oil and its fractions, whether or not refined, but not chemically modified",New,Switzerland,
1515.90.21,"Nut oils, whether or not refined, not chemically modified",New,Switzerland,
2101.30.00,"Roasted chicory and other roasted coffee substitutes and extracts, essences and concentrates thereof",New,Switzerland,
2102.20.60,"Single-cell micro-organisms, dead, excluding yeasts (but not including vaccines of heading 3002)",New,Switzerland,
3301.19.51,"Essential oils of citrus fruit, other, nesoi",New,Switzerland,
3301.29.10,Essential oils of eucalyptus,New,Switzerland,
3301.30.00,Resinoids,New,Switzerland,
3823.11.00,Stearic acid,New,Switzerland,
3823.12.00,Oleic acid,New,Switzerland,
3823.70.40,"Industrial fatty alcohols, other than oleyl, derived from fatty substances of animal or vegetable origin",New,Switzerland,
4403.41.00,"Wood in the rough or roughly squared, of Dark Red Meranti, Light Red Meranti or Meranti Bakau, not treated with paint, stain, creosote, or other preservatives",New,Switzerland,
4409.22.05,"Nonconiferous tropical wood continuously shaped along any ends, whether or not also continuously shaped along any edges or faces",New,Switzerland,
4409.22.10,"Nonconiferous tropical wood siding, whether or not continuously shaped along its edges or faces but not its ends",New,Switzerland,
4409.22.25,"Nonconiferous tropical wood flooring, whether or not continuously shaped along its edges or faces but not its ends",New,Switzerland,
4409.22.40,"Nonconiferous tropical wood standard moldings, whether or not continuously shaped along its edges or faces but not its ends",New,Switzerland,
4409.22.50,"Other nonconiferous tropical wood moldings, whether or not continuously shaped along its edges or faces but not its ends",New,Switzerland,
4409.22.60,"Plain nonconiferous tropical wood dowel rods, whether or not continuously shaped along its edges or faces but not its ends",New,Switzerland,
4409.22.65,"Nonconiferous tropical wood dowel rods, sanded, grooved or otherwise advanced in condition, whether or not continuously shaped along its edges or faces but not its ends",New,Switzerland,
4409.22.90,"Other nonconiferous tropical wood, whether or not continuously shaped along its edges or faces but not its ends",New,Switzerland,
4412.31.06,"Plywood sheets not over 6 mm thick, tropical wood outer ply, birch face ply, not surface covered beyond clear or transparent",New,Switzerland,
4412.31.26,"Plywood sheets not over 6 mm thick, tropical wood outer ply, Spanish cedar or walnut face ply, not surface covered beyond clear or transparent",New,Switzerland,
4412.31.42,"Plywood sheets not over 6 mm thick, tropical wood outer ply, with mahogany face ply, not surface covered beyond clear or transparent",New,Switzerland,
4412.31.45,"Plywood sheets not over 3.6 mm thick, exceeding 1.2 m width and 2.2 m length, tropical wood outer ply, not mahogany face ply, not surface covered beyond clear or transparent",New,Switzerland,
4412.31.48,"Plywood sheets not over 3.6 mm thick, tropical wood outer ply, not mahogany face ply, not surface covered beyond clear or transparent, nesoi",New,Switzerland,
4412.31.52,"Plywood sheets not over 6 mm thick, tropical wood nesoi outer ply, with face ply nesoi, not surface covered beyond clear or transparent",New,Switzerland,
4412.31.61,"Plywood sheets not over 6 mm thick, with certain specified tropical wood outer ply, surface covered beyond clear or transparent",New,Switzerland,
4412.31.92,"Plywood sheets not over 6 mm thick, tropical wood nesoi at least one outer ply, surface covered beyond clear or transparent",New,Switzerland,
4412.41.00,Laminated veneered lumber with outer ply of tropical wood,New,Switzerland,
4412.51.10,"Blockboard, laminboard and battenboard of plywood nesoi, outer ply of tropical wood, not surface covered beyond clear or transparent, with face ply of birch",New,Switzerland,
4412.51.31,"Blockboard, laminboard and battenboard of plywood nesoi, outer ply of tropical wood, not surface covered beyond clear or transparent, not with face ply of birch",New,Switzerland,
4412.51.41,"Blockboard, laminboard and battenboard of plywood nesoi, outer ply of tropical wood, surface covered other than clear or transparent",New,Switzerland,
4412.51.51,"Blockboard, laminboard and battenboard other than of plywood nesoi, outer ply of tropical wood",New,Switzerland,
4412.91.06,"Not blockboard, laminboard or battenboard, outer ply of tropical wood, containing particle board",New,Switzerland,
4412.91.10,"Not blockboard, laminboard or battenboard, plywood with outer ply of tropical wood, no particle board, not surface covered beyond clear or transparent, with face ply of birch",New,Switzerland,
4412.91.31,"Not blockboard, laminboard or battenboard, plywood with outer ply of tropical wood, no particle board, not surface covered beyond clear or transparent, not with face ply of birch",New,Switzerland,
4412.91.41,"Not blockboard, laminboard or battenboard, plywood with outer ply of tropical wood, surface covered beyond clear or transparent",New,Switzerland,
4412.91.51,"Not blockboard, laminboard or battenboard, veneered panels and similar laminated wood with outer ply of tropical wood, nesoi",New,Switzerland,
4501.10.00,"Natural cork, raw or simply prepared",New,Switzerland,
4501.90.20,Waste cork,New,Switzerland,
4501.90.40,"Crushed, granulated or ground cork",New,Switzerland,
4502.00.00,"Natural cork, debacked or roughly squared or in rectangular blocks, plates, sheets or strip (including sharp-edged blanks for corks or stoppers)",New,Switzerland,
4503.10.20,"Corks and stoppers of natural cork, tapered and of a thickness (or length) greater than the maximum diameter, not over 19mm maximum diameter",New,Switzerland,
4503.10.30,"Corks and stoppers wholly of natural cork, tapered and of a thickness (or length) greater than the maximum diameter, over 19mm maximum diameter",New,Switzerland,
4503.10.40,"Corks and stoppers of natural cork, tapered and of a thickness (or length) greater than the maximum diameter, over 19mm maximum diameter, nesoi",New,Switzerland,
4503.10.60,"Corks and stoppers of natural cork, of a thickness (or length) not greater than the maximum diameter",New,Switzerland,
4503.90.20,"Disks, wafers and washers of natural cork",New,Switzerland,
4503.90.40,"Natural cork wallcoverings, backed with paper or otherwise reinforced",New,Switzerland,
4503.90.60,"Articles of natural cork, other than corks and stoppers",New,Switzerland,
4504.10.10,Vulcanized sheets and slabs wholly of agglomerated ground or pulverized cork and rubber,New,Switzerland,
4504.10.20,"Insulation of compressed agglomerated cork, coated or not coated",New,Switzerland,
4504.10.30,Floor coverings of agglomerated cork,New,Switzerland,
4504.10.40,"Agglomerated cork wallcoverings, backed with paper or otherwise reinforced",New,Switzerland,
4504.10.45,"Agglomerated cork stoppers, not tapered, wholly of cork, of a thickness (or length) greater than the maximum diameter",New,Switzerland,
4504.10.47,"Corks, stoppers, disks, wafers and washers of agglomerated cork, nesoi",New,Switzerland,
4504.10.50,"Blocks, plates, sheets and strip; tiles of any shape; solid cylinder; all the foregoing of cork; all the foregoing, nesoi",New,Switzerland,
4504.90.00,"Agglomerated cork and articles of cork, nesoi",Existing,Switzerland,
4601.22.40,"Woven or partly assembled materials of rattan for mats, matting and screens",New,Switzerland,
4601.22.80,Rattan floor coverings,New,Switzerland,
4601.22.90,"Mats, matting and screens of rattan, nesoi",New,Switzerland,
4601.29.40,"Woven or partly assembled materials of willow for mats, matting and screens",New,Switzerland,
4601.93.01,"Rattan webbing for mats, matting and screens",New,Switzerland,
4601.93.05,"Plaits of rattan and similar products of such plaiting materials, whether or not assembled into strips",New,Switzerland,
4601.93.20,Products of rattan other than plaits and similar products such as plaiting materials.,New,Switzerland,
4602.12.05,Fishing baskets or creels made from rattan,New,Switzerland,
4602.12.14,Baskets and bags of rattan wickerwork,New,Switzerland,
4602.12.16,Baskets and bags of rattan other than wickerwork,New,Switzerland,
4602.12.23,"Articles of a kind normally carried in the pocket or in the handbag, of rattan",New,Switzerland,
4602.12.25,"Luggage, handbags and flat goods, whether or not lined, of rattan, nesoi",New,Switzerland,
4602.12.35,"Articles of wickerwork, nesoi, of rattan",New,Switzerland,
4602.12.45,"Basketwork and other articles, nesoi, of rattan",New,Switzerland,
5001.00.00,Silkworm cocoons suitable for reeling,New,Switzerland,
5002.00.00,Raw silk (not thrown),New,Switzerland,
5003.00.10,"Silk waste (including cocoons unsuitable for reeling, yarn waste and garnetted stock), not carded or combed",New,Switzerland,
5003.00.90,"Silk waste (including cocoons unsuitable for reeling, yarn waste and garnetted stock), carded or combed",New,Switzerland,
5004.00.00,"Silk yarns (other than yarn spun from silk waste), not put up for retail sale",New,Switzerland,
5005.00.00,"Yarn spun from silk waste, not put up for retail sale",New,Switzerland,
5006.00.10,"Spun yarn, containing 85 percent or more by weight of silk, put up for retail sale; silkworm gut",New,Switzerland,
5006.00.90,"Spun silk yarn, containing less than 85 percent by weight of silk, put up for retail sale",New,Switzerland,
5007.10.30,"Woven fabrics of noil silk, containing 85 percent or more by weight of silk or silk waste",New,Switzerland,
5007.10.60,"Woven fabrics of noil silk, containing less than 85 percent by weight of silk or silk waste",New,Switzerland,
5007.20.00,"Woven fabrics containing 85 percent or more by weight of silk or silk waste, other than noil silk",New,Switzerland,
5007.90.30,"Woven silk fabrics, containing 85 percent or more by weight of silk or silk waste, nesoi",New,Switzerland,
5102.11.90,"Fine hair of Kashmir (cashmere) goats, processed beyond the degreased or carbonized condition, not carded or combed",New,Switzerland,
7101.10.30,"Natural pearls, graded and temporarily strung for convenience of transport",New,Switzerland,
7101.10.60,"Natural pearls, not strung, mounted or set",New,Switzerland,
7102.10.00,"Diamonds, unsorted, whether or not worked",New,Switzerland,
7102.31.00,"Nonindustrial diamonds, unworked or simply sawn, cleaved or bruted",New,Switzerland,
7102.39.00,"Nonindustrial diamonds, worked, but not mounted or set",New,Switzerland,
7103.10.20,"Precious stones (other than diamonds) and semiprecious stones, unworked",New,Switzerland,
7103.10.40,"Precious stones (other than diamonds) and semiprecious stones, simply sawn or roughly shaped",New,Switzerland,
7103.91.00,"Rubies, sapphires and emeralds, worked, whether or not graded, but not strung, mounted or set",New,Switzerland,
7103.99.10,"Precious or semiprecious stones, nesoi, cut but not set, suitable for use in the manufacture of jewelry",New,Switzerland,
7103.99.50,"Precious or semiprecious stones, nesoi, worked, whether or not graded, but not strung, mounted or set",New,Switzerland,
7205.10.00,"Pig iron, spiegeleisen, and iron or steel granules",New,Switzerland,
8112.92.07,"Waste and scrap of gallium, germanium, indium, niobium, or vanadium",New,Switzerland,
0106.19.91,"Live mammals, nesoi",New,Malaysia,
0106.20.00,Live reptiles (including snakes and turtles),New,Malaysia,
0106.90.01,"Live animals other than mammals, reptiles, insects, and birds",New,Malaysia,
0410.10.00,Edible insects,New,Malaysia,
0602.90.20,Live orchid plants,New,Malaysia,
0603.13.00,"Orchids, fresh cut",New,Malaysia,
0603.14.00,"Chrysanthemums, fresh cut",New,Malaysia,
0603.19.01,"Fresh cut, anthuriums, alstroemeria, gypsophilia, lilies, snapdragons and other flowers nesoi",New,Malaysia,
0604.20.00,"Fresh foliage, branches, and other parts of plants, without flowers or buds, suitable for bouquets or ornamental purposes",New,Malaysia,
0604.90.10,Mosses and lichens suitable for bouquets or ornamental purposes,New,Malaysia,
1211.90.89,Psyllium seed husks,New,Malaysia,Ex
1301.90.91,Boswellia,New,Malaysia,Ex
1401.10.00,"Bamboos, of a kind used primarily for plaiting",New,Malaysia,
1511.10.00,"Palm oil, crude, and its fractions, whether or not refined, not chemically modified",New,Malaysia,
1511.90.00,"Palm oil, other than crude, and its fractions, whether or not refined, but not chemically modified",New,Malaysia,
1513.29.00,"Palm kernel oil or babassu oil, other than crude, and their fractions, whether or not refined, but not chemically modified",New,Malaysia,
1515.30.00,"Castor oil and its fractions, whether or not refined, but not chemically modified",New,Malaysia,
1515.90.81,Argan oil,New,Malaysia,Ex
2102.20.60,"Single-cell micro-organisms, dead, excluding yeasts (but not including vaccines of heading 3002)",New,Malaysia,
2306.50.00,"Oilcake and other solid residues, resulting from the extraction of vegetable fats or oils, of coconut or copra",New,Malaysia,
3823.11.00,Stearic acid,New,Malaysia,
3823.12.00,Oleic acid,New,Malaysia,
3823.19.20,"Industrial monocarboxylic fatty acids or acid oils from refining derived from coconut, palm-kernel, or palm oil",New,Malaysia,
3823.70.40,"Industrial fatty alcohols, other than oleyl, derived from fatty substances of animal or vegetable origin",New,Malaysia,
4403.41.00,"Wood in the rough or roughly squared, of Dark Red Meranti, Light Red Meranti or Meranti Bakau, not treated with paint, stain, creosote, or other preservatives",New,Malaysia,
4409.22.05,"Nonconiferous tropical wood continuously shaped along any ends, whether or not also continuously shaped along any edges or faces",New,Malaysia,
4409.22.10,"Nonconiferous tropical wood siding, whether or not continuously shaped along its edges or faces but not its ends",New,Malaysia,
4409.22.25,"Nonconiferous tropical wood flooring, whether or not continuously shaped along its edges or faces but not its ends",New,Malaysia,
4409.22.40,"Nonconiferous tropical wood standard moldings, whether or not continuously shaped along its edges or faces but not its ends",New,Malaysia,
4409.22.50,"Other nonconiferous tropical wood moldings, whether or not continuously shaped along its edges or faces but not its ends",New,Malaysia,
4409.22.60,"Plain nonconiferous tropical wood dowel rods, whether or not continuously shaped along its edges or faces but not its ends",New,Malaysia,
4409.22.65,"Nonconiferous tropical wood dowel rods, sanded, grooved or otherwise advanced in condition, whether or not continuously shaped along its edges or faces but not its ends",New,Malaysia,
4409.22.90,"Other nonconiferous tropical wood, whether or not continuously shaped along its edges or faces but not its ends",New,Malaysia,
4412.31.06,"Plywood sheets not over 6 mm thick, tropical wood outer ply, birch face ply, not surface covered beyond clear or transparent",New,Malaysia,
4412.31.26,"Plywood sheets not over 6 mm thick, tropical wood outer ply, Spanish cedar or walnut face ply, not surface covered beyond clear or transparent",New,Malaysia,
4412.31.42,"Plywood sheets not over 6 mm thick, tropical wood outer ply, with mahogany face ply, not surface covered beyond clear or transparent",New,Malaysia,
4412.31.45,"Plywood sheets not over 3.6 mm thick, exceeding 1.2 m width and 2.2 m length, tropical wood outer ply, not mahogany face ply, not surface covered beyond clear or transparent",New,Malaysia,
4412.31.48,"Plywood sheets not over 3.6 mm thick, tropical wood outer ply, not mahogany face ply, not surface covered beyond clear or transparent, nesoi",New,Malaysia,
4412.31.52,"Plywood sheets not over 6 mm thick, tropical wood nesoi outer ply, with face ply nesoi, not surface covered beyond clear or transparent",New,Malaysia,
4412.31.61,"Plywood sheets not over 6 mm thick, with certain specified tropical wood outer ply, surface covered beyond clear or transparent",New,Malaysia,
4412.31.92,"Plywood sheets not over 6 mm thick, tropical wood nesoi at least one outer ply, surface covered beyond clear or transparent",New,Malaysia,
4412.41.00,Laminated veneered lumber with outer ply of tropical wood,New,Malaysia,
4412.51.10,"Blockboard, laminboard and battenboard of plywood nesoi, outer ply of tropical wood, not surface covered beyond clear or transparent, with face ply of birch",New,Malaysia,
4412.51.31,"Blockboard, laminboard and battenboard of plywood nesoi, outer ply of tropical wood, not surface covered beyond clear or transparent, not with face ply of birch",New,Malaysia,
4412.51.41,"Blockboard, laminboard and battenboard of plywood nesoi, outer ply of tropical wood, surface covered other than clear or transparent",New,Malaysia,
4412.51.51,"Blockboard, laminboard and battenboard other than of plywood nesoi, outer ply of tropical wood",New,Malaysia,
4412.91.06,"Not blockboard, laminboard or battenboard, outer ply of tropical wood, containing particle board",New,Malaysia,
4412.91.10,"Not blockboard, laminboard or battenboard, plywood with outer ply of tropical wood, no particle board, not surface covered beyond clear or transparent, with face ply of birch",New,Malaysia,
4412.91.31,"Not blockboard, laminboard or battenboard, plywood with outer ply of tropical wood, no particle board, not surface covered beyond clear or transparent, not with face ply of birch",New,Malaysia,
4412.91.41,"Not blockboard, laminboard or battenboard, plywood with outer ply of tropical wood, surface covered beyond clear or transparent",New,Malaysia,
4412.91.51,"Not blockboard, laminboard or battenboard, veneered panels and similar laminated wood with outer ply of tropical wood, nesoi",New,Malaysia,
4501.10.00,"Natural cork, raw or simply prepared",New,Malaysia,
4501.90.20,Waste cork,New,Malaysia,
4501.90.40,"Crushed, granulated or ground cork",New,Malaysia,
4502.00.00,"Natural cork, debacked or roughly squared or in rectangular blocks, plates, sheets or strip (including sharp-edged blanks for corks or stoppers)",New,Malaysia,
4503.10.20,"Corks and stoppers of natural cork, tapered and of a thickness (or length) greater than the maximum diameter, not over 19mm maximum diameter",New,Malaysia,
4503.10.30,"Corks and stoppers wholly of natural cork, tapered and of a thickness (or length) greater than the maximum diameter, over 19mm maximum diameter",New,Malaysia,
4503.10.40,"Corks and stoppers of natural cork, tapered and of a thickness (or length) greater than the maximum diameter, over 19mm maximum diameter, nesoi",New,Malaysia,
4503.10.60,"Corks and stoppers of natural cork, of a thickness (or length) not greater than the maximum diameter",New,Malaysia,
4503.90.20,"Disks, wafers and washers of natural cork",New,Malaysia,
4503.90.40,"Natural cork wallcoverings, backed with paper or otherwise reinforced",New,Malaysia,
4503.90.60,"Articles of natural cork, other than corks and stoppers",New,Malaysia,
4504.10.10,Vulcanized sheets and slabs wholly of agglomerated ground or pulverized cork and rubber,New,Malaysia,
4504.10.20,"Insulation of compressed agglomerated cork, coated or not coated",New,Malaysia,
4504.10.30,Floor coverings of agglomerated cork,New,Malaysia,
4504.10.40,"Agglomerated cork wallcoverings, backed with paper or otherwise reinforced",New,Malaysia,
4504.10.45,"Agglomerated cork stoppers, not tapered, wholly of cork, of a thickness (or length) greater than the maximum diameter",New,Malaysia,
4504.10.47,"Corks, stoppers, disks, wafers and washers of agglomerated cork, nesoi",New,Malaysia,
4504.10.50,"Blocks, plates, sheets and strip; tiles of any shape; solid cylinder; all the foregoing of cork; all the foregoing, nesoi",New,Malaysia,
4504.90.00,"Agglomerated cork and articles of cork, nesoi",Existing,Malaysia,
4601.22.40,"Woven or partly assembled materials of rattan for mats, matting and screens",New,Malaysia,
4601.22.80,Rattan floor coverings,New,Malaysia,
4601.22.90,"Mats, matting and screens of rattan, nesoi",New,Malaysia,
4601.29.40,"Woven or partly assembled materials of willow for mats, matting and screens",New,Malaysia,
4601.93.01,"Rattan webbing for mats, matting and screens",New,Malaysia,
4601.93.05,"Plaits of rattan and similar products of such plaiting materials, whether or not assembled into strips",New,Malaysia,
4601.93.20,Products of rattan other than plaits and similar products such as plaiting materials.,New,Malaysia,
4602.12.05,Fishing baskets or creels made from rattan,New,Malaysia,
4602.12.14,Baskets and bags of rattan wickerwork,New,Malaysia,
4602.12.16,Baskets and bags of rattan other than wickerwork,New,Malaysia,
4602.12.23,"Articles of a kind normally carried in the pocket or in the handbag, of rattan",New,Malaysia,
4602.12.25,"Luggage, handbags and flat goods, whether or not lined, of rattan, nesoi",New,Malaysia,
4602.12.35,"Articles of wickerwork, nesoi, of rattan",New,Malaysia,
4602.12.45,"Basketwork and other articles, nesoi, of rattan",New,Malaysia,
5004.00.00,"Silk yarns (other than yarn spun from silk waste), not put up for retail sale",New,Malaysia,
5005.00.00,"Yarn spun from silk waste, not put up for retail sale",New,Malaysia,
5006.00.10,"Spun yarn, containing 85 percent or more by weight of silk, put up for retail sale; silkworm gut",New,Malaysia,
5006.00.90,"Spun silk yarn, containing less than 85 percent by weight of silk, put up for retail sale",New,Malaysia,
5007.10.30,"Woven fabrics of noil silk, containing 85 percent or more by weight of silk or silk waste",New,Malaysia,
5007.10.60,"Woven fabrics of noil silk, containing less than 85 percent by weight of silk or silk waste",New,Malaysia,
5007.20.00,"Woven fabrics containing 85 percent or more by weight of silk or silk waste, other than noil silk",New,Malaysia,
5007.90.30,"Woven silk fabrics, containing 85 percent or more by weight of silk or silk waste, nesoi",New,Malaysia,
7101.10.30,"Natural pearls, graded and temporarily strung for convenience of transport",New,Malaysia,
7101.10.60,"Natural pearls, not strung, mounted or set",New,Malaysia,
7102.10.00,"Diamonds, unsorted, whether or not worked",New,Malaysia,
7102.31.00,"Nonindustrial diamonds, unworked or simply sawn, cleaved or bruted",New,Malaysia,
7102.39.00,"Nonindustrial diamonds, worked, but not mounted or set",New,Malaysia,
7103.10.20,"Precious stones (other than diamonds) and semiprecious stones, unworked",New,Malaysia,
7103.10.40,"Precious stones (other than diamonds) and semiprecious stones, simply sawn or roughly shaped",New,Malaysia,
7103.91.00,"Rubies, sapphires and emeralds, worked, whether or not graded, but not strung, mounted or set",New,Malaysia,
7103.99.10,"Precious or semiprecious stones, nesoi, cut but not set, suitable for use in the manufacture of jewelry",New,Malaysia,
7103.99.50,"Precious or semiprecious stones, nesoi, worked, whether or not graded, but not strung, mounted or set",New,Malaysia,
7205.10.00,"Pig iron, spiegeleisen, and iron or steel granules",New,Malaysia,
8112.92.07,"Waste and scrap of gallium, germanium, indium, niobium, or vanadium",New,Malaysia,
0106.11.00,Live Primates,New,Cambodia,
0106.19.91,"Live mammals, nesoi",New,Cambodia,
0106.20.00,Live reptiles (including snakes and turtles),New,Cambodia,
0106.31.00,Live birds of prey,New,Cambodia,
0106.32.00,"Live psittaciformes birds (including parrots, parakeets, macaws and cockatoos)",New,Cambodia,
0106.39.01,"Live birds, other than poultry, birds of prey or psittaciformes birds",New,Cambodia,
0106.90.01,"Live animals other than mammals, reptiles, insects, and birds",New,Cambodia,
0208.50.00,"Meat and edible meat offal of reptiles, fresh, chilled or frozen",New,Cambodia,
0208.90.25,"Frog legs, fresh, chilled or frozen",New,Cambodia,
0410.10.00,Edible insects,New,Cambodia,
0501.00.00,"Human hair, unworked, whether or not washed or scoured; waste of human hair",New,Cambodia,
0510.00.40,Cantharides; bile; glands and other animal products nesoi used in pharmaceutical products,New,Cambodia,
0601.10.15,"Tulip bulbs, dormant",New,Cambodia,
0601.10.30,"Hyacinth bulbs, dormant",New,Cambodia,
0601.10.45,"Lily bulbs, dormant",New,Cambodia,
0601.10.60,"Narcissus bulbs, dormant",New,Cambodia,
0601.10.75,"Crocus corms, dormant",New,Cambodia,
0601.10.90,"Bulbs, tubers, tuberous roots, corms, crowns and rhizomes, nesoi, dormant",New,Cambodia,
0601.20.90,"Bulbs nesoi, tubers, tuberous roots, corms, crowns and rhizomes, in growth or in flower; chicory plants and roots",New,Cambodia,
0602.40.00,"Roses, grafted or not",New,Cambodia,
0602.90.20,Live orchid plants,New,Cambodia,
0602.90.30,"Live herbaceous perennials, other than orchid plants, with soil attached to roots",New,Cambodia,
0602.90.60,"Other live plants nesoi, with soil attached to roots",New,Cambodia,
0603.11.00,"Sweetheart, spray and other roses, fresh cut",New,Cambodia,
0603.12.30,"Miniature (spray) carnations, fresh cut",New,Cambodia,
0603.12.70,"Other Carnations, fresh cut",New,Cambodia,
0603.13.00,"Orchids, fresh cut",New,Cambodia,
0603.14.00,"Chrysanthemums, fresh cut",New,Cambodia,
0603.15.00,Fresh cut lilies (Lillium spp.),New,Cambodia,
0603.19.01,"Fresh cut, anthuriums, alstroemeria, gypsophilia, lilies, snapdragons and other flowers nesoi",New,Cambodia,
0603.90.00,"Cut flowers and flower buds, suitable for bouquets or ornamental purposes, dried, dyed, bleached, impregnated or otherwise prepared",New,Cambodia,
0604.20.00,"Fresh foliage, branches, and other parts of plants, without flowers or buds, suitable for bouquets or ornamental purposes",New,Cambodia,
0604.90.10,Mosses and lichens suitable for bouquets or ornamental purposes,New,Cambodia,
0604.90.30,"Dried or bleached foliage, branches, and other parts of plants for bouquets or ornamental purposes, except mosses and lichens",New,Cambodia,
0604.90.60,"Other than fresh, bleached or dried: Foliage, branches, parts of plants and grasses, suitable for bouquets or ornamental purposes, except mosses and lichen",New,Cambodia,
1207.10.00,Palm nuts and kernels,New,Cambodia,
1211.30.00,"Coca leaf, of a kind used in perfumery, in pharmacy or for insecticidal, fungicidal or similar purposes",New,Cambodia,
1211.60.00,Bark of African cherry (Prunus Africana),New,Cambodia,
1211.90.60,"Tonka beans, of a kind used in perfumery, in pharmacy or for insecticidal, fungicidal or similar purposes",New,Cambodia,
1211.90.89,Psyllium seed husks,New,Cambodia,Ex
1212.21.00,"Seaweeds and other algae, fresh, chilled, frozen or dried, whether or not ground, fit for human consumption",New,Cambodia,
1212.29.00,"Seaweeds and other algae, fresh, chilled, frozen or dried, whether or not ground, other than for human consumption",New,Cambodia,
1212.94.00,Chicory roots,New,Cambodia,
1301.20.00,Gum Arabic,New,Cambodia,
1301.90.91,Boswellia,New,Cambodia,Ex
1302.19.21,Poppy straw extract,New,Cambodia,
1302.19.91,"Aloe, Tasmanian pepper, coconut and centella",New,Cambodia,Ex
1302.31.00,Agar-agar,New,Cambodia,
1302.32.00,"Mucilages and thickeners, whether or not modified, derived from locust beans, locust bean seeds or guar seeds",New,Cambodia,
1401.10.00,"Bamboos, of a kind used primarily for plaiting",New,Cambodia,
1401.20.20,"Rattans, in the rough or cut transversely into sections, of a kind used primarily for plaiting",New,Cambodia,
1401.20.40,"Rattans, other than those in the rough or cut transversely into sections, of a kind used primarily for plaiting",New,Cambodia,
1404.90.30,Istle of a kind used primarily in brooms or brushes,New,Cambodia,
1404.90.40,"Piassava, couch-grass and other vegetable materials nesoi, of a kind used primarily in brooms or brushes",New,Cambodia,
1511.10.00,"Palm oil, crude, and its fractions, whether or not refined, not chemically modified",New,Cambodia,
1511.90.00,"Palm oil, other than crude, and its fractions, whether or not refined, but not chemically modified",New,Cambodia,
1513.21.00,"Palm kernel oil or babassu oil, crude, and their fractions, not chemically modified",New,Cambodia,
1513.29.00,"Palm kernel oil or babassu oil, other than crude, and their fractions, whether or not refined, but not chemically modified",New,Cambodia,
1515.30.00,"Castor oil and its fractions, whether or not refined, but not chemically modified",New,Cambodia,
1515.90.21,"Nut oils, whether or not refined, not chemically modified",New,Cambodia,
1515.90.60,"Jojoba oil and its fractions, whether or not refined, not chemically modified",New,Cambodia,
2101.30.00,"Roasted chicory and other roasted coffee substitutes and extracts, essences and concentrates thereof",New,Cambodia,
2102.20.60,"Single-cell micro-organisms, dead, excluding yeasts (but not including vaccines of heading 3002)",New,Cambodia,
2306.50.00,"Oilcake and other solid residues, resulting from the extraction of vegetable fats or oils, of coconut or copra",New,Cambodia,
3301.19.51,"Essential oils of citrus fruit, other, nesoi",New,Cambodia,
3301.29.10,Essential oils of eucalyptus,New,Cambodia,
3301.30.00,Resinoids,New,Cambodia,
3823.11.00,Stearic acid,New,Cambodia,
3823.12.00,Oleic acid,New,Cambodia,
3823.19.20,"Industrial monocarboxylic fatty acids or acid oils from refining derived from coconut, palm-kernel, or palm oil",New,Cambodia,
3823.70.40,"Industrial fatty alcohols, other than oleyl, derived from fatty substances of animal or vegetable origin",New,Cambodia,
4403.41.00,"Wood in the rough or roughly squared, of Dark Red Meranti, Light Red Meranti or Meranti Bakau, not treated with paint, stain, creosote, or other preservatives",New,Cambodia,
4409.22.05,"Nonconiferous tropical wood continuously shaped along any ends, whether or not also continuously shaped along any edges or faces",New,Cambodia,
4409.22.10,"Nonconiferous tropical wood siding, whether or not continuously shaped along its edges or faces but not its ends",New,Cambodia,
4409.22.25,"Nonconiferous tropical wood flooring, whether or not continuously shaped along its edges or faces but not its ends",New,Cambodia,
4409.22.40,"Nonconiferous tropical wood standard moldings, whether or not continuously shaped along its edges or faces but not its ends",New,Cambodia,
4409.22.50,"Other nonconiferous tropical wood moldings, whether or not continuously shaped along its edges or faces but not its ends",New,Cambodia,
4409.22.60,"Plain nonconiferous tropical wood dowel rods, whether or not continuously shaped along its edges or faces but not its ends",New,Cambodia,
4409.22.65,"Nonconiferous tropical wood dowel rods, sanded, grooved or otherwise advanced in condition, whether or not continuously shaped along its edges or faces but not its ends",New,Cambodia,
4409.22.90,"Other nonconiferous tropical wood, whether or not continuously shaped along its edges or faces but not its ends",New,Cambodia,
4412.31.06,"Plywood sheets not over 6 mm thick, tropical wood outer ply, birch face ply, not surface covered beyond clear or transparent",New,Cambodia,
4412.31.26,"Plywood sheets not over 6 mm thick, tropical wood outer ply, Spanish cedar or walnut face ply, not surface covered beyond clear or transparent",New,Cambodia,
4412.31.42,"Plywood sheets not over 6 mm thick, tropical wood outer ply, with mahogany face ply, not surface covered beyond clear or transparent",New,Cambodia,
4412.31.45,"Plywood sheets not over 3.6 mm thick, exceeding 1.2 m width and 2.2 m length, tropical wood outer ply, not mahogany face ply, not surface covered beyond clear or transparent",New,Cambodia,
4412.31.48,"Plywood sheets not over 3.6 mm thick, tropical wood outer ply, not mahogany face ply, not surface covered beyond clear or transparent, nesoi",New,Cambodia,
4412.31.52,"Plywood sheets not over 6 mm thick, tropical wood nesoi outer ply, with face ply nesoi, not surface covered beyond clear or transparent",New,Cambodia,
4412.31.61,"Plywood sheets not over 6 mm thick, with certain specified tropical wood outer ply, surface covered beyond clear or transparent",New,Cambodia,
4412.31.92,"Plywood sheets not over 6 mm thick, tropical wood nesoi at least one outer ply, surface covered beyond clear or transparent",New,Cambodia,
4412.41.00,Laminated veneered lumber with outer ply of tropical wood,New,Cambodia,
4412.51.10,"Blockboard, laminboard and battenboard of plywood nesoi, outer ply of tropical wood, not surface covered beyond clear or transparent, with face ply of birch",New,Cambodia,
4412.51.31,"Blockboard, laminboard and battenboard of plywood nesoi, outer ply of tropical wood, not surface covered beyond clear or transparent, not with face ply of birch",New,Cambodia,
4412.51.41,"Blockboard, laminboard and battenboard of plywood nesoi, outer ply of tropical wood, surface covered other than clear or transparent",New,Cambodia,
4412.51.51,"Blockboard, laminboard and battenboard other than of plywood nesoi, outer ply of tropical wood",New,Cambodia,
4412.91.06,"Not blockboard, laminboard or battenboard, outer ply of tropical wood, containing particle board",New,Cambodia,
4412.91.10,"Not blockboard, laminboard or battenboard, plywood with outer ply of tropical wood, no particle board, not surface covered beyond clear or transparent, with face ply of birch",New,Cambodia,
4412.91.31,"Not blockboard, laminboard or battenboard, plywood with outer ply of tropical wood, no particle board, not surface covered beyond clear or transparent, not with face ply of birch",New,Cambodia,
4412.91.41,"Not blockboard, laminboard or battenboard, plywood with outer ply of tropical wood, surface covered beyond clear or transparent",New,Cambodia,
4412.91.51,"Not blockboard, laminboard or battenboard, veneered panels and similar laminated wood with outer ply of tropical wood, nesoi",New,Cambodia,
4501.10.00,"Natural cork, raw or simply prepared",New,Cambodia,
4501.90.20,Waste cork,New,Cambodia,
4501.90.40,"Crushed, granulated or ground cork",New,Cambodia,
4502.00.00,"Natural cork, debacked or roughly squared or in rectangular blocks, plates, sheets or strip (including sharp-edged blanks for corks or stoppers)",New,Cambodia,
4503.10.20,"Corks and stoppers of natural cork, tapered and of a thickness (or length) greater than the maximum diameter, not over 19mm maximum diameter",New,Cambodia,
4503.10.30,"Corks and stoppers wholly of natural cork, tapered and of a thickness (or length) greater than the maximum diameter, over 19mm maximum diameter",New,Cambodia,
4503.10.40,"Corks and stoppers of natural cork, tapered and of a thickness (or length) greater than the maximum diameter, over 19mm maximum diameter, nesoi",New,Cambodia,
4503.10.60,"Corks and stoppers of natural cork, of a thickness (or length) not greater than the maximum diameter",New,Cambodia,
4503.90.20,"Disks, wafers and washers of natural cork",New,Cambodia,
4503.90.40,"Natural cork wallcoverings, backed with paper or otherwise reinforced",New,Cambodia,
4503.90.60,"Articles of natural cork, other than corks and stoppers",New,Cambodia,
4504.10.10,Vulcanized sheets and slabs wholly of agglomerated ground or pulverized cork and rubber,New,Cambodia,
4504.10.20,"Insulation of compressed agglomerated cork, coated or not coated",New,Cambodia,
4504.10.30,Floor coverings of agglomerated cork,New,Cambodia,
4504.10.40,"Agglomerated cork wallcoverings, backed with paper or otherwise reinforced",New,Cambodia,
4504.10.45,"Agglomerated cork stoppers, not tapered, wholly of cork, of a thickness (or length) greater than the maximum diameter",New,Cambodia,
4504.10.47,"Corks, stoppers, disks, wafers and washers of agglomerated cork, nesoi",New,Cambodia,
4504.10.50,"Blocks, plates, sheets and strip; tiles of any shape; solid cylinder; all the foregoing of cork; all the foregoing, nesoi",New,Cambodia,
4504.90.00,"Agglomerated cork and articles of cork, nesoi",Existing,Cambodia,
4601.22.40,"Woven or partly assembled materials of rattan for mats, matting and screens",New,Cambodia,
4601.22.80,Rattan floor coverings,New,Cambodia,
4601.22.90,"Mats, matting and screens of rattan, nesoi",New,Cambodia,
4601.29.40,"Woven or partly assembled materials of willow for mats, matting and screens",New,Cambodia,
4601.93.01,"Rattan webbing for mats, matting and screens",New,Cambodia,
4601.93.05,"Plaits of rattan and similar products of such plaiting materials, whether or not assembled into strips",New,Cambodia,
4601.93.20,Products of rattan other than plaits and similar products such as plaiting materials.,New,Cambodia,
4602.12.05,Fishing baskets or creels made from rattan,New,Cambodia,
4602.12.14,Baskets and bags of rattan wickerwork,New,Cambodia,
4602.12.16,Baskets and bags of rattan other than wickerwork,New,Cambodia,
4602.12.23,"Articles of a kind normally carried in the pocket or in the handbag, of rattan",New,Cambodia,
4602.12.25,"Luggage, handbags and flat goods, whether or not lined, of rattan, nesoi",New,Cambodia,
4602.12.35,"Articles of wickerwork, nesoi, of rattan",New,Cambodia,
4602.12.45,"Basketwork and other articles, nesoi, of rattan",New,Cambodia,
5001.00.00,Silkworm cocoons suitable for reeling,New,Cambodia,
5002.00.00,Raw silk (not thrown),New,Cambodia,
5003.00.10,"Silk waste (including cocoons unsuitable for reeling, yarn waste and garnetted stock), not carded or combed",New,Cambodia,
5003.00.90,"Silk waste (including cocoons unsuitable for reeling, yarn waste and garnetted stock), carded or combed",New,Cambodia,
5004.00.00,"Silk yarns (other than yarn spun from silk waste), not put up for retail sale",New,Cambodia,
5005.00.00,"Yarn spun from silk waste, not put up for retail sale",New,Cambodia,
5006.00.10,"Spun yarn, containing 85 percent or more by weight of silk, put up for retail sale; silkworm gut",New,Cambodia,
5006.00.90,"Spun silk yarn, containing less than 85 percent by weight of silk, put up for retail sale",New,Cambodia,
5007.10.30,"Woven fabrics of noil silk, containing 85 percent or more by weight of silk or silk waste",New,Cambodia,
5007.10.60,"Woven fabrics of noil silk, containing less than 85 percent by weight of silk or silk waste",New,Cambodia,
5007.20.00,"Woven fabrics containing 85 percent or more by weight of silk or silk waste, other than noil silk",New,Cambodia,
5007.90.30,"Woven silk fabrics, containing 85 percent or more by weight of silk or silk waste, nesoi",New,Cambodia,
5102.11.90,"Fine hair of Kashmir (cashmere) goats, processed beyond the degreased or carbonized condition, not carded or combed",New,Cambodia,
5102.19.20,"Fine hair of the camel, not processed in any manner beyond the degreased or carbonized condition, not carded or combed",New,Cambodia,
7101.10.30,"Natural pearls, graded and temporarily strung for convenience of transport",New,Cambodia,
7101.10.60,"Natural pearls, not strung, mounted or set",New,Cambodia,
7102.10.00,"Diamonds, unsorted, whether or not worked",New,Cambodia,
7102.31.00,"Nonindustrial diamonds, unworked or simply sawn, cleaved or bruted",New,Cambodia,
7102.39.00,"Nonindustrial diamonds, worked, but not mounted or set",New,Cambodia,
7103.10.20,"Precious stones (other than diamonds) and semiprecious stones, unworked",New,Cambodia,
7103.10.40,"Precious stones (other than diamonds) and semiprecious stones, simply sawn or roughly shaped",New,Cambodia,
7103.91.00,"Rubies, sapphires and emeralds, worked, whether or not graded, but not strung, mounted or set",New,Cambodia,
7103.99.10,"Precious or semiprecious stones, nesoi, cut but not set, suitable for use in the manufacture of jewelry",New,Cambodia,
7103.99.50,"Precious or semiprecious stones, nesoi, worked, whether or not graded, but not strung, mounted or set",New,Cambodia,
7205.10.00,"Pig iron, spiegeleisen, and iron or steel granules",New,Cambodia,
8112.92.07,"Waste and scrap of gallium, germanium, indium, niobium, or vanadium",New,Cambodia,
0106.19.91,"Live mammals, nesoi",New,Guatemala,
0601.20.90,"Bulbs nesoi, tubers, tuberous roots, corms, crowns and rhizomes, in growth or in flower; chicory plants and roots",New,Guatemala,
0602.90.20,Live orchid plants,New,Guatemala,
0602.90.30,"Live herbaceous perennials, other than orchid plants, with soil attached to roots",New,Guatemala,
0602.90.60,"Other live plants nesoi, with soil attached to roots",New,Guatemala,
0603.11.00,"Sweetheart, spray and other roses, fresh cut",New,Guatemala,
0603.12.70,"Other Carnations, fresh cut",New,Guatemala,
0603.13.00,"Orchids, fresh cut",New,Guatemala,
0603.15.00,Fresh cut lilies (Lillium spp.),New,Guatemala,
0603.19.01,"Fresh cut, anthuriums, alstroemeria, gypsophilia, lilies, snapdragons and other flowers nesoi",New,Guatemala,
0603.90.00,"Cut flowers and flower buds, suitable for bouquets or ornamental purposes, dried, dyed, bleached, impregnated or otherwise prepared",New,Guatemala,
0604.20.00,"Fresh foliage, branches, and other parts of plants, without flowers or buds, suitable for bouquets or ornamental purposes",New,Guatemala,
0604.90.30,"Dried or bleached foliage, branches, and other parts of plants for bouquets or ornamental purposes, except mosses and lichens",New,Guatemala,
0604.90.60,"Other than fresh, bleached or dried: Foliage, branches, parts of plants and grasses, suitable for bouquets or ornamental purposes, except mosses and lichen",New,Guatemala,
1207.10.00,Palm nuts and kernels,New,Guatemala,
1211.90.60,"Tonka beans, of a kind used in perfumery, in pharmacy or for insecticidal, fungicidal or similar purposes",New,Guatemala,
1211.90.89,Psyllium seed husks,New,Guatemala,Ex
1212.21.00,"Seaweeds and other algae, fresh, chilled, frozen or dried, whether or not ground, fit for human consumption",New,Guatemala,
1301.90.91,Boswellia,New,Guatemala,Ex
1302.19.91,"Aloe, Tasmanian pepper, coconut and centella",New,Guatemala,Ex
1404.90.30,Istle of a kind used primarily in brooms or brushes,New,Guatemala,
1404.90.40,"Piassava, couch-grass and other vegetable materials nesoi, of a kind used primarily in brooms or brushes",New,Guatemala,
1511.10.00,"Palm oil, crude, and its fractions, whether or not refined, not chemically modified",New,Guatemala,
1511.90.00,"Palm oil, other than crude, and its fractions, whether or not refined, but not chemically modified",New,Guatemala,
1513.21.00,"Palm kernel oil or babassu oil, crude, and their fractions, not chemically modified",New,Guatemala,
1515.90.21,"Nut oils, whether or not refined, not chemically modified",New,Guatemala,
2101.30.00,"Roasted chicory and other roasted coffee substitutes and extracts, essences and concentrates thereof",New,Guatemala,
3301.19.51,"Essential oils of citrus fruit, other, nesoi",New,Guatemala,
3301.29.10,Essential oils of eucalyptus,New,Guatemala,
3301.30.00,Resinoids,New,Guatemala,
3823.19.20,"Industrial monocarboxylic fatty acids or acid oils from refining derived from coconut, palm-kernel, or palm oil",New,Guatemala,
3823.70.40,"Industrial fatty alcohols, other than oleyl, derived from fatty substances of animal or vegetable origin",New,Guatemala,
4403.41.00,"Wood in the rough or roughly squared, of Dark Red Meranti, Light Red Meranti or Meranti Bakau, not treated with paint, stain, creosote, or other preservatives",New,Guatemala,
4409.22.05,"Nonconiferous tropical wood continuously shaped along any ends, whether or not also continuously shaped along any edges or faces",New,Guatemala,
4409.22.10,"Nonconiferous tropical wood siding, whether or not continuously shaped along its edges or faces but not its ends",New,Guatemala,
4409.22.25,"Nonconiferous tropical wood flooring, whether or not continuously shaped along its edges or faces but not its ends",New,Guatemala,
4409.22.40,"Nonconiferous tropical wood standard moldings, whether or not continuously shaped along its edges or faces but not its ends",New,Guatemala,
4409.22.50,"Other nonconiferous tropical wood moldings, whether or not continuously shaped along its edges or faces but not its ends",New,Guatemala,
4409.22.60,"Plain nonconiferous tropical wood dowel rods, whether or not continuously shaped along its edges or faces but not its ends",New,Guatemala,
4409.22.65,"Nonconiferous tropical wood dowel rods, sanded, grooved or otherwise advanced in condition, whether or not continuously shaped along its edges or faces but not its ends",New,Guatemala,
4409.22.90,"Other nonconiferous tropical wood, whether or not continuously shaped along its edges or faces but not its ends",New,Guatemala,
4412.31.06,"Plywood sheets not over 6 mm thick, tropical wood outer ply, birch face ply, not surface covered beyond clear or transparent",New,Guatemala,
4412.31.26,"Plywood sheets not over 6 mm thick, tropical wood outer ply, Spanish cedar or walnut face ply, not surface covered beyond clear or transparent",New,Guatemala,
4412.31.42,"Plywood sheets not over 6 mm thick, tropical wood outer ply, with mahogany face ply, not surface covered beyond clear or transparent",New,Guatemala,
4412.31.45,"Plywood sheets not over 3.6 mm thick, exceeding 1.2 m width and 2.2 m length, tropical wood outer ply, not mahogany face ply, not surface covered beyond clear or transparent",New,Guatemala,
4412.31.48,"Plywood sheets not over 3.6 mm thick, tropical wood outer ply, not mahogany face ply, not surface covered beyond clear or transparent, nesoi",New,Guatemala,
4412.31.52,"Plywood sheets not over 6 mm thick, tropical wood nesoi outer ply, with face ply nesoi, not surface covered beyond clear or transparent",New,Guatemala,
4412.31.61,"Plywood sheets not over 6 mm thick, with certain specified tropical wood outer ply, surface covered beyond clear or transparent",New,Guatemala,
4412.31.92,"Plywood sheets not over 6 mm thick, tropical wood nesoi at least one outer ply, surface covered beyond clear or transparent",New,Guatemala,
4412.41.00,Laminated veneered lumber with outer ply of tropical wood,New,Guatemala,
4412.51.10,"Blockboard, laminboard and battenboard of plywood nesoi, outer ply of tropical wood, not surface covered beyond clear or transparent, with face ply of birch",New,Guatemala,
4412.51.31,"Blockboard, laminboard and battenboard of plywood nesoi, outer ply of tropical wood, not surface covered beyond clear or transparent, not with face ply of birch",New,Guatemala,
4412.51.41,"Blockboard, laminboard and battenboard of plywood nesoi, outer ply of tropical wood, surface covered other than clear or transparent",New,Guatemala,
4412.51.51,"Blockboard, laminboard and battenboard other than of plywood nesoi, outer ply of tropical wood",New,Guatemala,
4412.91.06,"Not blockboard, laminboard or battenboard, outer ply of tropical wood, containing particle board",New,Guatemala,
4412.91.10,"Not blockboard, laminboard or battenboard, plywood with outer ply of tropical wood, no particle board, not surface covered beyond clear or transparent, with face ply of birch",New,Guatemala,
4412.91.31,"Not blockboard, laminboard or battenboard, plywood with outer ply of tropical wood, no particle board, not",New,Guatemala,
4412.91.41,"Not blockboard, laminboard or battenboard, plywood with outer ply of tropical wood, surface covered beyond clear or transparent",New,Guatemala,
4412.91.51,"Not blockboard, laminboard or battenboard, veneered panels and similar laminated wood with outer ply of tropical wood, nesoi",New,Guatemala,
4501.10.00,"Natural cork, raw or simply prepared",New,Guatemala,
4501.90.20,Waste cork,New,Guatemala,
4501.90.40,"Crushed, granulated or ground cork",New,Guatemala,
4502.00.00,"Natural cork, debacked or roughly squared or in rectangular blocks, plates, sheets or strip (including sharp-edged blanks for corks or stoppers)",New,Guatemala,
4503.10.20,"Corks and stoppers of natural cork, tapered and of a thickness (or length) greater than the maximum diameter, not over 19mm maximum diameter",New,Guatemala,
4503.10.30,"Corks and stoppers wholly of natural cork, tapered and of a thickness (or length) greater than the maximum diameter, over 19mm maximum diameter",New,Guatemala,
4503.10.40,"Corks and stoppers of natural cork, tapered and of a thickness (or length) greater than the maximum diameter, over 19mm maximum diameter, nesoi",New,Guatemala,
4503.10.60,"Corks and stoppers of natural cork, of a thickness (or length) not greater than the maximum diameter",New,Guatemala,
4503.90.20,"Disks, wafers and washers of natural cork",New,Guatemala,
4503.90.40,"Natural cork wallcoverings, backed with paper or otherwise reinforced",New,Guatemala,
4503.90.60,"Articles of natural cork, other than corks and stoppers",New,Guatemala,
4504.10.10,Vulcanized sheets and slabs wholly of agglomerated ground or pulverized cork and rubber,New,Guatemala,
4504.10.20,"Insulation of compressed agglomerated cork, coated or not coated",New,Guatemala,
4504.10.30,Floor coverings of agglomerated cork,New,Guatemala,
4504.10.40,"Agglomerated cork wallcoverings, backed with paper or otherwise reinforced",New,Guatemala,
4504.10.45,"Agglomerated cork stoppers, not tapered, wholly of cork, of a thickness (or length) greater than the maximum diameter",New,Guatemala,
4504.10.47,"Corks, stoppers, disks, wafers and washers of agglomerated cork, nesoi",New,Guatemala,
4504.10.50,"Blocks, plates, sheets and strip; tiles of any shape; solid cylinder; all the foregoing of cork; all the foregoing, nesoi",New,Guatemala,
4504.90.00,"Agglomerated cork and articles of cork, nesoi",Existing,Guatemala,
4601.22.40,"Woven or partly assembled materials of rattan for mats, matting and screens",New,Guatemala,
4601.22.80,Rattan floor coverings,New,Guatemala,
4601.22.90,"Mats, matting and screens of rattan, nesoi",New,Guatemala,
4601.29.40,"Woven or partly assembled materials of willow for mats, matting and screens",New,Guatemala,
4601.93.01,"Rattan webbing for mats, matting and screens",New,Guatemala,
4601.93.05,"Plaits of rattan and similar products of such plaiting materials, whether or not assembled into strips",New,Guatemala,
4601.93.20,Products of rattan other than plaits and similar products such as plaiting materials.,New,Guatemala,
4602.12.05,Fishing baskets or creels made from rattan,New,Guatemala,
4602.12.14,Baskets and bags of rattan wickerwork,New,Guatemala,
4602.12.16,Baskets and bags of rattan other than wickerwork,New,Guatemala,
4602.12.23,"Articles of a kind normally carried in the pocket or in the handbag, of rattan",New,Guatemala,
4602.12.25,"Luggage, handbags and flat goods, whether or not lined, of rattan, nesoi",New,Guatemala,
4602.12.35,"Articles of wickerwork, nesoi, of rattan",New,Guatemala,
4602.12.45,"Basketwork and other articles, nesoi, of rattan",New,Guatemala,
5004.00.00,"Silk yarns (other than yarn spun from silk waste), not put up for retail sale",New,Guatemala,
5005.00.00,"Yarn spun from silk waste, not put up for retail sale",New,Guatemala,
5006.00.10,"Spun yarn, containing 85 percent or more by weight of silk, put up for retail sale; silkworm gut",New,Guatemala,
5006.00.90,"Spun silk yarn, containing less than 85 percent by weight of silk, put up for retail sale",New,Guatemala,
5007.10.30,"Woven fabrics of noil silk, containing 85 percent or more by weight of silk or silk waste",New,Guatemala,
5007.10.60,"Woven fabrics of noil silk, containing less than 85 percent by weight of silk or silk waste",New,Guatemala,
5007.20.00,"Woven fabrics containing 85 percent or more by weight of silk or silk waste, other than noil silk",New,Guatemala,
5007.90.30,"Woven silk fabrics, containing 85 percent or more by weight of silk or silk waste, nesoi",New,Guatemala,
7101.10.30,"Natural pearls, graded and temporarily strung for convenience of transport",New,Guatemala,
7101.10.60,"Natural pearls, not strung, mounted or set",New,Guatemala,
7102.10.00,"Diamonds, unsorted, whether or not worked",New,Guatemala,
7102.31.00,"Nonindustrial diamonds, unworked or simply sawn, cleaved or bruted",New,Guatemala,
7102.39.00,"Nonindustrial diamonds, worked, but not mounted or set",New,Guatemala,
7103.10.20,"Precious stones (other than diamonds) and semiprecious stones, unworked",New,Guatemala,
7103.10.40,"Precious stones (other than diamonds) and semiprecious stones, simply sawn or roughly shaped",New,Guatemala,
7103.91.00,"Rubies, sapphires and emeralds, worked, whether or not graded, but not strung, mounted or set",New,Guatemala,
7103.99.10,"Precious or semiprecious stones, nesoi, cut but not set, suitable for use in the manufacture of jewelry",New,Guatemala,
7103.99.50,"Precious or semiprecious stones, nesoi, worked, whether or not graded, but not strung, mounted or set",New,Guatemala,
7205.10.00,"Pig iron, spiegeleisen, and iron or steel granules",New,Guatemala,
8112.92.07,"Waste and scrap of gallium, germanium, indium, niobium, or vanadium",New,Guatemala,
0106.11.00,Live Primates,New,El Salvador,
0106.20.00,Live reptiles (including snakes and turtles),New,El Salvador,
0106.31.00,Live birds of prey,New,El Salvador,
0106.32.00,"Live psittaciformes birds (including parrots, parakeets, macaws and cockatoos)",New,El Salvador,
0604.20.00,"Fresh foliage, branches, and other parts of plants, without flowers or buds, suitable for bouquets or ornamental purposes",New,El Salvador,
0604.90.60,"Other than fresh, bleached or dried: Foliage, branches, parts of plants and grasses, suitable for bouquets or ornamental purposes, except mosses and lichen",New,El Salvador,
1212.21.00,"Seaweeds and other algae, fresh, chilled, frozen or dried, whether or not ground, fit for human consumption",New,El Salvador,
1212.29.00,"Seaweeds and other algae, fresh, chilled, frozen or dried, whether or not ground, other than for human consumption",New,El Salvador,
1301.20.00,Gum Arabic,New,El Salvador,
1302.19.91,"Aloe, Tasmanian pepper, coconut and centella",New,El Salvador,Ex
1302.32.00,"Mucilages and thickeners, whether or not modified, derived from locust beans, locust bean seeds or guar seeds",New,El Salvador,
1404.90.30,Istle of a kind used primarily in brooms or brushes,New,El Salvador,
1511.10.00,"Palm oil, crude, and its fractions, whether or not refined, not chemically modified",New,El Salvador,
1513.29.00,"Palm kernel oil or babassu oil, other than crude, and their fractions, whether or not refined, but not chemically modified",New,El Salvador,
1515.30.00,"Castor oil and its fractions, whether or not refined, but not chemically modified",New,El Salvador,
2306.50.00,"Oilcake and other solid residues, resulting from the extraction of vegetable fats or oils, of coconut or copra",New,El Salvador,
3301.30.00,Resinoids,New,El Salvador,
3823.11.00,Stearic acid,New,El Salvador,
3823.12.00,Oleic acid,New,El Salvador,
4403.41.00,"Wood in the rough or roughly squared, of Dark Red Meranti, Light Red Meranti or Meranti Bakau, not treated with paint, stain, creosote, or other preservatives",New,El Salvador,
4409.22.05,"Nonconiferous tropical wood continuously shaped along any ends, whether or not also continuously shaped along any edges or faces",New,El Salvador,
4409.22.10,"Nonconiferous tropical wood siding, whether or not continuously shaped along its edges or faces but not its ends",New,El Salvador,
4409.22.25,"Nonconiferous tropical wood flooring, whether or not continuously shaped along its edges or faces but not its ends",New,El Salvador,
4409.22.40,"Nonconiferous tropical wood standard moldings, whether or not continuously shaped along its edges or faces but not its ends",New,El Salvador,
4409.22.50,"Other nonconiferous tropical wood moldings, whether or not continuously shaped along its edges or faces but not its ends",New,El Salvador,
4409.22.60,"Plain nonconiferous tropical wood dowel rods, whether or not continuously shaped along its edges or faces but not its ends",New,El Salvador,
4409.22.65,"Nonconiferous tropical wood dowel rods, sanded, grooved or otherwise advanced in condition, whether",New,El Salvador,
4409.22.90,"Other nonconiferous tropical wood, whether or not continuously shaped along its edges or faces but not its ends",New,El Salvador,
4412.31.06,"Plywood sheets not over 6 mm thick, tropical wood outer ply, birch face ply, not surface covered beyond clear or transparent",New,El Salvador,
4412.31.26,"Plywood sheets not over 6 mm thick, tropical wood outer ply, Spanish cedar or walnut face ply, not surface covered beyond clear or transparent",New,El Salvador,
4412.31.42,"Plywood sheets not over 6 mm thick, tropical wood outer ply, with mahogany face ply, not surface covered beyond clear or transparent",New,El Salvador,
4412.31.45,"Plywood sheets not over 3.6 mm thick, exceeding 1.2 m width and 2.2 m length, tropical wood outer ply, not mahogany face ply, not surface covered beyond clear or transparent",New,El Salvador,
4412.31.48,"Plywood sheets not over 3.6 mm thick, tropical wood outer ply, not mahogany face ply, not surface covered beyond clear or transparent, nesoi",New,El Salvador,
4412.31.52,"Plywood sheets not over 6 mm thick, tropical wood nesoi outer ply, with face ply nesoi, not surface covered beyond clear or transparent",New,El Salvador,
4412.31.61,"Plywood sheets not over 6 mm thick, with certain specified tropical wood outer ply, surface covered beyond clear or transparent",New,El Salvador,
4412.31.92,"Plywood sheets not over 6 mm thick, tropical wood nesoi at least one outer ply, surface covered beyond clear or transparent",New,El Salvador,
4412.41.00,Laminated veneered lumber with outer ply of tropical wood,New,El Salvador,
4412.51.10,"Blockboard, laminboard and battenboard of plywood nesoi, outer ply of tropical wood, not surface covered beyond clear or transparent, with face ply of birch",New,El Salvador,
4412.51.31,"Blockboard, laminboard and battenboard of plywood nesoi, outer ply of tropical wood, not surface covered beyond clear or transparent, not with face ply of birch",New,El Salvador,
4412.51.41,"Blockboard, laminboard and battenboard of plywood nesoi, outer ply of tropical wood, surface covered other than clear or transparent",New,El Salvador,
4412.51.51,"Blockboard, laminboard and battenboard other than of plywood nesoi, outer ply of tropical wood",New,El Salvador,
4412.91.06,"Not blockboard, laminboard or battenboard, outer ply of tropical wood, containing particle board",New,El Salvador,
4412.91.10,"Not blockboard, laminboard or battenboard, plywood with outer ply of tropical wood, no particle board, not surface covered beyond clear or transparent, with face ply of birch",New,El Salvador,
4412.91.31,"Not blockboard, laminboard or battenboard, plywood with outer ply of tropical wood, no particle board, not surface covered beyond clear or transparent, not with face ply of birch",New,El Salvador,
4412.91.41,"Not blockboard, laminboard or battenboard, plywood with outer ply of tropical wood, surface covered beyond clear or transparent",New,El Salvador,
4412.91.51,"Not blockboard, laminboard or battenboard, veneered panels and similar laminated wood with outer ply of tropical wood, nesoi",New,El Salvador,
4501.10.00,"Natural cork, raw or simply prepared",New,El Salvador,
4501.90.20,Waste cork,New,El Salvador,
4501.90.40,"Crushed, granulated or ground cork",New,El Salvador,
4502.00.00,"Natural cork, debacked or roughly squared or in rectangular blocks, plates, sheets or strip (including sharp-edged blanks for corks or stoppers)",New,El Salvador,
4503.10.20,"Corks and stoppers of natural cork, tapered and of a thickness (or length) greater than the maximum diameter, not over 19mm maximum diameter",New,El Salvador,
4503.10.30,"Corks and stoppers wholly of natural cork, tapered and of a thickness (or length) greater than the maximum diameter, over 19mm maximum diameter",New,El Salvador,
4503.10.40,"Corks and stoppers of natural cork, tapered and of a thickness (or length) greater than the maximum diameter, over 19mm maximum diameter, nesoi",New,El Salvador,
4503.10.60,"Corks and stoppers of natural cork, of a thickness (or length) not greater than the maximum diameter",New,El Salvador,
4503.90.20,"Disks, wafers and washers of natural cork",New,El Salvador,
4503.90.40,"Natural cork wallcoverings, backed with paper or otherwise reinforced",New,El Salvador,
4503.90.60,"Articles of natural cork, other than corks and stoppers",New,El Salvador,
4504.10.10,Vulcanized sheets and slabs wholly of agglomerated ground or pulverized cork and rubber,New,El Salvador,
4504.10.20,"Insulation of compressed agglomerated cork, coated or not coated",New,El Salvador,
4504.10.30,Floor coverings of agglomerated cork,New,El Salvador,
4504.10.40,"Agglomerated cork wallcoverings, backed with paper or otherwise reinforced",New,El Salvador,
4504.10.45,"Agglomerated cork stoppers, not tapered, wholly of cork, of a thickness (or length) greater than the maximum diameter",New,El Salvador,
4504.10.47,"Corks, stoppers, disks, wafers and washers of agglomerated cork, nesoi",New,El Salvador,
4504.10.50,"Blocks, plates, sheets and strip; tiles of any shape; solid cylinder; all the foregoing of cork; all the foregoing, nesoi",New,El Salvador,
4504.90.00,"Agglomerated cork and articles of cork, nesoi",Existing,El Salvador,
4601.22.40,"Woven or partly assembled materials of rattan for mats, matting and screens",New,El Salvador,
4601.22.80,Rattan floor coverings,New,El Salvador,
4601.22.90,"Mats, matting and screens of rattan, nesoi",New,El Salvador,
4601.29.40,"Woven or partly assembled materials of willow for mats, matting and screens",New,El Salvador,
4601.93.01,"Rattan webbing for mats, matting and screens",New,El Salvador,
4601.93.05,"Plaits of rattan and similar products of such plaiting materials, whether or not assembled into strips",New,El Salvador,
4601.93.20,Products of rattan other than plaits and similar products such as plaiting materials.,New,El Salvador,
4602.12.05,Fishing baskets or creels made from rattan,New,El Salvador,
4602.12.14,Baskets and bags of rattan wickerwork,New,El Salvador,
4602.12.16,Baskets and bags of rattan other than wickerwork,New,El Salvador,
4602.12.23,"Articles of a kind normally carried in the pocket or in the handbag, of rattan",New,El Salvador,
4602.12.25,"Luggage, handbags and flat goods, whether or not lined, of rattan, nesoi",New,El Salvador,
4602.12.35,"Articles of wickerwork, nesoi, of rattan",New,El Salvador,
4602.12.45,"Basketwork and other articles, nesoi, of rattan",New,El Salvador,
5004.00.00,"Silk yarns (other than yarn spun from silk waste), not put up for retail sale",New,El Salvador,
5005.00.00,"Yarn spun from silk waste, not put up for retail sale",New,El Salvador,
5006.00.10,"Spun yarn, containing 85 percent or more by weight of silk, put up for retail sale; silkworm gut",New,El Salvador,
5006.00.90,"Spun silk yarn, containing less than 85 percent by weight of silk, put up for retail sale",New,El Salvador,
5007.10.30,"Woven fabrics of noil silk, containing 85 percent or more by weight of silk or silk waste",New,El Salvador,
5007.10.60,"Woven fabrics of noil silk, containing less than 85 percent by weight of silk or silk waste",New,El Salvador,
5007.20.00,"Woven fabrics containing 85 percent or more by weight of silk or silk waste, other than noil silk",New,El Salvador,
5007.90.30,"Woven silk fabrics, containing 85 percent or more by weight of silk or silk waste, nesoi",New,El Salvador,
7101.10.30,"Natural pearls, graded and temporarily strung for convenience of transport",New,El Salvador,
7101.10.60,"Natural pearls, not strung, mounted or set",New,El Salvador,
7102.10.00,"Diamonds, unsorted, whether or not worked",New,El Salvador,
7102.31.00,"Nonindustrial diamonds, unworked or simply sawn, cleaved or bruted",New,El Salvador,
7102.39.00,"Nonindustrial diamonds, worked, but not mounted or set",New,El Salvador,
7103.10.20,"Precious stones (other than diamonds) and semiprecious stones, unworked",New,El Salvador,
7103.10.40,"Precious stones (other than diamonds) and semiprecious stones, simply sawn or roughly shaped",New,El Salvador,
7103.91.00,"Rubies, sapphires and emeralds, worked, whether or not graded, but not strung, mounted or set",New,El Salvador,
7103.99.10,"Precious or semiprecious stones, nesoi, cut but not set, suitable for use in the manufacture of jewelry",New,El Salvador,
7103.99.50,"Precious or semiprecious stones, nesoi, worked, whether or not graded, but not strung, mounted or set",New,El Salvador,
7205.10.00,"Pig iron, spiegeleisen, and iron or steel granules",New,El Salvador,
8112.92.07,"Waste and scrap of gallium, germanium, indium, niobium, or vanadium",New,El Salvador,
0106.19.91,"Live mammals, nesoi",New,Argentina,
0106.39.01,"Live birds, other than poultry, birds of prey or psittaciformes birds",New,Argentina,
0510.00.40,Cantharides; bile; glands and other animal products nesoi used in pharmaceutical products,New,Argentina,
0603.19.01,"Fresh cut, anthuriums, alstroemeria, gypsophilia, lilies, snapdragons and other flowers nesoi",New,Argentina,
1211.90.89,Psyllium seed husks,New,Argentina,Ex
1212.29.00,"Seaweeds and other algae, fresh, chilled, frozen or dried, whether or not ground, other than for human consumption",New,Argentina,
1302.19.91,"Aloe, Tasmanian pepper, coconut and centella",New,Argentina,Ex
1401.10.00,"Bamboos, of a kind used primarily for plaiting",New,Argentina,
1401.20.20,"Rattans, in the rough or cut transversely into sections, of a kind used primarily for plaiting",New,Argentina,
1515.90.60,"Jojoba oil and its fractions, whether or not refined, not chemically modified",New,Argentina,
1515.90.81,Argan oil,New,Argentina,Ex
2102.20.60,"Single-cell micro-organisms, dead, excluding yeasts (but not including vaccines of heading 3002)",New,Argentina,
3301.19.51,"Essential oils of citrus fruit, other, nesoi",New,Argentina,
4403.41.00,"Wood in the rough or roughly squared, of Dark Red Meranti, Light Red Meranti or Meranti Bakau, not treated with paint, stain, creosote, or other preservatives",New,Argentina,
4409.22.05,"Nonconiferous tropical wood continuously shaped along any ends, whether or not also continuously shaped along any edges or faces",New,Argentina,
4409.22.10,"Nonconiferous tropical wood siding, whether or not continuously shaped along its edges or faces but not its ends",New,Argentina,
4409.22.25,"Nonconiferous tropical wood flooring, whether or not continuously shaped along its edges or faces but not its ends",New,Argentina,
4409.22.40,"Nonconiferous tropical wood standard moldings, whether or not continuously shaped along its edges or faces but not its ends",New,Argentina,
4409.22.50,"Other nonconiferous tropical wood moldings, whether or not continuously shaped along its edges or faces but not its ends",New,Argentina,
4409.22.60,"Plain nonconiferous tropical wood dowel rods, whether or not continuously shaped along its edges or faces but not its ends",New,Argentina,
4409.22.65,"Nonconiferous tropical wood dowel rods, sanded, grooved or otherwise advanced in condition, whether or not continuously shaped along its edges or faces but not its ends",New,Argentina,
4409.22.90,"Other nonconiferous tropical wood, whether or not continuously shaped along its edges or faces but not its ends",New,Argentina,
4412.31.06,"Plywood sheets not over 6 mm thick, tropical wood outer ply, birch face ply, not surface covered beyond clear or transparent",New,Argentina,
4412.31.26,"Plywood sheets not over 6 mm thick, tropical wood outer ply, Spanish cedar or walnut face ply, not surface covered beyond clear or transparent",New,Argentina,
4412.31.42,"Plywood sheets not over 6 mm thick, tropical wood outer ply, with mahogany face ply, not surface covered beyond clear or transparent",New,Argentina,
4412.31.45,"Plywood sheets not over 3.6 mm thick, exceeding 1.2 m width and 2.2 m length, tropical wood outer ply, not mahogany face ply, not surface covered beyond clear or transparent",New,Argentina,
4412.31.48,"Plywood sheets not over 3.6 mm thick, tropical wood outer ply, not mahogany face ply, not surface covered beyond clear or transparent, nesoi",New,Argentina,
4412.31.52,"Plywood sheets not over 6 mm thick, tropical wood nesoi outer ply, with face ply nesoi, not surface covered beyond clear or transparent",New,Argentina,
4412.31.61,"Plywood sheets not over 6 mm thick, with certain specified tropical wood outer ply, surface covered beyond clear or transparent",New,Argentina,
4412.31.92,"Plywood sheets not over 6 mm thick, tropical wood nesoi at least one outer ply, surface covered beyond clear or transparent",New,Argentina,
4412.41.00,Laminated veneered lumber with outer ply of tropical wood,New,Argentina,
4412.51.10,"Blockboard, laminboard and battenboard of plywood nesoi, outer ply of tropical wood, not surface covered beyond clear or transparent, with face ply of birch",New,Argentina,
4412.51.31,"Blockboard, laminboard and battenboard of plywood nesoi, outer ply of tropical wood, not surface covered beyond clear or transparent, not with face ply of birch",New,Argentina,
4412.51.41,"Blockboard, laminboard and battenboard of plywood nesoi, outer ply of tropical wood, surface covered other than clear or transparent",New,Argentina,
4412.51.51,"Blockboard, laminboard and battenboard other than of plywood nesoi, outer ply of tropical wood",New,Argentina,
4412.91.06,"Not blockboard, laminboard or battenboard, outer ply of tropical wood, containing particle board",New,Argentina,
4412.91.10,"Not blockboard, laminboard or battenboard, plywood with outer ply of tropical wood, no particle board, not",New,Argentina,
4412.91.31,"Not blockboard, laminboard or battenboard, plywood with outer ply of tropical wood, no particle board, not surface covered beyond clear or transparent, not with face ply of birch",New,Argentina,
4412.91.41,"Not blockboard, laminboard or battenboard, plywood with outer ply of tropical wood, surface covered beyond clear or transparent",New,Argentina,
4412.91.51,"Not blockboard, laminboard or battenboard, veneered panels and similar laminated wood with outer ply of tropical wood, nesoi",New,Argentina,
4501.10.00,"Natural cork, raw or simply prepared",New,Argentina,
4501.90.20,Waste cork,New,Argentina,
4501.90.40,"Crushed, granulated or ground cork",New,Argentina,
4502.00.00,"Natural cork, debacked or roughly squared or in rectangular blocks, plates, sheets or strip (including sharp-edged blanks for corks or stoppers)",New,Argentina,
4503.10.20,"Corks and stoppers of natural cork, tapered and of a thickness (or length) greater than the maximum diameter, not over 19mm maximum diameter",New,Argentina,
4503.10.30,"Corks and stoppers wholly of natural cork, tapered and of a thickness (or length) greater than the maximum diameter, over 19mm maximum diameter",New,Argentina,
4503.10.40,"Corks and stoppers of natural cork, tapered and of a thickness (or length) greater than the maximum diameter, over 19mm maximum diameter, nesoi",New,Argentina,
4503.10.60,"Corks and stoppers of natural cork, of a thickness (or length) not greater than the maximum diameter",New,Argentina,
4503.90.20,"Disks, wafers and washers of natural cork",New,Argentina,
4503.90.40,"Natural cork wallcoverings, backed with paper or otherwise reinforced",New,Argentina,
4503.90.60,"Articles of natural cork, other than corks and stoppers",New,Argentina,
4504.10.10,Vulcanized sheets and slabs wholly of agglomerated ground or pulverized cork and rubber,New,Argentina,
4504.10.20,"Insulation of compressed agglomerated cork, coated or not coated",New,Argentina,
4504.10.30,Floor coverings of agglomerated cork,New,Argentina,
4504.10.40,"Agglomerated cork wallcoverings, backed with paper or otherwise reinforced",New,Argentina,
4504.10.45,"Agglomerated cork stoppers, not tapered, wholly of cork, of a thickness (or length) greater than the maximum diameter",New,Argentina,
4504.10.47,"Corks, stoppers, disks, wafers and washers of agglomerated cork, nesoi",New,Argentina,
4504.10.50,"Blocks, plates, sheets and strip; tiles of any shape; solid cylinder; all the foregoing of cork; all the foregoing, nesoi",New,Argentina,
4504.90.00,"Agglomerated cork and articles of cork, nesoi",Existing,Argentina,
4601.22.40,"Woven or partly assembled materials of rattan for mats, matting and screens",New,Argentina,
4601.22.80,Rattan floor coverings,New,Argentina,
4601.22.90,"Mats, matting and screens of rattan, nesoi",New,Argentina,
4601.29.40,"Woven or partly assembled materials of willow for mats, matting and screens",New,Argentina,
4601.93.01,"Rattan webbing for mats, matting and screens",New,Argentina,
4601.93.05,"Plaits of rattan and similar products of such plaiting materials, whether or not assembled into strips",New,Argentina,
4601.93.20,Products of rattan other than plaits and similar products such as plaiting materials.,New,Argentina,
4602.12.05,Fishing baskets or creels made from rattan,New,Argentina,
4602.12.14,Baskets and bags of rattan wickerwork,New,Argentina,
4602.12.16,Baskets and bags of rattan other than wickerwork,New,Argentina,
4602.12.23,"Articles of a kind normally carried in the pocket or in the handbag, of rattan",New,Argentina,
4602.12.25,"Luggage, handbags and flat goods, whether or not lined, of rattan, nesoi",New,Argentina,
4602.12.35,"Articles of wickerwork, nesoi, of rattan",New,Argentina,
4602.12.45,"Basketwork and other articles, nesoi, of rattan",New,Argentina,
5004.00.00,"Silk yarns (other than yarn spun from silk waste), not put up for retail sale",New,Argentina,
5005.00.00,"Yarn spun from silk waste, not put up for retail sale",New,Argentina,
5006.00.10,"Spun yarn, containing 85 percent or more by weight of silk, put up for retail sale; silkworm gut",New,Argentina,
5006.00.90,"Spun silk yarn, containing less than 85 percent by weight of silk, put up for retail sale",New,Argentina,
5007.10.30,"Woven fabrics of noil silk, containing 85 percent or more by weight of silk or silk waste",New,Argentina,
5007.10.60,"Woven fabrics of noil silk, containing less than 85 percent by weight of silk or silk waste",New,Argentina,
5007.20.00,"Woven fabrics containing 85 percent or more by weight of silk or silk waste, other than noil silk",New,Argentina,
5007.90.30,"Woven silk fabrics, containing 85 percent or more by weight of silk or silk waste, nesoi",New,Argentina,
7101.10.30,"Natural pearls, graded and temporarily strung for convenience of transport",New,Argentina,
7101.10.60,"Natural pearls, not strung, mounted or set",New,Argentina,
7102.10.00,"Diamonds, unsorted, whether or not worked",New,Argentina,
7102.31.00,"Nonindustrial diamonds, unworked or simply sawn, cleaved or bruted",New,Argentina,
7102.39.00,"Nonindustrial diamonds, worked, but not mounted or set",New,Argentina,
7103.10.20,"Precious stones (other than diamonds) and semiprecious stones, unworked",New,Argentina,
7103.10.40,"Precious stones (other than diamonds) and semiprecious stones, simply sawn or roughly shaped",New,Argentina,
7103.91.00,"Rubies, sapphires and emeralds, worked, whether or not graded, but not strung, mounted or set",New,Argentina,
7103.99.10,"Precious or semiprecious stones, nesoi, cut but not set, suitable for use in the manufacture of jewelry",New,Argentina,
7103.99.50,"Precious or semiprecious stones, nesoi, worked, whether or not graded, but not strung, mounted or set",New,Argentina,
7205.10.00,"Pig iron, spiegeleisen, and iron or steel granules",New,Argentina,
8112.92.07,"Waste and scrap of gallium, germanium, indium, niobium, or vanadium",New,Argentina,
0604.90.30,"Dried or bleached foliage, branches, and other parts of plants for bouquets or ornamental purposes, except mosses and lichens",New,Bangladesh,
1211.90.89,Psyllium seed husks,New,Bangladesh,Ex
1212.94.00,Chicory roots,New,Bangladesh,
1401.10.00,"Bamboos, of a kind used primarily for plaiting",New,Bangladesh,
1515.30.00,"Castor oil and its fractions, whether or not refined, but not chemically modified",New,Bangladesh,
1515.90.81,Argan oil,New,Bangladesh,Ex
2102.20.60,"Single-cell micro-organisms, dead, excluding yeasts (but not including vaccines of heading 3002)",New,Bangladesh,
4403.41.00,"Wood in the rough or roughly squared, of Dark Red Meranti, Light Red Meranti or Meranti Bakau, not treated with paint, stain, creosote, or other preservatives",New,Bangladesh,
4409.22.05,"Nonconiferous tropical wood continuously shaped along any ends, whether or not also continuously shaped along any edges or faces",New,Bangladesh,
4409.22.10,"Nonconiferous tropical wood siding, whether or not continuously shaped along its edges or faces but not its ends",New,Bangladesh,
4409.22.25,"Nonconiferous tropical wood flooring, whether or not continuously shaped along its edges or faces but not its ends",New,Bangladesh,
4409.22.40,"Nonconiferous tropical wood standard moldings, whether or not continuously shaped along its edges or faces but not its ends",New,Bangladesh,
4409.22.50,"Other nonconiferous tropical wood moldings, whether or not continuously shaped along its edges or faces but not its ends",New,Bangladesh,
4409.22.60,"Plain nonconiferous tropical wood dowel rods, whether or not continuously shaped along its edges or faces but not its ends",New,Bangladesh,
4409.22.65,"Nonconiferous tropical wood dowel rods, sanded, grooved or otherwise advanced in condition, whether or not continuously shaped along its edges or faces but not its ends",New,Bangladesh,
4409.22.90,"Other nonconiferous tropical wood, whether or not continuously shaped along its edges or faces but not its ends",New,Bangladesh,
4412.31.06,"Plywood sheets not over 6 mm thick, tropical wood outer ply, birch face ply, not surface covered beyond clear or transparent",New,Bangladesh,
4412.31.26,"Plywood sheets not over 6 mm thick, tropical wood outer ply, Spanish cedar or walnut face ply, not surface covered beyond clear or transparent",New,Bangladesh,
4412.31.42,"Plywood sheets not over 6 mm thick, tropical wood outer ply, with mahogany face ply, not surface covered beyond clear or transparent",New,Bangladesh,
4412.31.45,"Plywood sheets not over 3.6 mm thick, exceeding 1.2 m width and 2.2 m length, tropical wood outer ply, not mahogany face ply, not surface covered beyond clear or transparent",New,Bangladesh,
4412.31.48,"Plywood sheets not over 3.6 mm thick, tropical wood outer ply, not mahogany face ply, not surface covered beyond clear or transparent, nesoi",New,Bangladesh,
4412.31.52,"Plywood sheets not over 6 mm thick, tropical wood nesoi outer ply, with face ply nesoi, not surface covered beyond clear or transparent",New,Bangladesh,
4412.31.61,"Plywood sheets not over 6 mm thick, with certain specified tropical wood outer ply, surface covered beyond clear or transparent",New,Bangladesh,
4412.31.92,"Plywood sheets not over 6 mm thick, tropical wood nesoi at least one outer ply, surface covered beyond clear or transparent",New,Bangladesh,
4412.41.00,Laminated veneered lumber with outer ply of tropical wood,New,Bangladesh,
4412.51.10,"Blockboard, laminboard and battenboard of plywood nesoi, outer ply of tropical wood, not surface covered beyond clear or transparent, with face ply of birch",New,Bangladesh,
4412.51.31,"Blockboard, laminboard and battenboard of plywood nesoi, outer ply of tropical wood, not surface covered beyond clear or transparent, not with face ply of birch",New,Bangladesh,
4412.51.41,"Blockboard, laminboard and battenboard of plywood nesoi, outer ply of tropical wood, surface covered other than clear or transparent",New,Bangladesh,
4412.51.51,"Blockboard, laminboard and battenboard other than of plywood nesoi, outer ply of tropical wood",New,Bangladesh,
4412.91.06,"Not blockboard, laminboard or battenboard, outer ply of tropical wood, containing particle board",New,Bangladesh,
4412.91.10,"Not blockboard, laminboard or battenboard, plywood with outer ply of tropical wood, no particle board, not surface covered beyond clear or transparent, with face ply of birch",New,Bangladesh,
4412.91.31,"Not blockboard, laminboard or battenboard, plywood with outer ply of tropical wood, no particle board, not surface covered beyond clear or transparent, not with face ply of birch",New,Bangladesh,
4412.91.41,"Not blockboard, laminboard or battenboard, plywood with outer ply of tropical wood, surface covered beyond clear or transparent",New,Bangladesh,
4412.91.51,"Not blockboard, laminboard or battenboard, veneered panels and similar laminated wood with outer ply of tropical wood, nesoi",New,Bangladesh,
4501.10.00,"Natural cork, raw or simply prepared",New,Bangladesh,
4501.90.20,Waste cork,New,Bangladesh,
4501.90.40,"Crushed, granulated or ground cork",New,Bangladesh,
4502.00.00,"Natural cork, debacked or roughly squared or in rectangular blocks, plates, sheets or strip (including sharp-edged blanks for corks or stoppers)",New,Bangladesh,
4503.10.20,"Corks and stoppers of natural cork, tapered and of a thickness (or length) greater than the maximum diameter, not over 19mm maximum diameter",New,Bangladesh,
4503.10.30,"Corks and stoppers wholly of natural cork, tapered and of a thickness (or length) greater than the maximum diameter, over 19mm maximum diameter",New,Bangladesh,
4503.10.40,"Corks and stoppers of natural cork, tapered and of a thickness (or length) greater than the maximum diameter, over 19mm maximum diameter, nesoi",New,Bangladesh,
4503.10.60,"Corks and stoppers of natural cork, of a thickness (or length) not greater than the maximum diameter",New,Bangladesh,
4503.90.20,"Disks, wafers and washers of natural cork",New,Bangladesh,
4503.90.40,"Natural cork wallcoverings, backed with paper or otherwise reinforced",New,Bangladesh,
4503.90.60,"Articles of natural cork, other than corks and stoppers",New,Bangladesh,
4504.10.10,Vulcanized sheets and slabs wholly of agglomerated ground or pulverized cork and rubber,New,Bangladesh,
4504.10.20,"Insulation of compressed agglomerated cork, coated or not coated",New,Bangladesh,
4504.10.30,Floor coverings of agglomerated cork,New,Bangladesh,
4504.10.40,"Agglomerated cork wallcoverings, backed with paper or otherwise reinforced",New,Bangladesh,
4504.10.45,"Agglomerated cork stoppers, not tapered, wholly of cork, of a thickness (or length) greater than the maximum diameter",New,Bangladesh,
4504.10.47,"Corks, stoppers, disks, wafers and washers of agglomerated cork, nesoi",New,Bangladesh,
4504.10.50,"Blocks, plates, sheets and strip; tiles of any shape; solid cylinder; all the foregoing of cork; all the foregoing, nesoi",New,Bangladesh,
4504.90.00,"Agglomerated cork and articles of cork, nesoi",Existing,Bangladesh,
4601.22.40,"Woven or partly assembled materials of rattan for mats, matting and screens",New,Bangladesh,
4601.22.80,Rattan floor coverings,New,Bangladesh,
4601.22.90,"Mats, matting and screens of rattan, nesoi",New,Bangladesh,
4601.29.40,"Woven or partly assembled materials of willow for mats, matting and screens",New,Bangladesh,
4601.93.01,"Rattan webbing for mats, matting and screens",New,Bangladesh,
4601.93.05,"Plaits of rattan and similar products of such plaiting materials, whether or not assembled into strips",New,Bangladesh,
4601.93.20,Products of rattan other than plaits and similar products such as plaiting materials.,New,Bangladesh,
4602.12.05,Fishing baskets or creels made from rattan,New,Bangladesh,
4602.12.14,Baskets and bags of rattan wickerwork,New,Bangladesh,
4602.12.16,Baskets and bags of rattan other than wickerwork,New,Bangladesh,
4602.12.23,"Articles of a kind normally carried in the pocket or in the handbag, of rattan",New,Bangladesh,
4602.12.25,"Luggage, handbags and flat goods, whether or not lined, of rattan, nesoi",New,Bangladesh,
4602.12.35,"Articles of wickerwork, nesoi, of rattan",New,Bangladesh,
4602.12.45,"Basketwork and other articles, nesoi, of rattan",New,Bangladesh,
5004.00.00,"Silk yarns (other than yarn spun from silk waste), not put up for retail sale",New,Bangladesh,
5005.00.00,"Yarn spun from silk waste, not put up for retail sale",New,Bangladesh,
5006.00.10,"Spun yarn, containing 85 percent or more by weight of silk, put up for retail sale; silkworm gut",New,Bangladesh,
5006.00.90,"Spun silk yarn, containing less than 85 percent by weight of silk, put up for retail sale",New,Bangladesh,
5007.10.30,"Woven fabrics of noil silk, containing 85 percent or more by weight of silk or silk waste",New,Bangladesh,
5007.10.60,"Woven fabrics of noil silk, containing less than 85 percent by weight of silk or silk waste",New,Bangladesh,
5007.20.00,"Woven fabrics containing 85 percent or more by weight of silk or silk waste, other than noil silk",New,Bangladesh,
5007.90.30,"Woven silk fabrics, containing 85 percent or more by weight of silk or silk waste, nesoi",New,Bangladesh,
7101.10.30,"Natural pearls, graded and temporarily strung for convenience of transport",New,Bangladesh,
7101.10.60,"Natural pearls, not strung, mounted or set",New,Bangladesh,
7102.10.00,"Diamonds, unsorted, whether or not worked",New,Bangladesh,
7102.31.00,"Nonindustrial diamonds, unworked or simply sawn, cleaved or bruted",New,Bangladesh,
7102.39.00,"Nonindustrial diamonds, worked, but not mounted or set",New,Bangladesh,
7103.10.20,"Precious stones (other than diamonds) and semiprecious stones, unworked",New,Bangladesh,
7103.10.40,"Precious stones (other than diamonds) and semiprecious stones, simply sawn or roughly shaped",New,Bangladesh,
7103.91.00,"Rubies, sapphires and emeralds, worked, whether or not graded, but not strung, mounted or set",New,Bangladesh,
7103.99.10,"Precious or semiprecious stones, nesoi, cut but not set, suitable for use in the manufacture of jewelry",New,Bangladesh,
7103.99.50,"Precious or semiprecious stones, nesoi, worked, whether or not graded, but not strung, mounted or set",New,Bangladesh,
7205.10.00,"Pig iron, spiegeleisen, and iron or steel granules",New,Bangladesh,
8112.92.07,"Waste and scrap of gallium, germanium, indium, niobium, or vanadium",New,Bangladesh,
0106.19.91,"Live mammals, nesoi",New,Taiwan,
0106.20.00,Live reptiles (including snakes and turtles),New,Taiwan,
0106.90.01,"Live animals other than mammals, reptiles, insects, and birds",New,Taiwan,
0601.10.90,"Bulbs, tubers, tuberous roots, corms, crowns and rhizomes, nesoi, dormant",New,Taiwan,
0602.90.20,Live orchid plants,New,Taiwan,
0603.11.00,"Sweetheart, spray and other roses, fresh cut",New,Taiwan,
0603.12.30,"Miniature (spray) carnations, fresh cut",New,Taiwan,
0603.12.70,"Other Carnations, fresh cut",New,Taiwan,
0603.13.00,"Orchids, fresh cut",New,Taiwan,
0603.14.00,"Chrysanthemums, fresh cut",New,Taiwan,
0603.15.00,Fresh cut lilies (Lillium spp.),New,Taiwan,
0603.19.01,"Fresh cut, anthuriums, alstroemeria, gypsophilia, lilies, snapdragons and other flowers nesoi",New,Taiwan,
0604.20.00,"Fresh foliage, branches, and other parts of plants, without flowers or buds, suitable for bouquets or ornamental purposes",New,Taiwan,
0604.90.10,Mosses and lichens suitable for bouquets or ornamental purposes,New,Taiwan,
0604.90.30,"Dried or bleached foliage, branches, and other parts of plants for bouquets or ornamental purposes, except mosses and lichens",New,Taiwan,
0604.90.60,"Other than fresh, bleached or dried: Foliage, branches, parts of plants and grasses, suitable for",New,Taiwan,
1211.90.89,Psyllium seed husks,New,Taiwan,Ex
1212.21.00,"Seaweeds and other algae, fresh, chilled, frozen or dried, whether or not ground, fit for human consumption",New,Taiwan,
1212.29.00,"Seaweeds and other algae, fresh, chilled, frozen or dried, whether or not ground, other than for human consumption",New,Taiwan,
1301.90.91,Boswellia,New,Taiwan,Ex
1302.19.91,"Aloe, Tasmanian pepper, coconut and centella",New,Taiwan,Ex
1302.31.00,Agar-agar,New,Taiwan,
1401.10.00,"Bamboos, of a kind used primarily for plaiting",New,Taiwan,
1511.90.00,"Palm oil, other than crude, and its fractions, whether or not refined, but not chemically modified",New,Taiwan,
1515.90.81,Argan oil,New,Taiwan,Ex
2102.20.60,"Single-cell micro-organisms, dead, excluding yeasts (but not including vaccines of heading 3002)",New,Taiwan,
3301.19.51,"Essential oils of citrus fruit, other, nesoi",New,Taiwan,
3301.29.10,Essential oils of eucalyptus,New,Taiwan,
3301.30.00,Resinoids,New,Taiwan,
3823.11.00,Stearic acid,New,Taiwan,
3823.12.00,Oleic acid,New,Taiwan,
3823.19.20,"Industrial monocarboxylic fatty acids or acid oils from refining derived from coconut, palm-kernel, or palm oil",New,Taiwan,
3823.70.40,"Industrial fatty alcohols, other than oleyl, derived from fatty substances of animal or vegetable origin",New,Taiwan,
4403.41.00,"Wood in the rough or roughly squared, of Dark Red Meranti, Light Red Meranti or Meranti Bakau, not treated with paint, stain, creosote, or other preservatives",New,Taiwan,
4409.22.05,"Nonconiferous tropical wood continuously shaped along any ends, whether or not also continuously shaped along any edges or faces",New,Taiwan,
4409.22.10,"Nonconiferous tropical wood siding, whether or not continuously shaped along its edges or faces but not its ends",New,Taiwan,
4409.22.25,"Nonconiferous tropical wood flooring, whether or not continuously shaped along its edges or faces but not its ends",New,Taiwan,
4409.22.40,"Nonconiferous tropical wood standard moldings, whether or not continuously shaped along its edges or faces but not its ends",New,Taiwan,
4409.22.50,"Other nonconiferous tropical wood moldings, whether or not continuously shaped along its edges or faces but not its ends",New,Taiwan,
4409.22.60,"Plain nonconiferous tropical wood dowel rods, whether or not continuously shaped along its edges or faces but not its ends",New,Taiwan,
4409.22.65,"Nonconiferous tropical wood dowel rods, sanded, grooved or otherwise advanced in condition, whether or not continuously shaped along its edges or faces but not its ends",New,Taiwan,
4409.22.90,"Other nonconiferous tropical wood, whether or not continuously shaped along its edges or faces but not its ends",New,Taiwan,
4412.31.06,"Plywood sheets not over 6 mm thick, tropical wood outer ply, birch face ply, not surface covered beyond clear or transparent",New,Taiwan,
4412.31.26,"Plywood sheets not over 6 mm thick, tropical wood outer ply, Spanish cedar or walnut face ply, not surface covered beyond clear or transparent",New,Taiwan,
4412.31.42,"Plywood sheets not over 6 mm thick, tropical wood outer ply, with mahogany face ply, not surface covered beyond clear or transparent",New,Taiwan,
4412.31.45,"Plywood sheets not over 3.6 mm thick, exceeding 1.2 m width and 2.2 m length, tropical wood outer ply, not mahogany face ply, not surface covered beyond clear or transparent",New,Taiwan,
4412.31.48,"Plywood sheets not over 3.6 mm thick, tropical wood outer ply, not mahogany face ply, not surface covered beyond clear or transparent, nesoi",New,Taiwan,
4412.31.52,"Plywood sheets not over 6 mm thick, tropical wood nesoi outer ply, with face ply nesoi, not surface covered beyond clear or transparent",New,Taiwan,
4412.31.61,"Plywood sheets not over 6 mm thick, with certain specified tropical wood outer ply, surface covered beyond clear or transparent",New,Taiwan,
4412.31.92,"Plywood sheets not over 6 mm thick, tropical wood nesoi at least one outer ply, surface covered beyond clear or transparent",New,Taiwan,
4412.41.00,Laminated veneered lumber with outer ply of tropical wood,New,Taiwan,
4412.51.10,"Blockboard, laminboard and battenboard of plywood nesoi, outer ply of tropical wood, not surface covered beyond clear or transparent, with face ply of birch",New,Taiwan,
4412.51.31,"Blockboard, laminboard and battenboard of plywood nesoi, outer ply of tropical wood, not surface covered beyond clear or transparent, not with face ply of birch",New,Taiwan,
4412.51.41,"Blockboard, laminboard and battenboard of plywood nesoi, outer ply of tropical wood, surface covered other than clear or transparent",New,Taiwan,
4412.51.51,"Blockboard, laminboard and battenboard other than of plywood nesoi, outer ply of tropical wood",New,Taiwan,
4412.91.06,"Not blockboard, laminboard or battenboard, outer ply of tropical wood, containing particle board",New,Taiwan,
4412.91.10,"Not blockboard, laminboard or battenboard, plywood with outer ply of tropical wood, no particle board, not surface covered beyond clear or transparent, with face ply of birch",New,Taiwan,
4412.91.31,"Not blockboard, laminboard or battenboard, plywood with outer ply of tropical wood, no particle board, not surface covered beyond clear or transparent, not with face ply of birch",New,Taiwan,
4412.91.41,"Not blockboard, laminboard or battenboard, plywood with outer ply of tropical wood, surface covered beyond clear or transparent",New,Taiwan,
4412.91.51,"Not blockboard, laminboard or battenboard, veneered panels and similar laminated wood with outer ply of tropical wood, nesoi",New,Taiwan,
4501.10.00,"Natural cork, raw or simply prepared",New,Taiwan,
4501.90.20,Waste cork,New,Taiwan,
4501.90.40,"Crushed, granulated or ground cork",New,Taiwan,
4502.00.00,"Natural cork, debacked or roughly squared or in rectangular blocks, plates, sheets or strip (including sharp-edged blanks for corks or stoppers)",New,Taiwan,
4503.10.20,"Corks and stoppers of natural cork, tapered and of a thickness (or length) greater than the maximum diameter, not over 19mm maximum diameter",New,Taiwan,
4503.10.30,"Corks and stoppers wholly of natural cork, tapered and of a thickness (or length) greater than the maximum diameter, over 19mm maximum diameter",New,Taiwan,
4503.10.40,"Corks and stoppers of natural cork, tapered and of a thickness (or length) greater than the maximum diameter, over 19mm maximum diameter, nesoi",New,Taiwan,
4503.10.60,"Corks and stoppers of natural cork, of a thickness (or length) not greater than the maximum diameter",New,Taiwan,
4503.90.20,"Disks, wafers and washers of natural cork",New,Taiwan,
4503.90.40,"Natural cork wallcoverings, backed with paper or otherwise reinforced",New,Taiwan,
4503.90.60,"Articles of natural cork, other than corks and stoppers",New,Taiwan,
4504.10.10,Vulcanized sheets and slabs wholly of agglomerated ground or pulverized cork and rubber,New,Taiwan,
4504.10.20,"Insulation of compressed agglomerated cork, coated or not coated",New,Taiwan,
4504.10.30,Floor coverings of agglomerated cork,New,Taiwan,
4504.10.40,"Agglomerated cork wallcoverings, backed with paper or otherwise reinforced",New,Taiwan,
4504.10.45,"Agglomerated cork stoppers, not tapered, wholly of cork, of a thickness (or length) greater than the maximum diameter",New,Taiwan,
4504.10.47,"Corks, stoppers, disks, wafers and washers of agglomerated cork, nesoi",New,Taiwan,
4504.10.50,"Blocks, plates, sheets and strip; tiles of any shape; solid cylinder; all the foregoing of cork; all the foregoing, nesoi",New,Taiwan,
4504.90.00,"Agglomerated cork and articles of cork, nesoi",Existing,Taiwan,
4601.22.40,"Woven or partly assembled materials of rattan for mats, matting and screens",New,Taiwan,
4601.22.80,Rattan floor coverings,New,Taiwan,
4601.22.90,"Mats, matting and screens of rattan, nesoi",New,Taiwan,
4601.29.40,"Woven or partly assembled materials of willow for mats, matting and screens",New,Taiwan,
4601.93.01,"Rattan webbing for mats, matting and screens",New,Taiwan,
4601.93.05,"Plaits of rattan and similar products of such plaiting materials, whether or not assembled into strips",New,Taiwan,
4601.93.20,Products of rattan other than plaits and similar products such as plaiting materials.,New,Taiwan,
4602.12.05,Fishing baskets or creels made from rattan,New,Taiwan,
4602.12.14,Baskets and bags of rattan wickerwork,New,Taiwan,
4602.12.16,Baskets and bags of rattan other than wickerwork,New,Taiwan,
4602.12.23,"Articles of a kind normally carried in the pocket or in the handbag, of rattan",New,Taiwan,
4602.12.25,"Luggage, handbags and flat goods, whether or not lined, of rattan, nesoi",New,Taiwan,
4602.12.35,"Articles of wickerwork, nesoi, of rattan",New,Taiwan,
4602.12.45,"Basketwork and other articles, nesoi, of rattan",New,Taiwan,
5001.00.00,Silkworm cocoons suitable for reeling,New,Taiwan,
5002.00.00,Raw silk (not thrown),New,Taiwan,
5003.00.10,"Silk waste (including cocoons unsuitable for reeling, yarn waste and garnetted stock), not carded or combed",New,Taiwan,
5003.00.90,"Silk waste (including cocoons unsuitable for reeling, yarn waste and garnetted stock), carded or combed",New,Taiwan,
5004.00.00,"Silk yarns (other than yarn spun from silk waste), not put up for retail sale",New,Taiwan,
5005.00.00,"Yarn spun from silk waste, not put up for retail sale",New,Taiwan,
5006.00.10,"Spun yarn, containing 85 percent or more by weight of silk, put up for retail sale; silkworm gut",New,Taiwan,
5006.00.90,"Spun silk yarn, containing less than 85 percent by weight of silk, put up for retail sale",New,Taiwan,
5007.10.30,"Woven fabrics of noil silk, containing 85 percent or more by weight of silk or silk waste",New,Taiwan,
5007.10.60,"Woven fabrics of noil silk, containing less than 85 percent by weight of silk or silk waste",New,Taiwan,
5007.20.00,"Woven fabrics containing 85 percent or more by weight of silk or silk waste, other than noil silk",New,Taiwan,
5007.90.30,"Woven silk fabrics, containing 85 percent or more by weight of silk or silk waste, nesoi",New,Taiwan,
5102.11.90,"Fine hair of Kashmir (cashmere) goats, processed beyond the degreased or carbonized condition, not carded or combed",New,Taiwan,
7101.10.30,"Natural pearls, graded and temporarily strung for convenience of transport",New,Taiwan,
7101.10.60,"Natural pearls, not strung, mounted or set",New,Taiwan,
7102.10.00,"Diamonds, unsorted, whether or not worked",New,Taiwan,
7102.31.00,"Nonindustrial diamonds, unworked or simply sawn, cleaved or bruted",New,Taiwan,
7102.39.00,"Nonindustrial diamonds, worked, but not mounted or set",New,Taiwan,
7103.10.20,"Precious stones (other than diamonds) and semiprecious stones, unworked",New,Taiwan,
7103.10.40,"Precious stones (other than diamonds) and semiprecious stones, simply sawn or roughly shaped",New,Taiwan,
7103.91.00,"Rubies, sapphires and emeralds, worked, whether or not graded, but not strung, mounted or set",New,Taiwan,
7103.99.10,"Precious or semiprecious stones, nesoi, cut but not set, suitable for use in the manufacture of jewelry",New,Taiwan,
7103.99.50,"Precious or semiprecious stones, nesoi, worked, whether or not graded, but not strung, mounted or set",New,Taiwan,
7205.10.00,"Pig iron, spiegeleisen, and iron or steel granules",New,Taiwan,
8112.92.07,"Waste and scrap of gallium, germanium, indium, niobium, or vanadium",New,Taiwan,
0106.11.00,Live Primates,New,Indonesia,
0106.12.01,"Live whales, dolphins and porpoises; manatees and dugongs, seals, sea lions, and walruses",New,Indonesia,
0106.19.91,"Live mammals, nesoi",New,Indonesia,
0106.20.00,Live reptiles (including snakes and turtles),New,Indonesia,
0106.32.00,"Live psittaciformes birds (including parrots, parakeets, macaws and cockatoos)",New,Indonesia,
0106.39.01,"Live birds, other than poultry, birds of prey or psittaciformes birds",New,Indonesia,
0106.90.01,"Live animals other than mammals, reptiles, insects, and birds",New,Indonesia,
0208.50.00,"Meat and edible meat offal of reptiles, fresh, chilled or frozen",New,Indonesia,
0208.90.25,"Frog legs, fresh, chilled or frozen",New,Indonesia,
0410.10.00,Edible insects,New,Indonesia,
0501.00.00,"Human hair, unworked, whether or not washed or scoured; waste of human hair",New,Indonesia,
0510.00.40,Cantharides; bile; glands and other animal products nesoi used in pharmaceutical products,New,Indonesia,
0601.10.15,"Tulip bulbs, dormant",New,Indonesia,
0601.10.30,"Hyacinth bulbs, dormant",New,Indonesia,
0601.10.45,"Lily bulbs, dormant",New,Indonesia,
0601.10.60,"Narcissus bulbs, dormant",New,Indonesia,
0601.10.75,"Crocus corms, dormant",New,Indonesia,
0601.10.90,"Bulbs, tubers, tuberous roots, corms, crowns and rhizomes, nesoi, dormant",New,Indonesia,
0601.20.90,"Bulbs nesoi, tubers, tuberous roots, corms, crowns and rhizomes, in growth or in flower; chicory plants and roots",New,Indonesia,
0602.40.00,"Roses, grafted or not",New,Indonesia,
0602.90.20,Live orchid plants,New,Indonesia,
0602.90.30,"Live herbaceous perennials, other than orchid plants, with soil attached to roots",New,Indonesia,
0602.90.60,"Other live plants nesoi, with soil attached to roots",New,Indonesia,
0603.11.00,"Sweetheart, spray and other roses, fresh cut",New,Indonesia,
0603.12.30,"Miniature (spray) carnations, fresh cut",New,Indonesia,
0603.12.70,"Other Carnations, fresh cut",New,Indonesia,
0603.13.00,"Orchids, fresh cut",New,Indonesia,
0603.14.00,"Chrysanthemums, fresh cut",New,Indonesia,
0603.15.00,Fresh cut lilies (Lillium spp.),New,Indonesia,
0603.19.01,"Fresh cut, anthuriums, alstroemeria, gypsophilia, lilies, snapdragons and other flowers nesoi",New,Indonesia,
0603.90.00,"Cut flowers and flower buds, suitable for bouquets or ornamental purposes, dried, dyed, bleached, impregnated or otherwise prepared",New,Indonesia,
0604.20.00,"Fresh foliage, branches, and other parts of plants, without flowers or buds, suitable for bouquets or ornamental purposes",New,Indonesia,
0604.90.10,Mosses and lichens suitable for bouquets or ornamental purposes,New,Indonesia,
0604.90.30,"Dried or bleached foliage, branches, and other parts of plants for bouquets or ornamental purposes, except mosses and lichens",New,Indonesia,
0604.90.60,"Other than fresh, bleached or dried: Foliage, branches, parts of plants and grasses, suitable for bouquets or ornamental purposes, except mosses and lichen",New,Indonesia,
1207.10.00,Palm nuts and kernels,New,Indonesia,
1211.30.00,"Coca leaf, of a kind used in perfumery, in pharmacy or for insecticidal, fungicidal or similar purposes",New,Indonesia,
1211.90.60,"Tonka beans, of a kind used in perfumery, in pharmacy or for insecticidal, fungicidal or similar purposes",New,Indonesia,
1212.21.00,"Seaweeds and other algae, fresh, chilled, frozen or dried, whether or not ground, fit for human consumption",New,Indonesia,
1212.29.00,"Seaweeds and other algae, fresh, chilled, frozen or dried, whether or not ground, other than for human consumption",New,Indonesia,
1302.19.91,"Aloe, Tasmanian pepper, coconut and centella",New,Indonesia,Ex
1302.31.00,Agar-agar,New,Indonesia,
1302.32.00,"Mucilages and thickeners, whether or not modified, derived from locust beans, locust bean seeds or guar seeds",New,Indonesia,
1401.10.00,"Bamboos, of a kind used primarily for plaiting",New,Indonesia,
1401.20.20,"Rattans, in the rough or cut transversely into sections, of a kind used primarily for plaiting",New,Indonesia,
1401.20.40,"Rattans, other than those in the rough or cut transversely into sections, of a kind used primarily for plaiting",New,Indonesia,
1404.90.30,Istle of a kind used primarily in brooms or brushes,New,Indonesia,
1404.90.40,"Piassava, couch-grass and other vegetable materials nesoi, of a kind used primarily in brooms or brushes",New,Indonesia,
1511.10.00,"Palm oil, crude, and its fractions, whether or not refined, not chemically modified",New,Indonesia,
1511.90.00,"Palm oil, other than crude, and its fractions, whether or not refined, but not chemically modified",New,Indonesia,
1513.21.00,"Palm kernel oil or babassu oil, crude, and their fractions, not chemically modified",New,Indonesia,
1513.29.00,"Palm kernel oil or babassu oil, other than crude, and their fractions, whether or not refined, but not chemically modified",New,Indonesia,
1515.30.00,"Castor oil and its fractions, whether or not refined, but not chemically modified",New,Indonesia,
1515.90.21,"Nut oils, whether or not refined, not chemically modified",New,Indonesia,
1515.90.60,"Jojoba oil and its fractions, whether or not refined, not chemically modified",New,Indonesia,
2102.20.60,"Single-cell micro-organisms, dead, excluding yeasts (but not including vaccines of heading 3002)",New,Indonesia,
2306.50.00,"Oilcake and other solid residues, resulting from the extraction of vegetable fats or oils, of coconut or copra",New,Indonesia,
3301.19.51,"Essential oils of citrus fruit, other, nesoi",New,Indonesia,
3301.29.10,Essential oils of eucalyptus,New,Indonesia,
3301.30.00,Resinoids,New,Indonesia,
3823.11.00,Stearic acid,New,Indonesia,
3823.12.00,Oleic acid,New,Indonesia,
3823.19.20,"Industrial monocarboxylic fatty acids or acid oils from refining derived from coconut, palm-kernel, or palm oil",New,Indonesia,
3823.70.40,"Industrial fatty alcohols, other than oleyl, derived from fatty substances of animal or vegetable origin",New,Indonesia,
4403.41.00,"Wood in the rough or roughly squared, of Dark Red Meranti, Light Red Meranti or Meranti Bakau, not treated with paint, stain, creosote, or other preservatives",New,Indonesia,
4409.22.05,"Nonconiferous tropical wood continuously shaped along any ends, whether or not also continuously shaped along any edges or faces",New,Indonesia,
4409.22.10,"Nonconiferous tropical wood siding, whether or not continuously shaped along its edges or faces but not its ends",New,Indonesia,
4409.22.25,"Nonconiferous tropical wood flooring, whether or not continuously shaped along its edges or faces but not its ends",New,Indonesia,
4409.22.40,"Nonconiferous tropical wood standard moldings, whether or not continuously shaped along its edges or faces but not its ends",New,Indonesia,
4409.22.50,"Other nonconiferous tropical wood moldings, whether or not continuously shaped along its edges or faces but not its ends",New,Indonesia,
4409.22.60,"Plain nonconiferous tropical wood dowel rods, whether or not continuously shaped along its edges or faces but not its ends",New,Indonesia,
4409.22.65,"Nonconiferous tropical wood dowel rods, sanded, grooved or otherwise advanced in condition, whether or not continuously shaped along its edges or faces but not its ends",New,Indonesia,
4409.22.90,"Other nonconiferous tropical wood, whether or not continuously shaped along its edges or faces but not its ends",New,Indonesia,
4412.31.06,"Plywood sheets not over 6 mm thick, tropical wood outer ply, birch face ply, not surface covered beyond clear or transparent",New,Indonesia,
4412.31.26,"Plywood sheets not over 6 mm thick, tropical wood outer ply, Spanish cedar or walnut face ply, not surface covered beyond clear or transparent",New,Indonesia,
4412.31.42,"Plywood sheets not over 6 mm thick, tropical wood outer ply, with mahogany face ply, not surface covered beyond clear or transparent",New,Indonesia,
4412.31.45,"Plywood sheets not over 3.6 mm thick, exceeding 1.2 m width and 2.2 m length, tropical wood outer ply, not mahogany face ply, not surface covered beyond clear or transparent",New,Indonesia,
4412.31.48,"Plywood sheets not over 3.6 mm thick, tropical wood outer ply, not mahogany face ply, not surface covered beyond clear or transparent, nesoi",New,Indonesia,
4412.31.52,"Plywood sheets not over 6 mm thick, tropical wood nesoi outer ply, with face ply nesoi, not surface covered beyond clear or transparent",New,Indonesia,
4412.31.61,"Plywood sheets not over 6 mm thick, with certain specified tropical wood outer ply, surface covered beyond clear or transparent",New,Indonesia,
4412.31.92,"Plywood sheets not over 6 mm thick, tropical wood nesoi at least one outer ply, surface covered beyond clear or transparent",New,Indonesia,
4412.41.00,Laminated veneered lumber with outer ply of tropical wood,New,Indonesia,
4412.51.10,"Blockboard, laminboard and battenboard of plywood nesoi, outer ply of tropical wood, not surface covered beyond clear or transparent, with face ply of birch",New,Indonesia,
4412.51.31,"Blockboard, laminboard and battenboard of plywood nesoi, outer ply of tropical wood, not surface covered beyond clear or transparent, not with face ply of birch",New,Indonesia,
4412.51.41,"Blockboard, laminboard and battenboard of plywood nesoi, outer ply of tropical wood, surface covered other than clear or transparent",New,Indonesia,
4412.51.51,"Blockboard, laminboard and battenboard other than of plywood nesoi, outer ply of tropical wood",New,Indonesia,
4412.91.06,"Not blockboard, laminboard or battenboard, outer ply of tropical wood, containing particle board",New,Indonesia,
4412.91.10,"Not blockboard, laminboard or battenboard, plywood with outer ply of tropical wood, no particle board, not surface covered beyond clear or transparent, with face ply of birch",New,Indonesia,
4412.91.31,"Not blockboard, laminboard or battenboard, plywood with outer ply of tropical wood, no particle board, not surface covered beyond clear or transparent, not with face ply of birch",New,Indonesia,
4412.91.41,"Not blockboard, laminboard or battenboard, plywood with outer ply of tropical wood, surface covered beyond clear or transparent",New,Indonesia,
4412.91.51,"Not blockboard, laminboard or battenboard, veneered panels and similar laminated wood with outer ply of tropical wood, nesoi",New,Indonesia,
4501.10.00,"Natural cork, raw or simply prepared",New,Indonesia,
4501.90.20,Waste cork,New,Indonesia,
4501.90.40,"Crushed, granulated or ground cork",New,Indonesia,
4502.00.00,"Natural cork, debacked or roughly squared or in rectangular blocks, plates, sheets or strip (including sharp-edged blanks for corks or stoppers)",New,Indonesia,
4503.10.20,"Corks and stoppers of natural cork, tapered and of a thickness (or length) greater than the maximum diameter, not over 19mm maximum diameter",New,Indonesia,
4503.10.30,"Corks and stoppers wholly of natural cork, tapered and of a thickness (or length) greater than the maximum diameter, over 19mm maximum diameter",New,Indonesia,
4503.10.40,"Corks and stoppers of natural cork, tapered and of a thickness (or length) greater than the maximum diameter, over 19mm maximum diameter, nesoi",New,Indonesia,
4503.10.60,"Corks and stoppers of natural cork, of a thickness (or length) not greater than the maximum diameter",New,Indonesia,
4503.90.20,"Disks, wafers and washers of natural cork",New,Indonesia,
4503.90.40,"Natural cork wallcoverings, backed with paper or otherwise reinforced",New,Indonesia,
4503.90.60,"Articles of natural cork, other than corks and stoppers",New,Indonesia,
4504.10.10,Vulcanized sheets and slabs wholly of agglomerated ground or pulverized cork and rubber,New,Indonesia,
4504.10.20,"Insulation of compressed agglomerated cork, coated or not coated",New,Indonesia,
4504.10.30,Floor coverings of agglomerated cork,New,Indonesia,
4504.10.40,"Agglomerated cork wallcoverings, backed with paper or otherwise reinforced",New,Indonesia,
4504.10.45,"Agglomerated cork stoppers, not tapered, wholly of cork, of a thickness (or length) greater than the maximum diameter",New,Indonesia,
4504.10.47,"Corks, stoppers, disks, wafers and washers of agglomerated cork, nesoi",New,Indonesia,
4504.10.50,"Blocks, plates, sheets and strip; tiles of any shape; solid cylinder; all the foregoing of cork; all the foregoing, nesoi",New,Indonesia,
4504.90.00,"Agglomerated cork and articles of cork, nesoi",Existing,Indonesia,
4601.22.40,"Woven or partly assembled materials of rattan for mats, matting and screens",New,Indonesia,
4601.22.80,Rattan floor coverings,New,Indonesia,
4601.22.90,"Mats, matting and screens of rattan, nesoi",New,Indonesia,
4601.29.40,"Woven or partly assembled materials of willow for mats, matting and screens",New,Indonesia,
4601.93.01,"Rattan webbing for mats, matting and screens",New,Indonesia,
4601.93.05,"Plaits of rattan and similar products of such plaiting materials, whether or not assembled into strips",New,Indonesia,
4601.93.20,Products of rattan other than plaits and similar products such as plaiting materials.,New,Indonesia,
4602.12.05,Fishing baskets or creels made from rattan,New,Indonesia,
4602.12.14,Baskets and bags of rattan wickerwork,New,Indonesia,
4602.12.16,Baskets and bags of rattan other than wickerwork,New,Indonesia,
4602.12.23,"Articles of a kind normally carried in the pocket or in the handbag, of rattan",New,Indonesia,
4602.12.25,"Luggage, handbags and flat goods, whether or not lined, of rattan, nesoi",New,Indonesia,
4602.12.35,"Articles of wickerwork, nesoi, of rattan",New,Indonesia,
4602.12.45,"Basketwork and other articles, nesoi, of rattan",New,Indonesia,
5001.00.00,Silkworm cocoons suitable for reeling,New,Indonesia,
5002.00.00,Raw silk (not thrown),New,Indonesia,
5003.00.10,"Silk waste (including cocoons unsuitable for reeling, yarn waste and garnetted stock), not carded or combed",New,Indonesia,
5003.00.90,"Silk waste (including cocoons unsuitable for reeling, yarn waste and garnetted stock), carded or combed",New,Indonesia,
5004.00.00,"Silk yarns (other than yarn spun from silk waste), not put up for retail sale",New,Indonesia,
5005.00.00,"Yarn spun from silk waste, not put up for retail sale",New,Indonesia,
5006.00.10,"Spun yarn, containing 85 percent or more by weight of silk, put up for retail sale; silkworm gut",New,Indonesia,
5006.00.90,"Spun silk yarn, containing less than 85 percent by weight of silk, put up for retail sale",New,Indonesia,
5007.10.30,"Woven fabrics of noil silk, containing 85 percent or more by weight of silk or silk waste",New,Indonesia,
5007.10.60,"Woven fabrics of noil silk, containing less than 85 percent by weight of silk or silk waste",New,Indonesia,
5007.20.00,"Woven fabrics containing 85 percent or more by weight of silk or silk waste, other than noil silk",New,Indonesia,
5007.90.30,"Woven silk fabrics, containing 85 percent or more by weight of silk or silk waste, nesoi",New,Indonesia,
7101.10.30,"Natural pearls, graded and temporarily strung for convenience of transport",New,Indonesia,
7101.10.60,"Natural pearls, not strung, mounted or set",New,Indonesia,
7102.10.00,"Diamonds, unsorted, whether or not worked",New,Indonesia,
7102.31.00,"Nonindustrial diamonds, unworked or simply sawn, cleaved or bruted",New,Indonesia,
7102.39.00,"Nonindustrial diamonds, worked, but not mounted or set",New,Indonesia,
7103.10.20,"Precious stones (other than diamonds) and semiprecious stones, unworked",New,Indonesia,
7103.10.40,"Precious stones (other than diamonds) and semiprecious stones, simply sawn or roughly shaped",New,Indonesia,
7103.91.00,"Rubies, sapphires and emeralds, worked, whether or not graded, but not strung, mounted or set",New,Indonesia,
7103.99.10,"Precious or semiprecious stones, nesoi, cut but not set, suitable for use in the manufacture of jewelry",New,Indonesia,
7103.99.50,"Precious or semiprecious stones, nesoi, worked, whether or not graded, but not strung, mounted or set",New,Indonesia,
7205.10.00,"Pig iron, spiegeleisen, and iron or steel granules",New,Indonesia,
8112.92.07,"Waste and scrap of gallium, germanium, indium, niobium, or vanadium",New,Indonesia,
0106.11.00,Live Primates,New,Ecuador,
0106.12.01,"Live whales, dolphins and porpoises; manatees and dugongs, seals, sea lions, and walruses",New,Ecuador,
0106.19.91,"Live mammals, nesoi",New,Ecuador,
0106.20.00,Live reptiles (including snakes and turtles),New,Ecuador,
0106.31.00,Live birds of prey,New,Ecuador,
0106.32.00,"Live psittaciformes birds (including parrots, parakeets, macaws and cockatoos)",New,Ecuador,
0106.39.01,"Live birds, other than poultry, birds of prey or psittaciformes birds",New,Ecuador,
0106.90.01,"Live animals other than mammals, reptiles, insects, and birds",New,Ecuador,
0208.50.00,"Meat and edible meat offal of reptiles, fresh, chilled or frozen",New,Ecuador,
0208.90.25,"Frog legs, fresh, chilled or frozen",New,Ecuador,
0302.31.00,"Albacore or longfinned tunas, fresh or chilled, excluding fillets, other meat portions, livers and roes",New,Ecuador,
0302.32.00,"Yellowfin tunas, fresh or chilled, excluding fillets, other meat portions, livers and roes",New,Ecuador,
0304.87.00,Frozen tuna fillets,New,Ecuador,
0410.10.00,Edible insects,New,Ecuador,
0501.00.00,"Human hair, unworked, whether or not washed or scoured; waste of human hair",New,Ecuador,
0510.00.40,Cantharides; bile; glands and other animal products nesoi used in pharmaceutical products,New,Ecuador,
0601.10.15,"Tulip bulbs, dormant",New,Ecuador,
0601.10.30,"Hyacinth bulbs, dormant",New,Ecuador,
0601.10.45,"Lily bulbs, dormant",New,Ecuador,
0601.10.60,"Narcissus bulbs, dormant",New,Ecuador,
0601.10.75,"Crocus corms, dormant",New,Ecuador,
0601.10.90,"Bulbs, tubers, tuberous roots, corms, crowns and rhizomes, nesoi, dormant",New,Ecuador,
0601.20.90,"Bulbs nesoi, tubers, tuberous roots, corms, crowns and rhizomes, in growth or in flower; chicory plants and roots",New,Ecuador,
0602.40.00,"Roses, grafted or not",New,Ecuador,
0602.90.20,Live orchid plants,New,Ecuador,
0602.90.30,"Live herbaceous perennials, other than orchid plants, with soil attached to roots",New,Ecuador,
0602.90.60,"Other live plants nesoi, with soil attached to roots",New,Ecuador,
0603.11.00,"Sweetheart, spray and other roses, fresh cut",New,Ecuador,
0603.12.30,"Miniature (spray) carnations, fresh cut",New,Ecuador,
0603.12.70,"Other Carnations, fresh cut",New,Ecuador,
0603.13.00,"Orchids, fresh cut",New,Ecuador,
0603.14.00,"Chrysanthemums, fresh cut",New,Ecuador,
0603.15.00,Fresh cut lilies (Lillium spp.),New,Ecuador,
0603.19.01,"Fresh cut, anthuriums, alstroemeria, gypsophilia, lilies, snapdragons and other flowers nesoi",New,Ecuador,
0603.90.00,"Cut flowers and flower buds, suitable for bouquets or ornamental purposes, dried, dyed, bleached, impregnated or otherwise prepared",New,Ecuador,
0604.20.00,"Fresh foliage, branches, and other parts of plants, without flowers or buds, suitable for bouquets or ornamental purposes",New,Ecuador,
0604.90.10,Mosses and lichens suitable for bouquets or ornamental purposes,New,Ecuador,
0604.90.30,"Dried or bleached foliage, branches, and other parts of plants for bouquets or ornamental purposes, except mosses and lichens",New,Ecuador,
0604.90.60,"Other than fresh, bleached or dried: Foliage, branches, parts of plants and grasses, suitable for bouquets or ornamental purposes, except mosses and lichen",New,Ecuador,
1207.10.00,Palm nuts and kernels,New,Ecuador,
1211.30.00,"Coca leaf, of a kind used in perfumery, in pharmacy or for insecticidal, fungicidal or similar purposes",New,Ecuador,
1211.60.00,Bark of African cherry (Prunus Africana),New,Ecuador,
1211.90.60,"Tonka beans, of a kind used in perfumery, in pharmacy or for insecticidal, fungicidal or similar purposes",New,Ecuador,
1212.21.00,"Seaweeds and other algae, fresh, chilled, frozen or dried, whether or not ground, fit for human consumption",New,Ecuador,
1212.29.00,"Seaweeds and other algae, fresh, chilled, frozen or dried, whether or not ground, other than for human consumption",New,Ecuador,
1212.94.00,Chicory roots,New,Ecuador,
1302.19.91,"Aloe, Tasmanian pepper, coconut and centella",New,Ecuador,Ex
1302.31.00,Agar-agar,New,Ecuador,
1401.10.00,"Bamboos, of a kind used primarily for plaiting",New,Ecuador,
1401.20.20,"Rattans, in the rough or cut transversely into sections, of a kind used primarily for plaiting",New,Ecuador,
1401.20.40,"Rattans, other than those in the rough or cut transversely into sections, of a kind used primarily for plaiting",New,Ecuador,
1404.90.40,"Piassava, couch-grass and other vegetable materials nesoi, of a kind used primarily in brooms or brushes",New,Ecuador,
1511.10.00,"Palm oil, crude, and its fractions, whether or not refined, not chemically modified",New,Ecuador,
1511.90.00,"Palm oil, other than crude, and its fractions, whether or not refined, but not chemically modified",New,Ecuador,
1513.21.00,"Palm kernel oil or babassu oil, crude, and their fractions, not chemically modified",New,Ecuador,
1513.29.00,"Palm kernel oil or babassu oil, other than crude, and their fractions, whether or not refined, but not chemically modified",New,Ecuador,
1515.30.00,"Castor oil and its fractions, whether or not refined, but not chemically modified",New,Ecuador,
1515.90.21,"Nut oils, whether or not refined, not chemically modified",New,Ecuador,
1515.90.60,"Jojoba oil and its fractions, whether or not refined, not chemically modified",New,Ecuador,
1604.14.40,"Tunas and skipjack, not in airtight containers, not in oil, in bulk or in immediate containers weighing with contents over 6.8 kg each",New,Ecuador,
2101.30.00,"Roasted chicory and other roasted coffee substitutes and extracts, essences and concentrates thereof",New,Ecuador,
2102.20.60,"Single-cell micro-organisms, dead, excluding yeasts (but not including vaccines of heading 3002)",New,Ecuador,
2306.50.00,"Oilcake and other solid residues, resulting from the extraction of vegetable fats or oils, of coconut or copra",New,Ecuador,
2933.49.08,"4,7-Dichloroquinoline",Existing,Ecuador,
3301.19.51,"Essential oils of citrus fruit, other, nesoi",New,Ecuador,
3301.29.10,Essential oils of eucalyptus,New,Ecuador,
3301.30.00,Resinoids,New,Ecuador,
3823.11.00,Stearic acid,New,Ecuador,
3823.12.00,Oleic acid,New,Ecuador,
3823.19.20,"Industrial monocarboxylic fatty acids or acid oils from refining derived from coconut, palm-kernel, or palm oil",New,Ecuador,
3823.70.40,"Industrial fatty alcohols, other than oleyl, derived from fatty substances of animal or vegetable origin",New,Ecuador,
4403.41.00,"Wood in the rough or roughly squared, of Dark Red Meranti, Light Red Meranti or Meranti Bakau, not treated with paint, stain, creosote, or other preservatives",New,Ecuador,
4409.22.05,"Nonconiferous tropical wood continuously shaped along any ends, whether or not also continuously shaped along any edges or faces",New,Ecuador,
4409.22.10,"Nonconiferous tropical wood siding, whether or not continuously shaped along its edges or faces but not its ends",New,Ecuador,
4409.22.25,"Nonconiferous tropical wood flooring, whether or not continuously shaped along its edges or faces but not its ends",New,Ecuador,
4409.22.40,"Nonconiferous tropical wood standard moldings, whether or not continuously shaped along its edges or faces but not its ends",New,Ecuador,
4409.22.50,"Other nonconiferous tropical wood moldings, whether or not continuously shaped along its edges or faces but not its ends",New,Ecuador,
4409.22.60,"Plain nonconiferous tropical wood dowel rods, whether or not continuously shaped along its edges or faces but not its ends",New,Ecuador,
4409.22.65,"Nonconiferous tropical wood dowel rods, sanded, grooved or otherwise advanced in condition, whether or not continuously shaped along its edges or faces but not its ends",New,Ecuador,
4409.22.90,"Other nonconiferous tropical wood, whether or not continuously shaped along its edges or faces but not its ends",New,Ecuador,
4412.31.06,"Plywood sheets not over 6 mm thick, tropical wood outer ply, birch face ply, not surface covered beyond clear or transparent",New,Ecuador,
4412.31.26,"Plywood sheets not over 6 mm thick, tropical wood outer ply, Spanish cedar or walnut face ply, not surface covered beyond clear or transparent",New,Ecuador,
4412.31.42,"Plywood sheets not over 6 mm thick, tropical wood outer ply, with mahogany face ply, not surface covered beyond clear or transparent",New,Ecuador,
4412.31.45,"Plywood sheets not over 3.6 mm thick, exceeding 1.2 m width and 2.2 m length, tropical wood outer ply, not mahogany face ply, not surface covered beyond clear or transparent",New,Ecuador,
4412.31.48,"Plywood sheets not over 3.6 mm thick, tropical wood outer ply, not mahogany face ply, not surface covered beyond clear or transparent, nesoi",New,Ecuador,
4412.31.52,"Plywood sheets not over 6 mm thick, tropical wood nesoi outer ply, with face ply nesoi, not surface covered beyond clear or transparent",New,Ecuador,
4412.31.61,"Plywood sheets not over 6 mm thick, with certain specified tropical wood outer ply, surface covered beyond clear or transparent",New,Ecuador,
4412.31.92,"Plywood sheets not over 6 mm thick, tropical wood nesoi at least one outer ply, surface covered beyond clear or transparent",New,Ecuador,
4412.41.00,Laminated veneered lumber with outer ply of tropical wood,New,Ecuador,
4412.51.10,"Blockboard, laminboard and battenboard of plywood nesoi, outer ply of tropical wood, not surface covered beyond clear or transparent, with face ply of birch",New,Ecuador,
4412.51.31,"Blockboard, laminboard and battenboard of plywood nesoi, outer ply of tropical wood, not surface covered beyond clear or transparent, not with face ply of birch",New,Ecuador,
4412.51.41,"Blockboard, laminboard and battenboard of plywood nesoi, outer ply of tropical wood, surface covered other than clear or transparent",New,Ecuador,
4412.51.51,"Blockboard, laminboard and battenboard other than of plywood nesoi, outer ply of tropical wood",New,Ecuador,
4412.91.06,"Not blockboard, laminboard or battenboard, outer ply of tropical wood, containing particle board",New,Ecuador,
4412.91.10,"Not blockboard, laminboard or battenboard, plywood with outer ply of tropical wood, no particle board, not surface covered beyond clear or transparent, with face ply of birch",New,Ecuador,
4412.91.31,"Not blockboard, laminboard or battenboard, plywood with outer ply of tropical wood, no particle board, not surface covered beyond clear or transparent, not with face ply of birch",New,Ecuador,
4412.91.41,"Not blockboard, laminboard or battenboard, plywood with outer ply of tropical wood, surface covered beyond clear or transparent",New,Ecuador,
4412.91.51,"Not blockboard, laminboard or battenboard, veneered panels and similar laminated wood with outer ply of tropical wood, nesoi",New,Ecuador,
4501.10.00,"Natural cork, raw or simply prepared",New,Ecuador,
4501.90.20,Waste cork,New,Ecuador,
4501.90.40,"Crushed, granulated or ground cork",New,Ecuador,
4502.00.00,"Natural cork, debacked or roughly squared or in rectangular blocks, plates, sheets or strip (including sharp-edged blanks for corks or stoppers)",New,Ecuador,
4503.10.20,"Corks and stoppers of natural cork, tapered and of a thickness (or length) greater than the maximum diameter, not over 19mm maximum diameter",New,Ecuador,
4503.10.30,"Corks and stoppers wholly of natural cork, tapered and of a thickness (or length) greater than the maximum diameter, over 19mm maximum diameter",New,Ecuador,
4503.10.40,"Corks and stoppers of natural cork, tapered and of a thickness (or length) greater than the maximum diameter, over 19mm maximum diameter, nesoi",New,Ecuador,
4503.10.60,"Corks and stoppers of natural cork, of a thickness (or length) not greater than the maximum diameter",New,Ecuador,
4503.90.20,"Disks, wafers and washers of natural cork",New,Ecuador,
4503.90.40,"Natural cork wallcoverings, backed with paper or otherwise reinforced",New,Ecuador,
4503.90.60,"Articles of natural cork, other than corks and stoppers",New,Ecuador,
4504.10.10,Vulcanized sheets and slabs wholly of agglomerated ground or pulverized cork and rubber,New,Ecuador,
4504.10.20,"Insulation of compressed agglomerated cork, coated or not coated",New,Ecuador,
4504.10.30,Floor coverings of agglomerated cork,New,Ecuador,
4504.10.40,"Agglomerated cork wallcoverings, backed with paper or otherwise reinforced",New,Ecuador,
4504.10.45,"Agglomerated cork stoppers, not tapered, wholly of cork, of a thickness (or length) greater than the maximum diameter",New,Ecuador,
4504.10.47,"Corks, stoppers, disks, wafers and washers of agglomerated cork, nesoi",New,Ecuador,
4504.10.50,"Blocks, plates, sheets and strip; tiles of any shape; solid cylinder; all the foregoing of cork; all the foregoing, nesoi",New,Ecuador,
4504.90.00,"Agglomerated cork and articles of cork, nesoi",Existing,Ecuador,
4601.22.40,"Woven or partly assembled materials of rattan for mats, matting and screens",New,Ecuador,
4601.22.80,Rattan floor coverings,New,Ecuador,
4601.22.90,"Mats, matting and screens of rattan, nesoi",New,Ecuador,
4601.29.40,"Woven or partly assembled materials of willow for mats, matting and screens",New,Ecuador,
4601.93.01,"Rattan webbing for mats, matting and screens",New,Ecuador,
4601.93.05,"Plaits of rattan and similar products of such plaiting materials, whether or not assembled into strips",New,Ecuador,
4601.93.20,Products of rattan other than plaits and similar products such as plaiting materials.,New,Ecuador,
4602.12.05,Fishing baskets or creels made from rattan,New,Ecuador,
4602.12.14,Baskets and bags of rattan wickerwork,New,Ecuador,
4602.12.16,Baskets and bags of rattan other than wickerwork,New,Ecuador,
4602.12.23,"Articles of a kind normally carried in the pocket or in the handbag, of rattan",New,Ecuador,
4602.12.25,"Luggage, handbags and flat goods, whether or not lined, of rattan, nesoi",New,Ecuador,
4602.12.35,"Articles of wickerwork, nesoi, of rattan",New,Ecuador,
4602.12.45,"Basketwork and other articles, nesoi, of rattan",New,Ecuador,
5004.00.00,"Silk yarns (other than yarn spun from silk waste), not put up for retail sale",New,Ecuador,
5005.00.00,"Yarn spun from silk waste, not put up for retail sale",New,Ecuador,
5006.00.10,"Spun yarn, containing 85 percent or more by weight of silk, put up for retail sale; silkworm gut",New,Ecuador,
5006.00.90,"Spun silk yarn, containing less than 85 percent by weight of silk, put up for retail sale",New,Ecuador,
5007.10.30,"Woven fabrics of noil silk, containing 85 percent or more by weight of silk or silk waste",New,Ecuador,
5007.10.60,"Woven fabrics of noil silk, containing less than 85 percent by weight of silk or silk waste",New,Ecuador,
5007.20.00,"Woven fabrics containing 85 percent or more by weight of silk or silk waste, other than noil silk",New,Ecuador,
5007.90.30,"Woven silk fabrics, containing 85 percent or more by weight of silk or silk waste, nesoi",New,Ecuador,
7101.10.30,"Natural pearls, graded and temporarily strung for convenience of transport",New,Ecuador,
7101.10.60,"Natural pearls, not strung, mounted or set",New,Ecuador,
7102.10.00,"Diamonds, unsorted, whether or not worked",New,Ecuador,
7102.31.00,"Nonindustrial diamonds, unworked or simply sawn, cleaved or bruted",New,Ecuador,
7102.39.00,"Nonindustrial diamonds, worked, but not mounted or set",New,Ecuador,
7103.10.20,"Precious stones (other than diamonds) and semiprecious stones, unworked",New,Ecuador,
7103.10.40,"Precious stones (other than diamonds) and semiprecious stones, simply sawn or roughly shaped",New,Ecuador,
7103.91.00,"Rubies, sapphires and emeralds, worked, whether or not graded, but not strung, mounted or set",New,Ecuador,
7103.99.10,"Precious or semiprecious stones, nesoi, cut but not set, suitable for use in the manufacture of jewelry",New,Ecuador,
7103.99.50,"Precious or semiprecious stones, nesoi, worked, whether or not graded, but not strung, mounted or set",New,Ecuador,
7205.10.00,"Pig iron, spiegeleisen, and iron or steel granules",New,Ecuador,
8112.92.07,"Waste and scrap of gallium, germanium, indium, niobium, or vanadium",New,Ecuador,
0106.13.00,Live camels and other camelids,New,Jordan,
0106.14.00,Live rabbits and hares,New,Jordan,
0106.19.30,Live foxes,New,Jordan,
0106.19.91,"Live mammals, nesoi",New,Jordan,
0106.20.00,Live reptiles (including snakes and turtles),New,Jordan,
0106.31.00,Live birds of prey,New,Jordan,
0106.32.00,"Live psittaciformes birds (including parrots, parakeets, macaws and cockatoos)",New,Jordan,
0106.39.01,"Live birds, other than poultry, birds of prey or psittaciformes birds",New,Jordan,
0106.90.01,"Live animals other than mammals, reptiles, insects, and birds",New,Jordan,
0410.10.00,Edible insects,New,Jordan,
0501.00.00,"Human hair, unworked, whether or not washed or scoured; waste of human hair",New,Jordan,
0510.00.40,Cantharides; bile; glands and other animal products nesoi used in pharmaceutical products,New,Jordan,
0601.10.15,"Tulip bulbs, dormant",New,Jordan,
0601.10.30,"Hyacinth bulbs, dormant",New,Jordan,
0601.10.45,"Lily bulbs, dormant",New,Jordan,
0601.10.60,"Narcissus bulbs, dormant",New,Jordan,
0601.10.75,"Crocus corms, dormant",New,Jordan,
0601.10.90,"Bulbs, tubers, tuberous roots, corms, crowns and rhizomes, nesoi, dormant",New,Jordan,
0601.20.90,"Bulbs nesoi, tubers, tuberous roots, corms, crowns and rhizomes, in growth or in flower; chicory plants and roots",New,Jordan,
0602.40.00,"Roses, grafted or not",New,Jordan,
0602.90.20,Live orchid plants,New,Jordan,
0602.90.30,"Live herbaceous perennials, other than orchid plants, with soil attached to roots",New,Jordan,
0602.90.60,"Other live plants nesoi, with soil attached to roots",New,Jordan,
0603.11.00,"Sweetheart, spray and other roses, fresh cut",New,Jordan,
0603.12.30,"Miniature (spray) carnations, fresh cut",New,Jordan,
0603.12.70,"Other Carnations, fresh cut",New,Jordan,
0603.13.00,"Orchids, fresh cut",New,Jordan,
0603.14.00,"Chrysanthemums, fresh cut",New,Jordan,
0603.15.00,Fresh cut lilies (Lillium spp.),New,Jordan,
0603.19.01,"Fresh cut, anthuriums, alstroemeria, gypsophilia, lilies, snapdragons and other flowers nesoi",New,Jordan,
0603.90.00,"Cut flowers and flower buds, suitable for bouquets or ornamental purposes, dried, dyed, bleached, impregnated or otherwise prepared",New,Jordan,
0604.20.00,"Fresh foliage, branches, and other parts of plants, without flowers or buds, suitable for bouquets or ornamental purposes",New,Jordan,
0604.90.10,Mosses and lichens suitable for bouquets or ornamental purposes,New,Jordan,
0604.90.30,"Dried or bleached foliage, branches, and other parts of plants for bouquets or ornamental purposes, except mosses and lichens",New,Jordan,
0604.90.60,"Other than fresh, bleached or dried: Foliage, branches, parts of plants and grasses, suitable for bouquets or ornamental purposes, except mosses and lichen",New,Jordan,
1207.10.00,Palm nuts and kernels,New,Jordan,
1211.60.00,Bark of African cherry (Prunus Africana),New,Jordan,
1211.90.60,"Tonka beans, of a kind used in perfumery, in pharmacy or for insecticidal, fungicidal or similar purposes",New,Jordan,
1211.90.89,Psyllium seed husks,New,Jordan,Ex
1212.94.00,Chicory roots,New,Jordan,
1301.20.00,Gum Arabic,New,Jordan,
1302.19.21,Poppy straw extract,New,Jordan,
1302.19.91,"Aloe, Tasmanian pepper, coconut and centella",New,Jordan,Ex
1302.31.00,Agar-agar,New,Jordan,
1302.32.00,"Mucilages and thickeners, whether or not modified, derived from locust beans, locust bean seeds or guar seeds",New,Jordan,
1401.20.20,"Rattans, in the rough or cut transversely into sections, of a kind used primarily for plaiting",New,Jordan,
1401.20.40,"Rattans, other than those in the rough or cut transversely into sections, of a kind used primarily for plaiting",New,Jordan,
1404.90.30,Istle of a kind used primarily in brooms or brushes,New,Jordan,
1404.90.40,"Piassava, couch-grass and other vegetable materials nesoi, of a kind used primarily in brooms or brushes",New,Jordan,
1511.10.00,"Palm oil, crude, and its fractions, whether or not refined, not chemically modified",New,Jordan,
1511.90.00,"Palm oil, other than crude, and its fractions, whether or not refined, but not chemically modified",New,Jordan,
1513.21.00,"Palm kernel oil or babassu oil, crude, and their fractions, not chemically modified",New,Jordan,
1513.29.00,"Palm kernel oil or babassu oil, other than crude, and their fractions, whether or not refined, but not chemically modified",New,Jordan,
1515.30.00,"Castor oil and its fractions, whether or not refined, but not chemically modified",New,Jordan,
1515.90.21,"Nut oils, whether or not refined, not chemically modified",New,Jordan,
1515.90.60,"Jojoba oil and its fractions, whether or not refined, not chemically modified",New,Jordan,
2101.30.00,"Roasted chicory and other roasted coffee substitutes and extracts, essences and concentrates thereof",New,Jordan,
2102.20.60,"Single-cell micro-organisms, dead, excluding yeasts (but not including vaccines of heading 3002)",New,Jordan,
2306.50.00,"Oilcake and other solid residues, resulting from the extraction of vegetable fats or oils, of coconut or copra",New,Jordan,
3301.19.51,"Essential oils of citrus fruit, other, nesoi",New,Jordan,
3301.29.10,Essential oils of eucalyptus,New,Jordan,
3301.30.00,Resinoids,New,Jordan,
3823.11.00,Stearic acid,New,Jordan,
3823.12.00,Oleic acid,New,Jordan,
3823.19.20,"Industrial monocarboxylic fatty acids or acid oils from refining derived from coconut, palm-kernel, or palm oil",New,Jordan,
3823.70.40,"Industrial fatty alcohols, other than oleyl, derived from fatty substances of animal or vegetable origin",New,Jordan,
4403.41.00,"Wood in the rough or roughly squared, of Dark Red Meranti, Light Red Meranti or Meranti Bakau, not treated with paint, stain, creosote, or other preservatives",New,Jordan,
4409.22.05,"Nonconiferous tropical wood continuously shaped along any ends, whether or not also continuously shaped along any edges or faces",New,Jordan,
4409.22.10,"Nonconiferous tropical wood siding, whether or not continuously shaped along its edges or faces but not its ends",New,Jordan,
4409.22.25,"Nonconiferous tropical wood flooring, whether or not continuously shaped along its edges or faces but not its ends",New,Jordan,
4409.22.40,"Nonconiferous tropical wood standard moldings, whether or not continuously shaped along its edges or faces but not its ends",New,Jordan,
4409.22.50,"Other nonconiferous tropical wood moldings, whether or not continuously shaped along its edges or faces but not its ends",New,Jordan,
4409.22.60,"Plain nonconiferous tropical wood dowel rods, whether or not continuously shaped along its edges or faces but not its ends",New,Jordan,
4409.22.65,"Nonconiferous tropical wood dowel rods, sanded, grooved or otherwise advanced in condition, whether or not continuously shaped along its edges or faces but not its ends",New,Jordan,
4409.22.90,"Other nonconiferous tropical wood, whether or not continuously shaped along its edges or faces but not its ends",New,Jordan,
4412.31.06,"Plywood sheets not over 6 mm thick, tropical wood outer ply, birch face ply, not surface covered beyond clear or transparent",New,Jordan,
4412.31.26,"Plywood sheets not over 6 mm thick, tropical wood outer ply, Spanish cedar or walnut face ply, not surface covered beyond clear or transparent",New,Jordan,
4412.31.42,"Plywood sheets not over 6 mm thick, tropical wood outer ply, with mahogany face ply, not surface covered beyond clear or transparent",New,Jordan,
4412.31.45,"Plywood sheets not over 3.6 mm thick, exceeding 1.2 m width and 2.2 m length, tropical wood outer",New,Jordan,
4412.31.48,"Plywood sheets not over 3.6 mm thick, tropical wood outer ply, not mahogany face ply, not surface covered beyond clear or transparent, nesoi",New,Jordan,
4412.31.52,"Plywood sheets not over 6 mm thick, tropical wood nesoi outer ply, with face ply nesoi, not surface covered beyond clear or transparent",New,Jordan,
4412.31.61,"Plywood sheets not over 6 mm thick, with certain specified tropical wood outer ply, surface covered beyond clear or transparent",New,Jordan,
4412.31.92,"Plywood sheets not over 6 mm thick, tropical wood nesoi at least one outer ply, surface covered beyond clear or transparent",New,Jordan,
4412.41.00,Laminated veneered lumber with outer ply of tropical wood,New,Jordan,
4412.51.10,"Blockboard, laminboard and battenboard of plywood nesoi, outer ply of tropical wood, not surface covered beyond clear or transparent, with face ply of birch",New,Jordan,
4412.51.31,"Blockboard, laminboard and battenboard of plywood nesoi, outer ply of tropical wood, not surface covered beyond clear or transparent, not with face ply of birch",New,Jordan,
4412.51.41,"Blockboard, laminboard and battenboard of plywood nesoi, outer ply of tropical wood, surface covered other than clear or transparent",New,Jordan,
4412.51.51,"Blockboard, laminboard and battenboard other than of plywood nesoi, outer ply of tropical wood",New,Jordan,
4412.91.06,"Not blockboard, laminboard or battenboard, outer ply of tropical wood, containing particle board",New,Jordan,
4412.91.10,"Not blockboard, laminboard or battenboard, plywood with outer ply of tropical wood, no particle board, not surface covered beyond clear or transparent, with face ply of birch",New,Jordan,
4412.91.31,"Not blockboard, laminboard or battenboard, plywood with outer ply of tropical wood, no particle board, not surface covered beyond clear or transparent, not with face ply of birch",New,Jordan,
4412.91.41,"Not blockboard, laminboard or battenboard, plywood with outer ply of tropical wood, surface covered beyond clear or transparent",New,Jordan,
4412.91.51,"Not blockboard, laminboard or battenboard, veneered panels and similar laminated wood with outer ply of tropical wood, nesoi",New,Jordan,
4501.10.00,"Natural cork, raw or simply prepared",New,Jordan,
4501.90.20,Waste cork,New,Jordan,
4501.90.40,"Crushed, granulated or ground cork",New,Jordan,
4502.00.00,"Natural cork, debacked or roughly squared or in rectangular blocks, plates, sheets or strip (including sharp-edged blanks for corks or stoppers)",New,Jordan,
4503.10.20,"Corks and stoppers of natural cork, tapered and of a thickness (or length) greater than the maximum diameter, not over 19mm maximum diameter",New,Jordan,
4503.10.30,"Corks and stoppers wholly of natural cork, tapered and of a thickness (or length) greater than the maximum diameter, over 19mm maximum diameter",New,Jordan,
4503.10.40,"Corks and stoppers of natural cork, tapered and of a thickness (or length) greater than the maximum diameter, over 19mm maximum diameter, nesoi",New,Jordan,
4503.10.60,"Corks and stoppers of natural cork, of a thickness (or length) not greater than the maximum diameter",New,Jordan,
4503.90.20,"Disks, wafers and washers of natural cork",New,Jordan,
4503.90.40,"Natural cork wallcoverings, backed with paper or otherwise reinforced",New,Jordan,
4503.90.60,"Articles of natural cork, other than corks and stoppers",New,Jordan,
4504.10.10,Vulcanized sheets and slabs wholly of agglomerated ground or pulverized cork and rubber,New,Jordan,
4504.10.20,"Insulation of compressed agglomerated cork, coated or not coated",New,Jordan,
4504.10.30,Floor coverings of agglomerated cork,New,Jordan,
4504.10.40,"Agglomerated cork wallcoverings, backed with paper or otherwise reinforced",New,Jordan,
4504.10.45,"Agglomerated cork stoppers, not tapered, wholly of cork, of a thickness (or length) greater than the maximum diameter",New,Jordan,
4504.10.47,"Corks, stoppers, disks, wafers and washers of agglomerated cork, nesoi",New,Jordan,
4504.10.50,"Blocks, plates, sheets and strip; tiles of any shape; solid cylinder; all the foregoing of cork; all the foregoing, nesoi",New,Jordan,
4504.90.00,"Agglomerated cork and articles of cork, nesoi",Existing,Jordan,
4601.22.40,"Woven or partly assembled materials of rattan for mats, matting and screens",New,Jordan,
4601.22.80,Rattan floor coverings,New,Jordan,
4601.22.90,"Mats, matting and screens of rattan, nesoi",New,Jordan,
4601.29.40,"Woven or partly assembled materials of willow for mats, matting and screens",New,Jordan,
4601.93.01,"Rattan webbing for mats, matting and screens",New,Jordan,
4601.93.05,"Plaits of rattan and similar products of such plaiting materials, whether or not assembled into strips",New,Jordan,
4601.93.20,Products of rattan other than plaits and similar products such as plaiting materials.,New,Jordan,
4602.12.05,Fishing baskets or creels made from rattan,New,Jordan,
4602.12.14,Baskets and bags of rattan wickerwork,New,Jordan,
4602.12.16,Baskets and bags of rattan other than wickerwork,New,Jordan,
4602.12.23,"Articles of a kind normally carried in the pocket or in the handbag, of rattan",New,Jordan,
4602.12.25,"Luggage, handbags and flat goods, whether or not lined, of rattan, nesoi",New,Jordan,
4602.12.35,"Articles of wickerwork, nesoi, of rattan",New,Jordan,
4602.12.45,"Basketwork and other articles, nesoi, of rattan",New,Jordan,
5001.00.00,Silkworm cocoons suitable for reeling,New,Jordan,
5002.00.00,Raw silk (not thrown),New,Jordan,
5003.00.10,"Silk waste (including cocoons unsuitable for reeling, yarn waste and garnetted stock), not carded or combed",New,Jordan,
5003.00.90,"Silk waste (including cocoons unsuitable for reeling, yarn waste and garnetted stock), carded or combed",New,Jordan,
5004.00.00,"Silk yarns (other than yarn spun from silk waste), not put up for retail sale",New,Jordan,
5005.00.00,"Yarn spun from silk waste, not put up for retail sale",New,Jordan,
5006.00.10,"Spun yarn, containing 85 percent or more by weight of silk, put up for retail sale; silkworm gut",New,Jordan,
5006.00.90,"Spun silk yarn, containing less than 85 percent by weight of silk, put up for retail sale",New,Jordan,
5007.10.30,"Woven fabrics of noil silk, containing 85 percent or more by weight of silk or silk waste",New,Jordan,
5007.10.60,"Woven fabrics of noil silk, containing less than 85 percent by weight of silk or silk waste",New,Jordan,
5007.20.00,"Woven fabrics containing 85 percent or more by weight of silk or silk waste, other than noil silk",New,Jordan,
5007.90.30,"Woven silk fabrics, containing 85 percent or more by weight of silk or silk waste, nesoi",New,Jordan,
5102.11.90,"Fine hair of Kashmir (cashmere) goats, processed beyond the degreased or carbonized condition, not carded or combed",New,Jordan,
5102.19.20,"Fine hair of the camel, not processed in any manner beyond the degreased or carbonized condition, not carded or combed",New,Jordan,
7101.10.30,"Natural pearls, graded and temporarily strung for convenience of transport",New,Jordan,
7101.10.60,"Natural pearls, not strung, mounted or set",New,Jordan,
7102.10.00,"Diamonds, unsorted, whether or not worked",New,Jordan,
7102.31.00,"Nonindustrial diamonds, unworked or simply sawn, cleaved or bruted",New,Jordan,
7102.39.00,"Nonindustrial diamonds, worked, but not mounted or set",New,Jordan,
7103.10.20,"Precious stones (other than diamonds) and semiprecious stones, unworked",New,Jordan,
7103.10.40,"Precious stones (other than diamonds) and semiprecious stones, simply sawn or roughly shaped",New,Jordan,
7103.91.00,"Rubies, sapphires and emeralds, worked, whether or not graded, but not strung, mounted or set",New,Jordan,
7103.99.10,"Precious or semiprecious stones, nesoi, cut but not set, suitable for use in the manufacture of jewelry",New,Jordan,
7103.99.50,"Precious or semiprecious stones, nesoi, worked, whether or not graded, but not strung, mounted or set",New,Jordan,
7205.10.00,"Pig iron, spiegeleisen, and iron or steel granules",New,Jordan,
8112.92.07,"Waste and scrap of gallium, germanium, indium, niobium, or vanadium",New,Jordan,
4202.11.00,"Trunks, suitcases, vanity & all other cases, occupational luggage & like containers, surface of leather, composition or patent leather",New,"CAFTA-DR textiles & apparel (Jordan, El Salvador, or Guatemala)",
4202.12.21,"Trunks, suitcases, vanity and attache cases and similar containers, with outer surface of plastics",New,"CAFTA-DR textiles & apparel (Jordan, El Salvador, or Guatemala)",
4202.12.29,"Occupational luggage and similar containers, with outer surface of plastics",New,"CAFTA-DR textiles & apparel (Jordan, El Salvador, or Guatemala)",
4202.12.40,"Trunks, suitcases, vanity & attache cases, occupational luggage & like containers, surfaces of cotton, not of pile or tufted construction",New,"CAFTA-DR textiles & apparel (Jordan, El Salvador, or Guatemala)",
4202.12.60,"Trunks, suitcases, vanity & attache cases, occupational luggage & like containers, w outer surface of veg. fibers, excl. cotton",New,"CAFTA-DR textiles & apparel (Jordan, El Salvador, or Guatemala)",
4202.12.81,"Trunks, suitcases, vanity & attache cases, occupational luggage and similar containers, with outer surface of MMF materials",New,"CAFTA-DR textiles & apparel (Jordan, El Salvador, or Guatemala)",
4202.12.89,"Trunks, suitcases, vanity & attache cases, occupational luggage and similar containers, with outer surface of textile materials nesoi",New,"CAFTA-DR textiles & apparel (Jordan, El Salvador, or Guatemala)",
4202.19.00,"Trunks, suitcases, vanity cases, attache cases, occupational luggage & like containers surface of vulcanized fiber or paperboard nesoi",New,"CAFTA-DR textiles & apparel (Jordan, El Salvador, or Guatemala)",
4202.21.30,"Handbags, with or without shoulder strap or without handle, with outer surface of reptile leather",New,"CAFTA-DR textiles & apparel (Jordan, El Salvador, or Guatemala)",
4202.21.60,"Handbags, with or without shoulder strap or without handle, with outer surface of leather, composition or patent leather, nesoi, n/o $20 ea.",New,"CAFTA-DR textiles & apparel (Jordan, El Salvador, or Guatemala)",
4202.21.90,"Handbags, with or without shoulder strap or without handle, with outer surface of leather, composition or patent leather, nesoi, over $20 ea.",New,"CAFTA-DR textiles & apparel (Jordan, El Salvador, or Guatemala)",
4202.22.15,"Handbags, with or without shoulder straps or without handle, with outer surface of sheeting of plastics",New,"CAFTA-DR textiles & apparel (Jordan, El Salvador, or Guatemala)",
4202.22.35,"Handbags with or without shoulder strap or without handle, with outer surface of textile materials, wholly or in part of braid, of abaca",New,"CAFTA-DR textiles & apparel (Jordan, El Salvador, or Guatemala)",
4202.22.40,"Handbags with or without shoulder strap or without handle, with outer surface of textile materials, wholly or in part of braid, nesoi",New,"CAFTA-DR textiles & apparel (Jordan, El Salvador, or Guatemala)",
4202.22.45,"Handbags with or without shoulder strap or without handle, with outer surface of cotton, not of pile or tufted construction or braid",New,"CAFTA-DR textiles & apparel (Jordan, El Salvador, or Guatemala)",
4202.22.60,"Handbags with or w/o shoulder strap or w/o handle, outer surface of veg. fibers, exc. cotton, not of pile or tufted construction or braid",New,"CAFTA-DR textiles & apparel (Jordan, El Salvador, or Guatemala)",
4202.22.70,"Handbags with or w/o shoulder strap or w/o handle, with outer surface containing 85% or more of silk, not braided",New,"CAFTA-DR textiles & apparel (Jordan, El Salvador, or Guatemala)",
4202.22.81,"Handbags with or without shoulder strap or without handle, with outer surface of MMF materials",New,"CAFTA-DR textiles & apparel (Jordan, El Salvador, or Guatemala)",
4202.22.89,"Handbags with or without shoulder strap or without handle, with outer surface of textile materials nesoi",New,"CAFTA-DR textiles & apparel (Jordan, El Salvador, or Guatemala)",
4202.29.10,"Handbags w. or w/o shld. strap or w/o handle of mat. (o/t leather, shtng. of plas., tex. mat., vul. fib. or paperbd.), paper cov., of plas.",New,"CAFTA-DR textiles & apparel (Jordan, El Salvador, or Guatemala)",
4202.29.20,"Handbags w. or w/o shld. strap or w/o handle of mat. (o/t leather, shtng. of plas., tex. mat., vul. fib. or paperbd.), paper cov., of wood",New,"CAFTA-DR textiles & apparel (Jordan, El Salvador, or Guatemala)",
4202.29.50,"Handbags w. or w/o shld. strap or w/o handle of mat. (o/t leather, shtng. of plas., tex. mat., vul. fib. or paperbd.), pap.cov., of mat. nesoi",New,"CAFTA-DR textiles & apparel (Jordan, El Salvador, or Guatemala)",
4202.29.90,"Handbags with or without shoulder straps or without handle, with outer surface of vulcanized fiber or of paperboard, not covered with paper",New,"CAFTA-DR textiles & apparel (Jordan, El Salvador, or Guatemala)",
4202.31.30,"Articles of a kind normally carried in the pocket or handbag, with outer surface of reptile leather",New,"CAFTA-DR textiles & apparel (Jordan, El Salvador, or Guatemala)",
4202.31.60,"Articles of a kind normally carried in the pocket or handbag, with outer surface of leather, composition or patent leather, nesoi",New,"CAFTA-DR textiles & apparel (Jordan, El Salvador, or Guatemala)",
4202.32.10,"Articles of a kind normally carried in the pocket or handbag, with outer surface of reinforced or laminated plastics",New,"CAFTA-DR textiles & apparel (Jordan, El Salvador, or Guatemala)",
4202.32.20,"Articles of a kind normally carried in the pocket or handbag, with outer surface of plastic sheeting, nesoi",New,"CAFTA-DR textiles & apparel (Jordan, El Salvador, or Guatemala)",
4202.32.40,"Articles of a kind normally carried in the pocket or handbag, with outer surface of cotton, not of pile or tufted construction",New,"CAFTA-DR textiles & apparel (Jordan, El Salvador, or Guatemala)",
4202.32.80,"Articles of a kind normally carried in the pocket or handbag, with outer surface of vegetable fibers, not of pile or tufted construction, nesoi",New,"CAFTA-DR textiles & apparel (Jordan, El Salvador, or Guatemala)",
4202.32.85,"Articles of a kind normally carried in the pocket or handbag, with outer surface 85% or more silk or silk waste",New,"CAFTA-DR textiles & apparel (Jordan, El Salvador, or Guatemala)",
4202.32.91,"Articles of a kind normally carried in the pocket or handbag, with outer surface of cotton",New,"CAFTA-DR textiles & apparel (Jordan, El Salvador, or Guatemala)",
4202.32.93,"Articles of a kind normally carried in the pocket or handbag, with outer surface of MMF",New,"CAFTA-DR textiles & apparel (Jordan, El Salvador, or Guatemala)",
4202.32.99,"Articles of a kind normally carried in the pocket or handbag, with outer surface of other textile materials",New,"CAFTA-DR textiles & apparel (Jordan, El Salvador, or Guatemala)",
4202.39.10,"Articles of kind usually carried in pocket or handbag (o/t leather, shtng. of plas., tex. mat., vul. fib. or paperbd.), pap. cov., of plas.",New,"CAFTA-DR textiles & apparel (Jordan, El Salvador, or Guatemala)",
4202.39.20,"Articles of kind usually carried in pocket or handbag (o/t leather, shtng. of plas., tex. mat., vul. fib. or paperbd.), pap. cov., of wood",New,"CAFTA-DR textiles & apparel (Jordan, El Salvador, or Guatemala)",
4202.39.50,"Articles of kind usu. carried in pocket or handbag (o/t lea., shtng. of plas., tex. mat., vul. fib. or paperbd.), pap. cov., of mat. nesoi",New,"CAFTA-DR textiles & apparel (Jordan, El Salvador, or Guatemala)",
4202.39.90,"Articles of a kind normally carried in the pocket or handbag, with outer surface of vulcanized fiber or of paperboard",New,"CAFTA-DR textiles & apparel (Jordan, El Salvador, or Guatemala)",
4202.91.10,"Golf bags, with outer surface of leather or composition leather",New,"CAFTA-DR textiles & apparel (Jordan, El Salvador, or Guatemala)",
4202.91.90,"Cases, bags and containers nesoi, other than golf bags, with outer surface of leather, of composition leather",New,"CAFTA-DR textiles & apparel (Jordan, El Salvador, or Guatemala)",
4202.92.04,"Insulated beverage bag w/outer surface textiles, interior only flexible plastic container storing/dispensing beverage thru flexible tubing",New,"CAFTA-DR textiles & apparel (Jordan, El Salvador, or Guatemala)",
4202.92.08,"Insulated food or beverage bags with outer surface of textile materials, nesoi",New,"CAFTA-DR textiles & apparel (Jordan, El Salvador, or Guatemala)",
4202.92.10,Insulated food or beverage bags with outer surface of sheeting of plastic,New,"CAFTA-DR textiles & apparel (Jordan, El Salvador, or Guatemala)",
4202.92.15,"Travel, sports and similar bags with outer surface of cotton, not of pile or tufted construction",New,"CAFTA-DR textiles & apparel (Jordan, El Salvador, or Guatemala)",
4202.92.20,"Travel, sports and similar bags with outer surface of vegetable fibers, excl. cotton, not of pile construction",New,"CAFTA-DR textiles & apparel (Jordan, El Salvador, or Guatemala)",
4202.92.31,"Travel, sports and similar bags with outer surface of MMF textile materials",New,"CAFTA-DR textiles & apparel (Jordan, El Salvador, or Guatemala)",
4202.92.33,"Travel, sports and similar bags with outer surface of textile materials of paper yarn, silk or cotton",New,"CAFTA-DR textiles & apparel (Jordan, El Salvador, or Guatemala)",
4202.92.39,"Travel, sports and similar bags with outer surface of textile materials other than MMF, paper yarn, silk, cotton",New,"CAFTA-DR textiles & apparel (Jordan, El Salvador, or Guatemala)",
4202.92.45,"Travel, sports and similar bags with outer surface of plastic sheeting",New,"CAFTA-DR textiles & apparel (Jordan, El Salvador, or Guatemala)",
4202.92.50,"Musical instrument cases, with outer surface of plastic sheeting or of textile materials",New,"CAFTA-DR textiles & apparel (Jordan, El Salvador, or Guatemala)",
4202.92.60,"Bags, cases and similar containers, nesoi, with outer surface of cotton",New,"CAFTA-DR textiles & apparel (Jordan, El Salvador, or Guatemala)",
4202.92.91,"Bags, cases and similar containers with outer surface of textile materials, of MMF except jewelry boxes",New,"CAFTA-DR textiles & apparel (Jordan, El Salvador, or Guatemala)",
4202.92.93,"Bags, cases and similar containers with outer surface of textile materials, not of MMF",New,"CAFTA-DR textiles & apparel (Jordan, El Salvador, or Guatemala)",
4202.92.94,"Cases for CDs, CD players, cassettes, or cassette players",New,"CAFTA-DR textiles & apparel (Jordan, El Salvador, or Guatemala)",
4202.92.97,"Bags, cases & similar containers with outer surface of sheeting of plastic materials, not containers for CDs or cassettes, or CD or cassette players",New,"CAFTA-DR textiles & apparel (Jordan, El Salvador, or Guatemala)",
4202.99.10,"Cases, bags and sim. containers, nesoi, of mat. (o/t leather, shtng. of plas., tex. mat., vul. fib., or paperbd.), pap. cov., of plastic",New,"CAFTA-DR textiles & apparel (Jordan, El Salvador, or Guatemala)",
4202.99.20,"Cases & sim. cont., nesoi, of mat. (o/t lea., shtng. of plas., tex. mat., vul. fib. or paperbd.), pap. cov., of wood, not lined with tex.fab.",New,"CAFTA-DR textiles & apparel (Jordan, El Salvador, or Guatemala)",
4202.99.30,"Cases, bags & sim. cont., nesoi, of mat. (o/t lea., plas. shtng., tex. mat., vul. fib. or paperbd.), pap. cov., of wood, lined with tex. fab.",New,"CAFTA-DR textiles & apparel (Jordan, El Salvador, or Guatemala)",
4202.99.50,"Cases, bags & sim. cont., nesoi, of mat. (o/t lea., plas. shtng., tex. mat., vul. fib. or paperbd.), pap. cov., except of wood or plastic",New,"CAFTA-DR textiles & apparel (Jordan, El Salvador, or Guatemala)",
4202.99.90,"Cases, bags and similar containers, nesoi, with outer surface of vulcanized fiber or of paperboard",New,"CAFTA-DR textiles & apparel (Jordan, El Salvador, or Guatemala)",
5007.90.60,"Other silk woven fabrics, containing less than 85 percent by weight of silk or silk waste, nesoi",New,"CAFTA-DR textiles & apparel (Jordan, El Salvador, or Guatemala)",
5104.00.00,Garnetted stock of wool or of fine or coarse animal hair,New,"CAFTA-DR textiles & apparel (Jordan, El Salvador, or Guatemala)",
5105.10.00,Carded wool,New,"CAFTA-DR textiles & apparel (Jordan, El Salvador, or Guatemala)",
5105.21.00,Combed wool in fragments,New,"CAFTA-DR textiles & apparel (Jordan, El Salvador, or Guatemala)",
5105.29.00,"Wool tops and other combed wool, except in fragments",New,"CAFTA-DR textiles & apparel (Jordan, El Salvador, or Guatemala)",
5105.31.00,"Fine hair of Kashmir (cashmere) goats, carded or combed",New,"CAFTA-DR textiles & apparel (Jordan, El Salvador, or Guatemala)",
5105.39.00,"Fine animal hair (other than Kashmir), carded or combed",New,"CAFTA-DR textiles & apparel (Jordan, El Salvador, or Guatemala)",
5105.40.00,"Coarse animal hair, carded or combed",New,"CAFTA-DR textiles & apparel (Jordan, El Salvador, or Guatemala)",
5106.10.00,"Yarn of carded wool, containing 85 percent or more by weight of wool, not put up for retail sale",New,"CAFTA-DR textiles & apparel (Jordan, El Salvador, or Guatemala)",
5106.20.00,"Yarn of carded wool, containing less than 85 percent by weight of wool, not put up for retail sale",New,"CAFTA-DR textiles & apparel (Jordan, El Salvador, or Guatemala)",
5107.10.30,"Yarn of combed wool, containing 85% or more by weight of wool, not put up for retail sale, of wool fiber avg diameter 18.5 micron or <",New,"CAFTA-DR textiles & apparel (Jordan, El Salvador, or Guatemala)",
5107.10.60,"Yarn of combed wool, containing 85% or more by weight of wool, not put up for retail sale, nesoi",New,"CAFTA-DR textiles & apparel (Jordan, El Salvador, or Guatemala)",
5107.20.30,"Yarn of combed wool, containing less than 85 percent by weight of wool, not put up retail sale, of wool fiber avg diameter 18.5 micron or <",New,"CAFTA-DR textiles & apparel (Jordan, El Salvador, or Guatemala)",
5107.20.60,"Yarn of combed wool, containing less than 85 percent by weight of wool, not put up retail sale, nesoi",New,"CAFTA-DR textiles & apparel (Jordan, El Salvador, or Guatemala)",
5108.10.30,"Yarn of Angora rabbit hair, carded, not put up for retail sale",New,"CAFTA-DR textiles & apparel (Jordan, El Salvador, or Guatemala)",
5108.10.40,"Yarn of mohair, carded, not put up for retail sale",New,"CAFTA-DR textiles & apparel (Jordan, El Salvador, or Guatemala)",
5108.10.80,"Yarn of fine animal hair other than Angora rabbit hair or mohair, carded, not put up for retail sale",New,"CAFTA-DR textiles & apparel (Jordan, El Salvador, or Guatemala)",
5108.20.30,"Yarn of Angora rabbit hair, combed, not put up for retail sale",New,"CAFTA-DR textiles & apparel (Jordan, El Salvador, or Guatemala)",
5108.20.40,"Yarn of mohair, combed, not put up for retail sale",New,"CAFTA-DR textiles & apparel (Jordan, El Salvador, or Guatemala)",
5108.20.80,"Yarn of fine animal hair other than Angora rabbit hair or mohair, combed, not put up for retail sale",New,"CAFTA-DR textiles & apparel (Jordan, El Salvador, or Guatemala)",
5109.10.20,"Yarn of wool, containing 85 percent or more by weight of wool, colored, cut into uniform lengths of not over 8 cm, put up for retail sale",New,"CAFTA-DR textiles & apparel (Jordan, El Salvador, or Guatemala)",
5109.10.40,"Yarn of Angora rabbit hair, containing 85 percent or more by weight of the Angora hair, put up for retail sale",New,"CAFTA-DR textiles & apparel (Jordan, El Salvador, or Guatemala)",
5109.10.80,"Yarn of wool nesoi, or fine animal hair nesoi, over 85% or > of that wool/hair, for retail sale, of wool fiber avg diamter 18.5 micron or <",New,"CAFTA-DR textiles & apparel (Jordan, El Salvador, or Guatemala)",
5109.10.90,"Yarn of wool nesoi, or fine animal hair nesoi, over 85% or > of that wool/hair, put up for retail sale, nesoi",New,"CAFTA-DR textiles & apparel (Jordan, El Salvador, or Guatemala)",
5109.90.20,"Yarn of wool, colored, and cut into uniform lengths of not over 8 cm, containing less than 85% by weight of wool, put up for retail sale",New,"CAFTA-DR textiles & apparel (Jordan, El Salvador, or Guatemala)",
5109.90.40,"Yarn of Angora rabbit hair containing less than 85 percent by weight of the Angora hair, put up for retail sale",New,"CAFTA-DR textiles & apparel (Jordan, El Salvador, or Guatemala)",
5109.90.80,"Yarn of wool nesoi, or fine animal hair nesoi, < 85% of that wool/hair, for retail sale, of wool fiber avg diameter 18.5 micron or <",New,"CAFTA-DR textiles & apparel (Jordan, El Salvador, or Guatemala)",
5109.90.90,"Yarn of wool nesoi, or fine animal hair nesoi, < 85% of that wool/hair, put up for retail sale, nesoi",New,"CAFTA-DR textiles & apparel (Jordan, El Salvador, or Guatemala)",
5110.00.00,Yarn of coarse animal hair or horsehair (including gimped horsehair yarn) whether or not put up for retail sale,New,"CAFTA-DR textiles & apparel (Jordan, El Salvador, or Guatemala)",
5111.11.20,"Tapestry and upholstery fabrics of carded wool/fine animal hair, over 85% wool or hair, weighing not over 140 g/m2",New,"CAFTA-DR textiles & apparel (Jordan, El Salvador, or Guatemala)",
5111.11.30,"Hand-woven fabrics of carded wool/fine animal hair, 85% or more wool or hair, loom width less than 76 cm, weight not over 300 g/m2",New,"CAFTA-DR textiles & apparel (Jordan, El Salvador, or Guatemala)",
5111.11.70,"Woven fabrics, 85% or more by weight of carded wool/fine animal hair, weight not over 300 g/m2, nesoi",New,"CAFTA-DR textiles & apparel (Jordan, El Salvador, or Guatemala)",
5111.19.10,"Tapestry and upholstery fabrics, woven, 85% or more by weight of carded wool/fine animal hair, weight over 300 g/m2",New,"CAFTA-DR textiles & apparel (Jordan, El Salvador, or Guatemala)",
5111.19.20,"Hand-woven fabrics, with 85 percent or more by weight of carded wool/fine animal hair, loom width of less than 76 cm, weight ov 300 g/m2",New,"CAFTA-DR textiles & apparel (Jordan, El Salvador, or Guatemala)",
5111.19.60,"Woven fabrics, with 85 percent or more by weight of carded wool/fine animal hair nesoi, weight over 300 g/m2",New,"CAFTA-DR textiles & apparel (Jordan, El Salvador, or Guatemala)",
5111.20.05,"Tapestry & upholstery fabrics of carded wool/fine animal hair, mixed mainly or solely with man-made filaments, weight exceeding 300 g/m2",New,"CAFTA-DR textiles & apparel (Jordan, El Salvador, or Guatemala)",
5111.20.10,"Tapestry & upholstery fabrics of carded wool/fine animal hair, mixed mainly or solely with man-made filaments, weight not over 140 g/m2",New,"CAFTA-DR textiles & apparel (Jordan, El Salvador, or Guatemala)",
5111.20.90,"Woven fabrics of carded wool/fine animal hair, mixed mainly or solely with man-made filaments, nesoi",New,"CAFTA-DR textiles & apparel (Jordan, El Salvador, or Guatemala)",
5111.30.05,"Tapestry & upholstery fabrics of carded wool/fine animal hair, mixed mainly/solely with man-made staple fibers, weight exceeding 300 g/m2",New,"CAFTA-DR textiles & apparel (Jordan, El Salvador, or Guatemala)",
5111.30.10,"Tapestry & upholstery fabrics of carded wool/fine animal hair, mixed mainly/solely with man-made staple fibers, weight not over 140 g/m2",New,"CAFTA-DR textiles & apparel (Jordan, El Salvador, or Guatemala)",
5111.30.90,"Woven fabrics of carded wool/fine animal hair, mixed mainly or solely with man-made staple fibers, nesoi",New,"CAFTA-DR textiles & apparel (Jordan, El Salvador, or Guatemala)",
5111.90.30,"Woven fabrics of carded wool/fine animal hair, containing 30 percent or more by weight of silk or silk waste, valued over $33/kg",New,"CAFTA-DR textiles & apparel (Jordan, El Salvador, or Guatemala)",
5111.90.40,"Tapestry and upholstery fabrics of carded wool/fine animal hair, weight over 300 g/m2, containing less than 85% wool or hair, nesoi",New,"CAFTA-DR textiles & apparel (Jordan, El Salvador, or Guatemala)",
5111.90.50,"Tapestry and upholstery fabrics of carded wool/fine animal hair, weight not over 140 g/m2, containing less than 85% wool or hair, nesoi",New,"CAFTA-DR textiles & apparel (Jordan, El Salvador, or Guatemala)",
5111.90.90,"Woven fabrics of carded wool/fine animal hair, containing less than 85% wool or hair, nesoi",New,"CAFTA-DR textiles & apparel (Jordan, El Salvador, or Guatemala)",
5112.11.10,"Tapestry and upholstery fabrics of combed wool/fine animal hair, containing 85% or more wool or hair, weight not over 140 g/m2",New,"CAFTA-DR textiles & apparel (Jordan, El Salvador, or Guatemala)",
5112.11.30,"Woven fabrics of combed wool/fine animal hair, over 85% wool or hair, weight not over 200 g/m2, avg wool fiber diameter 18.5 micron or <",New,"CAFTA-DR textiles & apparel (Jordan, El Salvador, or Guatemala)",
5112.11.60,"Woven fabrics of combed wool/fine animal hair, over 85% wool or hair, weight not over 200 g/m2, nesoi",New,"CAFTA-DR textiles & apparel (Jordan, El Salvador, or Guatemala)",
5112.19.20,"Tapestry and upholstery fabrics of combed wool/fine animal hair, over 85% wool or hair, weight over 300 g/m2",New,"CAFTA-DR textiles & apparel (Jordan, El Salvador, or Guatemala)",
5112.19.60,"Woven fabrics of combed wool/fine animal hair, over 85% wool or fine animal hair, ov 200 g/m2, avg wool fiber diameter 18.5 micron or <",New,"CAFTA-DR textiles & apparel (Jordan, El Salvador, or Guatemala)",
5112.19.95,"Woven fabrics of combed wool/fine animal hair, over 85% wool or fine animal hair, weight over 200 g/m2, nesoi",New,"CAFTA-DR textiles & apparel (Jordan, El Salvador, or Guatemala)",
5112.20.10,"Tapestry and upholstery fabrics of combed wool/fine animal hair, mixed mainly/solely with man-made filaments, weight over 300 g/m2",New,"CAFTA-DR textiles & apparel (Jordan, El Salvador, or Guatemala)",
5112.20.20,"Tapestry and upholstery fabrics of combed wool/fine animal hair, mixed mainly/solely with man-made filaments, weight not over 140 g/m2",New,"CAFTA-DR textiles & apparel (Jordan, El Salvador, or Guatemala)",
5112.20.30,"Woven fabrics of combed wool/fine animal hair, mixed mainly or solely with man-made filaments, nesoi",New,"CAFTA-DR textiles & apparel (Jordan, El Salvador, or Guatemala)",
5112.30.10,"Tapestry and upholstery fabrics of combed wool/fine animal hair, mixed mainly/solely with man-made staple fibers, weight over 300 g/m2",New,"CAFTA-DR textiles & apparel (Jordan, El Salvador, or Guatemala)",
5112.30.20,"Tapestry & upholstery fabrics of combed wool/fine animal hair, mixed mainly/solely with man-made staple fibers, weight not over 140 g/m2",New,"CAFTA-DR textiles & apparel (Jordan, El Salvador, or Guatemala)",
5112.30.30,"Woven fabrics of combed wool/fine animal hair, mixed mainly or solely with man-made staple fibers, nesoi",New,"CAFTA-DR textiles & apparel (Jordan, El Salvador, or Guatemala)",
5112.90.30,"Woven fabrics of combed wool/fine animal hair, nesoi, containing 30 percent or more by weight of silk or silk waste, valued over $33/kg",New,"CAFTA-DR textiles & apparel (Jordan, El Salvador, or Guatemala)",
5112.90.40,"Woven tapestry/upholstery fabrics of combed wool/fine animal hair, con. by wt. under 85% wool/hair & under 30% silk, over 300 g/m2, nesoi",New,"CAFTA-DR textiles & apparel (Jordan, El Salvador, or Guatemala)",
5112.90.50,"Woven tapestry/upholstery fabrics of combed wool/fine animal hair, con. by wt. under 85% wool/hair & under 30% silk, n/o 140 g/m2, nesoi",New,"CAFTA-DR textiles & apparel (Jordan, El Salvador, or Guatemala)",
5112.90.90,"Woven fabrics of combed wool or combed fine animal hair, nesoi",New,"CAFTA-DR textiles & apparel (Jordan, El Salvador, or Guatemala)",
5113.00.00,Woven fabrics of coarse animal hair or of horsehair,New,"CAFTA-DR textiles & apparel (Jordan, El Salvador, or Guatemala)",
5203.00.05,"Cotton fibers, carded or combed, of cotton fiber processed but not spun, described in gen. note 15",New,"CAFTA-DR textiles & apparel (Jordan, El Salvador, or Guatemala)",
5203.00.10,"Cotton fibers, carded or combed, of cotton fiber processed but not spun, quota described in chapter 52 add'l US note 10",New,"CAFTA-DR textiles & apparel (Jordan, El Salvador, or Guatemala)",
5203.00.30,"Cotton fibers, carded or combed, of cotton fiber processed, but not spun, nesoi",New,"CAFTA-DR textiles & apparel (Jordan, El Salvador, or Guatemala)",
5203.00.50,"Cotton carded or combed, excluding fibers of cotton processed but not spun",New,"CAFTA-DR textiles & apparel (Jordan, El Salvador, or Guatemala)",
5204.11.00,"Cotton sewing thread, containing 85 percent or more by weight of cotton, not put up for retail sale",New,"CAFTA-DR textiles & apparel (Jordan, El Salvador, or Guatemala)",
5204.19.00,"Cotton sewing thread, containing less than 85 percent by weight of cotton, not put up for retail sale",New,"CAFTA-DR textiles & apparel (Jordan, El Salvador, or Guatemala)",
5204.20.00,"Cotton sewing thread, put up for retail sale",New,"CAFTA-DR textiles & apparel (Jordan, El Salvador, or Guatemala)",
5205.11.10,"Single cotton yarn, 85% or more cotton by weight, of uncombed fibers, not over 14 nm, unbleached, not mercerized, not put up for retail sale",New,"CAFTA-DR textiles & apparel (Jordan, El Salvador, or Guatemala)",
5205.11.20,"Single cotton yarn, 85% or more cotton by weight, of uncombed fibers, n/o 14 nm, bleached or mercerized",New,"CAFTA-DR textiles & apparel (Jordan, El Salvador, or Guatemala)",
5205.12.10,"Single cotton yarn, 85% or more cotton, of uncombed fibers, over 14 but n/o 43 nm, unbleached, not mercerized, not put up for retail sale",New,"CAFTA-DR textiles & apparel (Jordan, El Salvador, or Guatemala)",
5205.12.20,"Single cotton yarn, 85% or more cotton by weight, of uncombed fibers, over 14 nm but n/o 43 nm, bleached or mercerized",New,"CAFTA-DR textiles & apparel (Jordan, El Salvador, or Guatemala)",
5205.13.10,"Single cotton yarn, 85% or more cotton, of uncombed fibers, over 43 but n/o 52 nm, unbleached, not mercerized, not put up for retail sale",New,"CAFTA-DR textiles & apparel (Jordan, El Salvador, or Guatemala)",
5205.13.20,"Single cotton yarn, 85% or more cotton, of uncombed fibers, over 43 nm but n/o 52 mm, bleached or mercerized",New,"CAFTA-DR textiles & apparel (Jordan, El Salvador, or Guatemala)",
5205.14.10,"Single cotton yarn, 85% or more cotton, of uncombed fibers, over 52 but n/o 80 nm, unbleached, not mercerized, not put up for retail sale",New,"CAFTA-DR textiles & apparel (Jordan, El Salvador, or Guatemala)",
5205.14.20,"Single cotton yarn, 85% or more cotton by weight, of uncombed fibers, over 52 but n/o 80 nm, bleached or mercerized",New,"CAFTA-DR textiles & apparel (Jordan, El Salvador, or Guatemala)",
5205.15.10,"Single cotton yarn, 85% or more cotton, of uncombed fibers, over 80 nm, unbleached, not mercerized, not put up for retail sale",New,"CAFTA-DR textiles & apparel (Jordan, El Salvador, or Guatemala)",
5205.15.20,"Single cotton yarn, 85% or more cotton, of uncombed fibers, over 80 nm, bleached or mercerized, not put up for retail sale, nesoi",New,"CAFTA-DR textiles & apparel (Jordan, El Salvador, or Guatemala)",
5205.21.00,"Single cotton yarn, 85% or more cotton by weight, of combed fibers, not over 14 nm, not put up for retail sale",New,"CAFTA-DR textiles & apparel (Jordan, El Salvador, or Guatemala)",
5205.22.00,"Single cotton yarn, 85% or more cotton by weight, of combed fibers, over 14 but n/o 43 nm, not put up for retail sale",New,"CAFTA-DR textiles & apparel (Jordan, El Salvador, or Guatemala)",
5205.23.00,"Single cotton yarn, 85% or more cotton by weight, of combed fibers, over 43 but n/o 52 nm, not put up for retail sale",New,"CAFTA-DR textiles & apparel (Jordan, El Salvador, or Guatemala)",
5205.24.00,"Single cotton yarn, 85% or more cotton by weight, of combed fibers, over 52 but n/o 80 nm, not put up for retail sale",New,"CAFTA-DR textiles & apparel (Jordan, El Salvador, or Guatemala)",
5205.26.00,"Single cotton yarn,85% or > cotton by wt, of combed fiber, meas.<125 but not<106.38 decitex, >80nm but not >94nm, not put up for retail sale",New,"CAFTA-DR textiles & apparel (Jordan, El Salvador, or Guatemala)",
5205.27.00,"Single cotton yarn,85% or > cotton by wt,of combed fiber, meas.<106.38 but not<83.33 decitex, >94nm but not >120nm,not put up for retail sale",New,"CAFTA-DR textiles & apparel (Jordan, El Salvador, or Guatemala)",
5205.28.00,"Single cotton yarn, 85% or > cotton by wt, of combed fibers, meas.<83.33 decitex, >120 nm, not put up for retail sale",New,"CAFTA-DR textiles & apparel (Jordan, El Salvador, or Guatemala)",
5205.31.00,"Multiple or cabled cotton yarn, 85% or more cotton by weight, of uncombed fibers, n/o 14 nm per single yarn, not put up for retail sale",New,"CAFTA-DR textiles & apparel (Jordan, El Salvador, or Guatemala)",
5205.32.00,"Multiple or cabled cotton yarn, 85% or more cotton by weight, of uncombed fibers, yarn over 14 but n/o 43 nm, not put up for retail sale",New,"CAFTA-DR textiles & apparel (Jordan, El Salvador, or Guatemala)",
5205.33.00,"Multiple or cabled cotton yarn, 85% or more cotton by weight, of uncombed fibers, yarn over 43 but n/o 52 nm, not put up for retail sale",New,"CAFTA-DR textiles & apparel (Jordan, El Salvador, or Guatemala)",
5205.34.00,"Multiple or cabled cotton yarn, 85% or more cotton by weight, of uncombed fibers, yarn over 52 but n/o 80 nm, not put up for retail sale",New,"CAFTA-DR textiles & apparel (Jordan, El Salvador, or Guatemala)",
5205.35.00,"Multiple or cabled cotton yarn, 85% or more cotton by weight, of uncombed fibers, over 80 nm per single yarn, not put up for retail sale",New,"CAFTA-DR textiles & apparel (Jordan, El Salvador, or Guatemala)",
5205.41.00,"Multiple or cabled cotton yarn, 85% or more cotton by weight, of combed fibers, not over 14 nm per single yarn, not put up for retail sale",New,"CAFTA-DR textiles & apparel (Jordan, El Salvador, or Guatemala)",
5205.42.00,"Multiple or cabled cotton yarn, 85% or more cotton by weight, of combed fibers, yarn over 14 but n/o 43 nm, not put up for retail sale",New,"CAFTA-DR textiles & apparel (Jordan, El Salvador, or Guatemala)",
5205.43.00,"Multiple or cabled cotton yarn, 85% or more cotton by weight, of combed fibers, yarn over 43 but n/o 52 nm, not put up for retail sale",New,"CAFTA-DR textiles & apparel (Jordan, El Salvador, or Guatemala)",
5205.44.00,"Multiple or cabled cotton yarn, 85% or more cotton by weight, of combed fibers, yarn over 52 but n/o 80 nm, not put up for retail sale",New,"CAFTA-DR textiles & apparel (Jordan, El Salvador, or Guatemala)",
5205.46.00,"Multiple or cabled cotton yarn, 85% or > cotton by wt, of combed fibers, >80nm but not >94nm/single yarn, not put up for retail sale",New,"CAFTA-DR textiles & apparel (Jordan, El Salvador, or Guatemala)",
5205.47.00,"Multiple or cabled cotton yarn, 85% or > cotton by wt, of combed fibers, >94nm but not >120nm/single yarn, not put up for retail sale",New,"CAFTA-DR textiles & apparel (Jordan, El Salvador, or Guatemala)",
5205.48.00,"Multiple or cabled cotton yarn, 85% or > cotton by wt, of combed fibers, >120nm per single yarn, not put up for retail sale",New,"CAFTA-DR textiles & apparel (Jordan, El Salvador, or Guatemala)",
5206.11.00,"Single cotton yarn, less than 85 percent cotton by weight, of uncombed fibers, not over 14 nm, not put up for retail sale",New,"CAFTA-DR textiles & apparel (Jordan, El Salvador, or Guatemala)",
5206.12.00,"Single cotton yarn, less than 85 percent cotton by weight, of uncombed fibers, over 14 but n/o 43 nm, not put up for retail sale",New,"CAFTA-DR textiles & apparel (Jordan, El Salvador, or Guatemala)",
5206.13.00,"Single cotton yarn, less than 85 percent cotton by weight, of uncombed fibers, over 43 but n/o 52 nm, not put up for retail sale",New,"CAFTA-DR textiles & apparel (Jordan, El Salvador, or Guatemala)",
5206.14.00,"Single cotton yarn, less than 85 percent cotton by weight, of uncombed fibers, over 52 but n/o 80 nm, not put up for retail sale",New,"CAFTA-DR textiles & apparel (Jordan, El Salvador, or Guatemala)",
5206.15.00,"Single cotton yarn, less than 85 percent cotton by weight, of uncombed fibers, over 80 nm, not put up for retail sale",New,"CAFTA-DR textiles & apparel (Jordan, El Salvador, or Guatemala)",
5206.21.00,"Single cotton yarn, less than 85 percent cotton by weight, of combed fibers, not over 14 nm, not put up for retail sale",New,"CAFTA-DR textiles & apparel (Jordan, El Salvador, or Guatemala)",
5206.22.00,"Single cotton yarn, less than 85 percent cotton by weight, of combed fibers, over 14 but n/o 43 nm, not put up for retail sale",New,"CAFTA-DR textiles & apparel (Jordan, El Salvador, or Guatemala)",
5206.23.00,"Single cotton yarn, less than 85 percent cotton by weight, of combed fibers, over 43 but n/o 52 nm, not put up for retail sale",New,"CAFTA-DR textiles & apparel (Jordan, El Salvador, or Guatemala)",
5206.24.00,"Single cotton yarn, less than 85 percent cotton by weight, of combed fibers, over 52 but n/o 80 nm, not put up for retail sale",New,"CAFTA-DR textiles & apparel (Jordan, El Salvador, or Guatemala)",
5206.25.00,"Single cotton yarn, less than 85 percent cotton by weight, of combed fibers, over 80 nm, not put up for retail sale",New,"CAFTA-DR textiles & apparel (Jordan, El Salvador, or Guatemala)",
5206.31.00,"Multiple or cabled cotton yarn, < 85% cotton by weight, of uncombed fibers, not over 14 nm per single yarn, not put up for retail sale",New,"CAFTA-DR textiles & apparel (Jordan, El Salvador, or Guatemala)",
5206.32.00,"Multiple or cabled cotton yarn, < 85% cotton by weight, of uncombed fibers, over 14 but n/o 43 nm/single yarn, not put up for retail sale",New,"CAFTA-DR textiles & apparel (Jordan, El Salvador, or Guatemala)",
5206.33.00,"Multiple or cabled cotton yarn, < 85% cotton by weight, of uncombed fibers, over 43 but n/o 52 nm/single yarn, not put up for retail sale",New,"CAFTA-DR textiles & apparel (Jordan, El Salvador, or Guatemala)",
5206.34.00,"Multiple or cabled cotton yarn, < 85% cotton by weight, of uncombed fibers, over 52 but n/o 80 nm/single yarn, not put up for retail sale",New,"CAFTA-DR textiles & apparel (Jordan, El Salvador, or Guatemala)",
5206.35.00,"Multiple or cabled cotton yarn, < 85% cotton by weight, of uncombed fibers, over 80 nm per single yarn, not put up for retail sale",New,"CAFTA-DR textiles & apparel (Jordan, El Salvador, or Guatemala)",
5206.41.00,"Multiple or cabled cotton yarn, < 85% cotton by weight, of combed fibers, n/o 14 nm per single yarn, not put up for retail sale",New,"CAFTA-DR textiles & apparel (Jordan, El Salvador, or Guatemala)",
5206.42.00,"Multiple or cabled cotton yarn, < 85% cotton by weight, of combed fibers, over 14 but n/o 43 nm per single yarn, not put up for retail sale",New,"CAFTA-DR textiles & apparel (Jordan, El Salvador, or Guatemala)",
5206.43.00,"Multiple or cabled cotton yarn, < 85% cotton by weight, of combed fibers, over 43 but n/o 52 nm per single yarn, not put up for retail sale",New,"CAFTA-DR textiles & apparel (Jordan, El Salvador, or Guatemala)",
5206.44.00,"Multiple or cabled cotton yarn, < 85% cotton by weight, of combed fibers, over 52 but n/o 80 nm per single yarn, not put up for retail sale",New,"CAFTA-DR textiles & apparel (Jordan, El Salvador, or Guatemala)",
5206.45.00,"Multiple or cabled cotton yarn, < 85% cotton by weight, of combed fibers, over 80 nm per single yarn, not put up for retail sale",New,"CAFTA-DR textiles & apparel (Jordan, El Salvador, or Guatemala)",
5207.10.00,"Cotton yarn, other than sewing thread, containing 85 percent or more cotton by weight, put up for retail sale",New,"CAFTA-DR textiles & apparel (Jordan, El Salvador, or Guatemala)",
5207.90.00,"Cotton yarn, other than sewing thread, containing less than 85 percent cotton by weight, put up for retail sale",New,"CAFTA-DR textiles & apparel (Jordan, El Salvador, or Guatemala)",
5208.11.20,"Woven cotton fabric, 85% or more cotton by weight, plain weave, weight not over 100 g/m2, unbleached, of number 42 or lower",New,"CAFTA-DR textiles & apparel (Jordan, El Salvador, or Guatemala)",
5208.11.40,"Woven cotton fabric, 85% or more cotton by weight, plain weave, weight not over 100 g/m2, unbleached, of numbers 43-68",New,"CAFTA-DR textiles & apparel (Jordan, El Salvador, or Guatemala)",
5208.11.60,"Woven cotton fabric, 85% or more cotton by weight, plain weave, wt n/o 100 g/m2, unbleached, of number 69 or over, for typewriter ribbon",New,"CAFTA-DR textiles & apparel (Jordan, El Salvador, or Guatemala)",
5208.11.80,"Woven cotton fabric, 85% or more cotton by weight, plain weave, weight not over 100 g/m2, unbleached, of number 69 or over, nesoi",New,"CAFTA-DR textiles & apparel (Jordan, El Salvador, or Guatemala)",
5208.12.40,"Woven cotton fabric, 85% or more cotton by weight, plain weave, weight over 100 but n/o 200 g/m2, unbleached, of numbers 42 or lower",New,"CAFTA-DR textiles & apparel (Jordan, El Salvador, or Guatemala)",
5208.12.60,"Woven cotton fabric, 85% or more cotton by weight, plain weave, weight over 100 but n/o 200 g/m2, unbleached, of numbers 43-68",New,"CAFTA-DR textiles & apparel (Jordan, El Salvador, or Guatemala)",
5208.12.80,"Woven cotton fabric, 85% or more cotton by weight, plain weave, weight over 100 but n/o 200 g/m2, unbleached, of number 69 or over",New,"CAFTA-DR textiles & apparel (Jordan, El Salvador, or Guatemala)",
5208.13.00,"Unbleached 3- or 4-thread twill fabrics of cotton, incl. cross twill, containing 85% or more of cotton by weight, weighing not over 200 g/m2",New,"CAFTA-DR textiles & apparel (Jordan, El Salvador, or Guatemala)",
5208.19.20,"Unbleached satin or twill weave fabrics of cotton, containing 85% or more cotton by weight, weighing not more than 200 g/m2, nesoi",New,"CAFTA-DR textiles & apparel (Jordan, El Salvador, or Guatemala)",
5208.19.40,"Unbleached woven fabrics of cotton, nesoi, 85% or more of cotton by weight, weighing not more than 200 g/m2, of number 42 or lower",New,"CAFTA-DR textiles & apparel (Jordan, El Salvador, or Guatemala)",
5208.19.60,"Unbleached woven fabrics of cotton, nesoi, 85% or more of cotton by weight, weighing not more than 200 g/m2, of numbers 43-68",New,"CAFTA-DR textiles & apparel (Jordan, El Salvador, or Guatemala)",
5208.19.80,"Unbleached woven fabrics of cotton, nesoi, 85% or more of cotton by weight, weighing not more than 200 g/m2, of number 69 or higher",New,"CAFTA-DR textiles & apparel (Jordan, El Salvador, or Guatemala)",
5208.21.20,"Woven cotton fabric, 85 percent or more cotton by weight, plain weave, not over 100 g/m2, bleached, of number 42 or lower",New,"CAFTA-DR textiles & apparel (Jordan, El Salvador, or Guatemala)",
5208.21.40,"Woven cotton fabric, 85% or more cotton by weight, plain weave, not over 100 g/m2, bleached, of numbers 43-68",New,"CAFTA-DR textiles & apparel (Jordan, El Salvador, or Guatemala)",
5208.21.60,"Woven cotton fabric, 85% or more cotton by weight, plain weave, not over 100 g/m2, bleached, of number 69 or higher",New,"CAFTA-DR textiles & apparel (Jordan, El Salvador, or Guatemala)",
5208.22.40,"Woven cotton fabric, 85% or more cotton by weight, plain weave, over 100 but n/o 200 g/m2, bleached, of number 42 or lower",New,"CAFTA-DR textiles & apparel (Jordan, El Salvador, or Guatemala)",
5208.22.60,"Woven cotton fabric, 85% or more cotton by weight, plain weave, over 100 but n/o 200 g/m2, bleached, of numbers 43-68",New,"CAFTA-DR textiles & apparel (Jordan, El Salvador, or Guatemala)",
5208.22.80,"Woven cotton fabric, 85% or more cotton by weight, plain weave, over 100 but n/o 200 g/m2, bleached, of number 69 or higher",New,"CAFTA-DR textiles & apparel (Jordan, El Salvador, or Guatemala)",
5208.23.00,"Woven cotton fabric, >= 85% by wt. cotton, <= 200 g/m2, bleached, exc. plain weave, 3- or 4- thread twill",New,"CAFTA-DR textiles & apparel (Jordan, El Salvador, or Guatemala)",
5208.29.20,"Bleached satin or twill weave fabrics, containing 85% or more cotton by weight, weighing not more than 200 g/m2, nesoi",New,"CAFTA-DR textiles & apparel (Jordan, El Salvador, or Guatemala)",
5208.29.40,"Bleached woven fabrics of cotton, nesoi, 85% or more cotton by weight, weighing not more than 200 g/m2, of number 42 or lower",New,"CAFTA-DR textiles & apparel (Jordan, El Salvador, or Guatemala)",
5208.29.60,"Bleached woven fabrics of cotton, nesoi, containing 85% or more cotton by weight, weighing not more than 200 g/m2, of numbers 43-68",New,"CAFTA-DR textiles & apparel (Jordan, El Salvador, or Guatemala)",
5208.29.80,"Bleached woven fabrics of cotton, nesoi, containing 85% or more cotton by weight, weighing not more than 200 g/m2, of number 69 or higher",New,"CAFTA-DR textiles & apparel (Jordan, El Salvador, or Guatemala)",
5208.31.20,"Dyed plain weave certified hand-loomed fabrics of cotton, containing 85% or more cotton by weight, weighing not more than 100 g/m2",New,"CAFTA-DR textiles & apparel (Jordan, El Salvador, or Guatemala)",
5208.31.40,"Dyed plain weave fabrics of cotton, containing 85% or more cotton by weight, weighing not more than 100 g/m2, of number 42 or lower, nesoi",New,"CAFTA-DR textiles & apparel (Jordan, El Salvador, or Guatemala)",
5208.31.60,"Dyed plain weave fabrics of cotton, containing 85% or more cotton by weight, weighing not more than 100 g/m2, of numbers 43-68, nesoi",New,"CAFTA-DR textiles & apparel (Jordan, El Salvador, or Guatemala)",
5208.31.80,"Dyed plain weave fabrics of cotton, containing 85% or more cotton by weight, weighing not more than 100 g/m2, of number 69 or higher, nesoi",New,"CAFTA-DR textiles & apparel (Jordan, El Salvador, or Guatemala)",
5208.32.10,"Dyed plain weave certified hand-loomed fabrics of cotton, cont. 85% or more cotton by weight, weighing over 100 g/m2 but not over 200 g/m2",New,"CAFTA-DR textiles & apparel (Jordan, El Salvador, or Guatemala)",
5208.32.30,"Dyed plain weave fabrics of cotton, nesoi, 85% or more cotton by weight, over 100 g/m2 but not more than 200 g/m2, of number 42 or lower",New,"CAFTA-DR textiles & apparel (Jordan, El Salvador, or Guatemala)",
5208.32.40,"Dyed plain weave fabrics of cotton, nesoi, 85% or more cotton by weight, over 100 g/m2 but not more than 200 g/m2, of numbers 43-68",New,"CAFTA-DR textiles & apparel (Jordan, El Salvador, or Guatemala)",
5208.32.50,"Dyed plain weave fabrics of cotton, nesoi, 85% or more cotton by weight, over 100 g/m2 but not more than 200 g/m2, of number 69 or higher",New,"CAFTA-DR textiles & apparel (Jordan, El Salvador, or Guatemala)",
5208.33.00,"Dyed 3- or 4-thread twill fabrics of cotton, including cross twill, 85% or more cotton by weight, weighing not more than 200 g/m2",New,"CAFTA-DR textiles & apparel (Jordan, El Salvador, or Guatemala)",
5208.39.20,"Dyed satin or twill weave fabrics of cotton, containing 85% or more cotton by weight, weighing not more than 200 g/m2, nesoi",New,"CAFTA-DR textiles & apparel (Jordan, El Salvador, or Guatemala)",
5208.39.40,"Dyed woven fabrics of cotton, nesoi, containing 85% or more cotton by weight, weighing not more than 200 g/m2, of number 42 or lower",New,"CAFTA-DR textiles & apparel (Jordan, El Salvador, or Guatemala)",
5208.39.60,"Dyed woven fabrics of cotton, nesoi, containing 85% or more cotton by weight, weighing not more than 200 g/m2, of numbers 43-68",New,"CAFTA-DR textiles & apparel (Jordan, El Salvador, or Guatemala)",
5208.39.80,"Dyed woven fabrics of cotton, nesoi, containing 85% or more cotton by weight, weighing not more than 200 g/m2, of number 69 or higher",New,"CAFTA-DR textiles & apparel (Jordan, El Salvador, or Guatemala)",
5208.41.20,"Plain weave certified hand-loomed fabrics of cotton, 85% or more cotton by weight, weighing not over 100 g/m2, of yarns of different colors",New,"CAFTA-DR textiles & apparel (Jordan, El Salvador, or Guatemala)",
5208.41.40,"Plain weave fabrics of cotton, 85% or more cotton by weight, weighing not over 100 g/m2, number 42 or lower, of yarns of different colors",New,"CAFTA-DR textiles & apparel (Jordan, El Salvador, or Guatemala)",
5208.41.60,"Plain weave fabrics of cotton, 85% or more cotton by weight, weighing not over 100 g/m2, of numbers 43-68, of yarns of different colors",New,"CAFTA-DR textiles & apparel (Jordan, El Salvador, or Guatemala)",
5208.41.80,"Plain weave fabrics of cotton, 85% or more cotton by weight, weighing not over 100 g/m2, of number 69 or higher, of yarn of different colors",New,"CAFTA-DR textiles & apparel (Jordan, El Salvador, or Guatemala)",
5208.42.10,"Plain weave certified hand-loomed fabrics of cotton, 85% or more cotton by weight, over 100 but n/o 200 g/m2, of yarns of different colors",New,"CAFTA-DR textiles & apparel (Jordan, El Salvador, or Guatemala)",
5208.42.30,"Plain weave fabrics of cotton, 85% or more cotton by weight, over 100 but n/o 200 g/m2, of numbers 42 or lower, of yarns of different colors",New,"CAFTA-DR textiles & apparel (Jordan, El Salvador, or Guatemala)",
5208.42.40,"Plain weave fabrics of cotton, 85% or more cotton by weight, over 100 but n/o 200 g/m2, of numbers 43-68, of yarns of different colors",New,"CAFTA-DR textiles & apparel (Jordan, El Salvador, or Guatemala)",
5208.42.50,"Plain weave fabrics of cotton, 85% or more cotton by weight, over 100 but n/o 200 g/m2, number 69 or higher, of yarns of different colors",New,"CAFTA-DR textiles & apparel (Jordan, El Salvador, or Guatemala)",
5208.43.00,"3- or 4-thread twill fabrics of cotton, including cross twill, 85% or more cotton by weight, not over 200 g/m2, of yarns of different colors",New,"CAFTA-DR textiles & apparel (Jordan, El Salvador, or Guatemala)",
5208.49.20,"Satin or twill weave fabrics of cotton, cont. 85% or more cotton by weight, weighing not over 200 g/m2, of yarns of different colors, nesoi",New,"CAFTA-DR textiles & apparel (Jordan, El Salvador, or Guatemala)",
5208.49.40,"Woven fabrics of cotton, nesoi, 85% or more cotton by weight, wt not more than 200 g/m2, of number 42 or lower, of yarns of different colors",New,"CAFTA-DR textiles & apparel (Jordan, El Salvador, or Guatemala)",
5208.49.60,"Woven fabrics of cotton, nesoi, 85% or more cotton by weight, wt not over 200 g/m2, of numbers 43- 68, of yarns of different colors",New,"CAFTA-DR textiles & apparel (Jordan, El Salvador, or Guatemala)",
5208.49.80,"Woven fabrics of cotton, nesoi, 85% or more cotton by weight, wt not over 200 g/m2, of number 69 or higher, of yarns of different colors",New,"CAFTA-DR textiles & apparel (Jordan, El Salvador, or Guatemala)",
5208.51.20,"Printed certified hand-loomed plain weave fabrics of cotton, 85% or more cotton by weight, weighing not over 100 g/m2",New,"CAFTA-DR textiles & apparel (Jordan, El Salvador, or Guatemala)",
5208.51.40,"Printed plain weave fabrics of cotton, containg 85% or more cotton by weight, weighing not over 100 g/m2, of number 42 or lower",New,"CAFTA-DR textiles & apparel (Jordan, El Salvador, or Guatemala)",
5208.51.60,"Printed plain weave fabrics of cotton, containing 85% or more cotton by weight, weighing not over 100 g/m2, of numbers 43-68",New,"CAFTA-DR textiles & apparel (Jordan, El Salvador, or Guatemala)",
5208.51.80,"Printed plain weave fabrics of cotton, containg 85% or more cotton by weight, weighing not over 100 g/m2, of number 69 or higher",New,"CAFTA-DR textiles & apparel (Jordan, El Salvador, or Guatemala)",
5208.52.10,"Printed certified hand-loomed plain weave fabrics of cotton, 85% or more cotton by weight, wt more than 100 g/m2 but not more than 200 g/m2",New,"CAFTA-DR textiles & apparel (Jordan, El Salvador, or Guatemala)",
5208.52.30,"Printed plain weave fabrics of cotton, 85% or more cotton by weight, weighing over 100g/m2 but not more than 200 g/m2, of number 42 or lower",New,"CAFTA-DR textiles & apparel (Jordan, El Salvador, or Guatemala)",
5208.52.40,"Printed plain weave fabrics of cotton, 85% or more cotton by weight, weighing over 100 g/m2 but not more than 200 g/m2, of numbers 43-68",New,"CAFTA-DR textiles & apparel (Jordan, El Salvador, or Guatemala)",
5208.52.50,"Printed plain weave fabrics of cotton, 85% or more cotton by weight, weighing over 100g/m2 but not more than 200g/m2, of number 69 or higher",New,"CAFTA-DR textiles & apparel (Jordan, El Salvador, or Guatemala)",
5208.59.10,"Printed 3- or 4-thread twill fabrics of cotton, including cross twill, 85% or more cotton by weight, weighing not more than 200 g/m2",New,"CAFTA-DR textiles & apparel (Jordan, El Salvador, or Guatemala)",
5208.59.20,"Printed satin or twill weave fabrics of cotton, containing 85% or more cotton by weight, weighing not more than 200 g/m2, nesoi",New,"CAFTA-DR textiles & apparel (Jordan, El Salvador, or Guatemala)",
5208.59.40,"Printed woven fabrics of cotton, nesoi, containing 85% or more cotton by weight, weighing not more than 200 g/m2, of number 42 or lower",New,"CAFTA-DR textiles & apparel (Jordan, El Salvador, or Guatemala)",
5208.59.60,"Printed woven fabrics of cotton, nesoi, containing 85% or more cotton by weight, weighing not more than 200 g/m2, of numbers 43-68",New,"CAFTA-DR textiles & apparel (Jordan, El Salvador, or Guatemala)",
5208.59.80,"Printed woven fabrics of cotton, nesoi, containing 85% or more cotton by weight, weighing not more than 200 g/m2, of number 69 or higher",New,"CAFTA-DR textiles & apparel (Jordan, El Salvador, or Guatemala)",
5209.11.00,"Unbleached plain weave fabrics of cotton, 85 percent or more cotton by weight, weight more than 200 g/m2",New,"CAFTA-DR textiles & apparel (Jordan, El Salvador, or Guatemala)",
5209.12.00,"Unbleached 3- or 4-thread twill fabrics of cotton, including cross twill, 85 percent or more cotton by weight, weighing more than 200 g/m2",New,"CAFTA-DR textiles & apparel (Jordan, El Salvador, or Guatemala)",
5209.19.00,"Unbleached woven fabrics of cotton, nesoi, containing 85% or more cotton by weight, weighing more than 200g/m2",New,"CAFTA-DR textiles & apparel (Jordan, El Salvador, or Guatemala)",
5209.21.00,"Bleached plain weave fabrics of cotton, 85% or more cotton by weight, weighing more than 200 g/m2",New,"CAFTA-DR textiles & apparel (Jordan, El Salvador, or Guatemala)",
5209.22.00,"Bleached 3- or 4-thread twill fabrics of cotton, including cross twill, 85 percent or more cotton by weight, weighing more than 200 g/m2",New,"CAFTA-DR textiles & apparel (Jordan, El Salvador, or Guatemala)",
5209.29.00,"Bleached woven fabrics of cotton, nesoi, containing 85% or more cotton by weight, weighing more than 200g/m2",New,"CAFTA-DR textiles & apparel (Jordan, El Salvador, or Guatemala)",
5209.31.30,"Dyed, plain weave certified hand-loomed fabrics of cotton, containing 85% or more cotton by weight, weighing more than 200 g/m2",New,"CAFTA-DR textiles & apparel (Jordan, El Salvador, or Guatemala)",
5209.31.60,"Dyed, plain weave fabrics of cotton, containing 85% or more cotton by weight, weighing more than 200 g/m2, nesoi",New,"CAFTA-DR textiles & apparel (Jordan, El Salvador, or Guatemala)",
5209.32.00,"Dyed 3- or 4-thread twill fabrics of cotton, including cross twill, containing 85% or more cotton by weight, weighing more than 200 g/m2",New,"CAFTA-DR textiles & apparel (Jordan, El Salvador, or Guatemala)",
5209.39.00,"Dyed woven fabrics of cotton, nesoi, containing 85% or more cotton by weight, weighing more than 200 g/m2",New,"CAFTA-DR textiles & apparel (Jordan, El Salvador, or Guatemala)",
5209.41.30,"Plain weave certified hand-loomed fabrics of cotton, cont. 85% or more cotton by weight, weighing over 200 g/m2, of yarns of different colors",New,"CAFTA-DR textiles & apparel (Jordan, El Salvador, or Guatemala)",
5209.41.60,"Plain weave fabrics of cotton, nesoi, containing 85% or more cotton by weight, weighing more than 200 g/m2, of yarns of different colors",New,"CAFTA-DR textiles & apparel (Jordan, El Salvador, or Guatemala)",
5209.42.00,"Denim containing 85% or more cotton by weight, weighing more than 200 g/m2, of yarns of different colors",New,"CAFTA-DR textiles & apparel (Jordan, El Salvador, or Guatemala)",
5209.43.00,"3- or 4-thread twill fabrics of cotton, incl. cross twill, nesoi, 85% or more cotton by wt, weighing ov 200g/m2, of yarns of different colors",New,"CAFTA-DR textiles & apparel (Jordan, El Salvador, or Guatemala)",
5209.49.00,"Woven fabrics of cotton, nesoi, containing 85% or more cotton by weight, weighing more than 200 g/m2, of yarns of different colors",New,"CAFTA-DR textiles & apparel (Jordan, El Salvador, or Guatemala)",
5209.51.30,"Printed plain weave certified hand-loomed fabrics of cotton, containing 85% or more cotton by weight, weighing more than 200 g/m2",New,"CAFTA-DR textiles & apparel (Jordan, El Salvador, or Guatemala)",
5209.51.60,"Printed plain weave fabrics of cotton, nesoi, containing 85% or more cotton by weight, weighing more than 200 g/m2",New,"CAFTA-DR textiles & apparel (Jordan, El Salvador, or Guatemala)",
5209.52.00,"Printed 3- or 4-thread twill fabrics of cotton, including cross twill, containing 85% or more cotton by weight, weighing more than 200 g/m2",New,"CAFTA-DR textiles & apparel (Jordan, El Salvador, or Guatemala)",
5209.59.00,"Printed woven fabrics of cotton, nesoi, containing 85% or more cotton by weight, weighing more than 200 g/m2",New,"CAFTA-DR textiles & apparel (Jordan, El Salvador, or Guatemala)",
5210.11.40,"Unbleached plain weave fabrics of cotton, < 85% cotton, mixed mainly/solely with man-made fibers, wt < 200 g/m2, of number 42 or lower",New,"CAFTA-DR textiles & apparel (Jordan, El Salvador, or Guatemala)",
5210.11.60,"Unbleached plain weave fabrics of cotton, < 85% cotton, mixed mainly/solely with man-made fibers, wt < 200 g/m2, of numbers 43-68",New,"CAFTA-DR textiles & apparel (Jordan, El Salvador, or Guatemala)",
5210.11.80,"Unbleached plain weave fabrics of cotton, < 85% cotton, mixed mainly/solely with man-made fibers, wt < 200 g/m2, of number 69 or higher",New,"CAFTA-DR textiles & apparel (Jordan, El Salvador, or Guatemala)",
5210.19.10,"Unbleached 3- or 4-thread twill fabrics of cotton, incl. cross twill, < 85% cotton by wt, mixed mainly/solely with mm fibers, n/o 200 g/m2",New,"CAFTA-DR textiles & apparel (Jordan, El Salvador, or Guatemala)",
5210.19.20,"Unbleached satin or twill weave fabrics of cotton, < 85% cotton by wt, mixed mainly/solely with man- made fibers, not more than 200 g/m2",New,"CAFTA-DR textiles & apparel (Jordan, El Salvador, or Guatemala)",
5210.19.40,"Unbleached woven fabrics of cotton, nesoi, < 85% cotton by wt, mixed mainly/solely with man-made fibers, n/o 200 g/m2, of number 42 or lower",New,"CAFTA-DR textiles & apparel (Jordan, El Salvador, or Guatemala)",
5210.19.60,"Unbleached woven fabrics of cotton, nesoi, < 85% cotton by wt, mixed mainly/solely with man-made fibers, n/o 200 g/m2, of numbers 43-68",New,"CAFTA-DR textiles & apparel (Jordan, El Salvador, or Guatemala)",
5210.19.80,"Unbleached woven fabrics of cotton, nesoi, < 85% cotton by wt, mixed mainly/solely w/man-made fibers, n/o 200 g/m2, of number 69 or higher",New,"CAFTA-DR textiles & apparel (Jordan, El Salvador, or Guatemala)",
5210.21.40,"Bleached plain weave fabrics of cotton, < 85% cotton by wt, mixed mainly/solely with man-made fibers, n/o 200 g/m2, of number 42 or lower",New,"CAFTA-DR textiles & apparel (Jordan, El Salvador, or Guatemala)",
5210.21.60,"Bleached plain weave fabrics of cotton, < 85% cotton by wt, mixed mainly/solely with man-made fibers, not over 200 g/m2, of numbers 43-68",New,"CAFTA-DR textiles & apparel (Jordan, El Salvador, or Guatemala)",
5210.21.80,"Bleached plain weave fabrics of cotton, < 85% cotton by wt, mixed mainly/solely with man-made fibers, n/o 200 g/m2, of number 69 or higher",New,"CAFTA-DR textiles & apparel (Jordan, El Salvador, or Guatemala)",
5210.29.10,"Bleached 3- or 4-thread twill fabrics of cotton, incl. cross twill, < 85% cotton by wt, mixed mainly/solely w/man-made fibers, n/o 200 g/m2",New,"CAFTA-DR textiles & apparel (Jordan, El Salvador, or Guatemala)",
5210.29.20,"Bleached satin or twill weave fabrics of cotton, < 85% cotton by weight, mixed mainly/solely with man-made fibers, not more than 200 g/m2",New,"CAFTA-DR textiles & apparel (Jordan, El Salvador, or Guatemala)",
5210.29.40,"Bleached woven fabrics of cotton, nesoi, < 85% cotton by weight, mixed mainly/solely w/man-made fibers, n/o 200 g/m2, of number 42 or lower",New,"CAFTA-DR textiles & apparel (Jordan, El Salvador, or Guatemala)",
5210.29.60,"Bleached woven fabrics of cotton, nesoi, < 85% cotton by weight, mixed mainly/solely with man- made fibers, n/o 200 g/m2, of numbers 43-68",New,"CAFTA-DR textiles & apparel (Jordan, El Salvador, or Guatemala)",
5210.29.80,"Bleached woven fabrics of cotton, nesoi, < 85% cotton by wt, mixed mainly/solely with man-made fibers, n/o 200 g/m2, of number 69 or higher",New,"CAFTA-DR textiles & apparel (Jordan, El Salvador, or Guatemala)",
5210.31.40,"Dyed plain weave fabrics of cotton, < 85% cotton by wt, mixed mainly/solely with man-made fibers, not over 200 g/m2, of number 42 or lower",New,"CAFTA-DR textiles & apparel (Jordan, El Salvador, or Guatemala)",
5210.31.60,"Dyed plain weave fabrics of cotton, < 85% cotton by wt, mixed mainly/solely with man-made fibers, not over 200 g/m2, of numbers 43-68",New,"CAFTA-DR textiles & apparel (Jordan, El Salvador, or Guatemala)",
5210.31.80,"Dyed plain weave cotton fabrics, < 85% cotton by wt, mixed mainly/solely with man-made fibers, not over 200 g/m2, of number 69 or higher",New,"CAFTA-DR textiles & apparel (Jordan, El Salvador, or Guatemala)",
5210.32.00,"Dyed 3 or 4-thread twill fabrics of cotton, incl. cross twill, < 85% cotton by wt, mixed mainly/solely with man-made fibers, wt n/o 200 g/m2",New,"CAFTA-DR textiles & apparel (Jordan, El Salvador, or Guatemala)",
5210.39.20,"Dyed satin or twill weave fabrics of cotton, < 85% cotton by wt, mixed mainly/solely with man-made fibers, weighing not more than 200 g/m2",New,"CAFTA-DR textiles & apparel (Jordan, El Salvador, or Guatemala)",
5210.39.40,"Dyed woven fabrics of cotton, nesoi, < 85% cotton by weight, mixed mainly/solely w/man-made fibers, not over 200 g/m2, of number 42 or lower",New,"CAFTA-DR textiles & apparel (Jordan, El Salvador, or Guatemala)",
5210.39.60,"Dyed woven fabrics of cotton, nesoi, < 85% cotton by weight, mixed mainly/solely w/man-made fibers, not over 200 g/m2, of numbers 43-68",New,"CAFTA-DR textiles & apparel (Jordan, El Salvador, or Guatemala)",
5210.39.80,"Dyed woven fabrics of cotton, nesoi, < 85% cotton by wt, mixed mainly/solely w/man-made fibers, not over 200 g/m2, of number 69 or higher",New,"CAFTA-DR textiles & apparel (Jordan, El Salvador, or Guatemala)",
5210.41.40,"Plain weave cotton fabrics, < 85% cotton by wt, mixed mainly/solely w/mm fibers, n/o 200 g/m2, of number 42 or lower, of yarn of diff colors",New,"CAFTA-DR textiles & apparel (Jordan, El Salvador, or Guatemala)",
5210.41.60,"Plain weave cotton fabrics, < 85% cotton by wt, mixed mainly/solely w/mm fibers, n/o 200 g/m2, of numbers 43-68, of yarn of different colors",New,"CAFTA-DR textiles & apparel (Jordan, El Salvador, or Guatemala)",
5210.41.80,"Plain weave cotton fabrics, < 85% cotton by wt, mixed mainly/solely w/mm fibers, n/o 200 g/m2, number 69 or higher, of yarn of diff colors",New,"CAFTA-DR textiles & apparel (Jordan, El Salvador, or Guatemala)",
5210.49.10,"3- or 4-thread twill fabrics of cotton, incl. cross twill,< 85% cotton by wt, mixed mainly/solely w/mm fibers, n/o 200 g/m2,of yarn diff colors",New,"CAFTA-DR textiles & apparel (Jordan, El Salvador, or Guatemala)",
5210.49.20,"Satin or twill weave fabrics of cotton,< 85% cotton by wt, mixed mainly/solely w/mm fibers, wt n/o 200g/m2, of yarn of different colors, nesoi",New,"CAFTA-DR textiles & apparel (Jordan, El Salvador, or Guatemala)",
5210.49.40,"Woven fabrics of cotton, nesoi,< 85% cotton by wt, mixed mainly/solely w/mm fibers, n/o 200g/m2, of number 42 or lower, of yarn of diff colors",New,"CAFTA-DR textiles & apparel (Jordan, El Salvador, or Guatemala)",
5210.49.60,"Woven fabrics of cotton, nesoi,< 85% cotton by wt, mixed mainly/solely w/man-made fibers, n/o 200 g/m2, numbers 43-68, of yarn of diff colors",New,"CAFTA-DR textiles & apparel (Jordan, El Salvador, or Guatemala)",
5210.49.80,"Woven fabrics of cotton, nesoi, < 85% cotton by wt, mixed mainly with m-m fibers, n/o 200 g/m2, number 69 or higher, of yarn of diff colors",New,"CAFTA-DR textiles & apparel (Jordan, El Salvador, or Guatemala)",
5210.51.40,"Printed plain weave cotton fabrics, < 85% cotton by wt, mixed mainly/solely with man-made fibers, n/o 200 g/m2, of number 42 or lower",New,"CAFTA-DR textiles & apparel (Jordan, El Salvador, or Guatemala)",
5210.51.60,"Printed plain weave cotton fabrics, < 85% cotton by wt, mixed mainly/solely with man-made fibers, n/o 200 g/m2, of numbers 43-68",New,"CAFTA-DR textiles & apparel (Jordan, El Salvador, or Guatemala)",
5210.51.80,"Printed plain weave cotton fabrics, < 85% cotton by weight, mixed mainly/solely with man-made fibers, n/o 200 g/m2, of number 69 or higher",New,"CAFTA-DR textiles & apparel (Jordan, El Salvador, or Guatemala)",
5210.59.10,"Printed 3- or 4-thread twill fabrics of cotton, incl. cross twill, < 85% cotton by wt, mixed mainly/solely w/man-made fibers, n/o 200 g/m2",New,"CAFTA-DR textiles & apparel (Jordan, El Salvador, or Guatemala)",
5210.59.20,"Printed satin or twill weave cotton fabrics, nesoi, < 85% cotton by wt, mixed mainly/solely with man- made fibers, weighing n/o 200 g/m2",New,"CAFTA-DR textiles & apparel (Jordan, El Salvador, or Guatemala)",
5210.59.40,"Printed woven fabrics of cotton, nesoi, < 85% cotton by wt, mixed mainly/solely with man-made fibers, wt n/o 200g/m2, of number 42 or lower",New,"CAFTA-DR textiles & apparel (Jordan, El Salvador, or Guatemala)",
5210.59.60,"Printed woven fabrics of cotton, nesoi, < 85% cotton by wt, mixed mainly/solely with man-made fibers, weighing n/o 200g/m2, of numbers 43-68",New,"CAFTA-DR textiles & apparel (Jordan, El Salvador, or Guatemala)",
5210.59.80,"Printed woven fabrics of cotton, nesoi, < 85% cotton by wt, mixed mainly/solely w/man-made fibers, weighing n/o 200g/m2, number 69 or higher",New,"CAFTA-DR textiles & apparel (Jordan, El Salvador, or Guatemala)",
5211.11.00,"Unbleached plain weave fabrics of cotton, < 85% cotton by wt, mixed mainly/solely with man-made fibers, over 200 g/m2",New,"CAFTA-DR textiles & apparel (Jordan, El Salvador, or Guatemala)",
5211.12.00,"Unbleached 3- or 4-thread twill fabrics of cotton, incl. cross twill, < 85% cotton by wt, mixed mainly/solely w/man-made fiber, ov 200 g/m2",New,"CAFTA-DR textiles & apparel (Jordan, El Salvador, or Guatemala)",
5211.19.00,"Unbleached woven fabrics of cotton, nesoi, containing < 85% cotton by weight, mixed mainly/solely with man-made fibers, more than 200 g/m2",New,"CAFTA-DR textiles & apparel (Jordan, El Salvador, or Guatemala)",
5211.20.21,"Bleached plain weave fabrics of cotton, < 85% cotton by weight, mixed mainly/solely with man- made fibers, over 200 g/m2",New,"CAFTA-DR textiles & apparel (Jordan, El Salvador, or Guatemala)",
5211.20.22,"Bleached 3- or 4-thread twill fabrics of cotton, incl. cross twill, < 85% cotton by wt, mixed mainly/solely w/man-made fibers, over 200 g/m2",New,"CAFTA-DR textiles & apparel (Jordan, El Salvador, or Guatemala)",
5211.20.29,"Bleached woven fabrics of cotton, nesoi, containing < 85% cotton by weight, mixed mainly/solely with man-made fibers, more than 200g/m2",New,"CAFTA-DR textiles & apparel (Jordan, El Salvador, or Guatemala)",
5211.31.00,"Dyed plain weave fabrics of cotton, containing < 85% cotton by weight, mixed mainly/solely with man-made fibers, more than 200 g/m2",New,"CAFTA-DR textiles & apparel (Jordan, El Salvador, or Guatemala)",
5211.32.00,"Dyed 3- or 4-thread twill fabrics of cotton, incl. cross twill, < 85% cotton by wt, mixed mainly/solely w/man-made fibers, more than 200g/m2",New,"CAFTA-DR textiles & apparel (Jordan, El Salvador, or Guatemala)",
5211.39.00,"Dyed woven fabrics of cotton, nesoi, < 85% cotton by weight, mixed mainly/solely with man-made fibers, weighing more than 200g/m2",New,"CAFTA-DR textiles & apparel (Jordan, El Salvador, or Guatemala)",
5211.41.00,"Plain weave fabrics of cotton, < 85% cotton by weight, mixed mainly/solely with man-made fibers, over 200g/m2, of yarns of different colors",New,"CAFTA-DR textiles & apparel (Jordan, El Salvador, or Guatemala)",
5211.42.00,"Denim containing < 85% cotton by wt, mixed mainly/solely w/man-made fibers, weighing > 200 g/m2, of yarns of different colors",New,"CAFTA-DR textiles & apparel (Jordan, El Salvador, or Guatemala)",
5211.43.00,"3-or 4-thread twill fab of cotton, incl cross twill, nesoi,< 85% cotton wt, mixed mainly/solely w/mm fibers, ov 200 g/m2, of yarn of diff colors",New,"CAFTA-DR textiles & apparel (Jordan, El Salvador, or Guatemala)",
5211.49.00,"Woven fabrics of cotton, nesoi, < 85% cotton by weight, mixed mainly/solely w/manmade fibers, over 200g/m2, of yarns of different colors",New,"CAFTA-DR textiles & apparel (Jordan, El Salvador, or Guatemala)",
5211.51.00,"Printed plain weave fabrics of cotton, < 85% cotton by wt, mixed mainly/solely with man-made fibers, weighing more than 200g/m2",New,"CAFTA-DR textiles & apparel (Jordan, El Salvador, or Guatemala)",
5211.52.00,"Printed 3- or 4-thread twill fabrics of cotton, incl cross twill, < 85% cotton by wt, mixed mainly/solely with man-made fibers, over 200g/m2",New,"CAFTA-DR textiles & apparel (Jordan, El Salvador, or Guatemala)",
5211.59.00,"Printed woven fabrics of cotton, nesoi, < 85% cotton by weight, mixed mainly/solely with man- made fibers, weighing more than 200g/m2",New,"CAFTA-DR textiles & apparel (Jordan, El Salvador, or Guatemala)",
5212.11.10,"Other woven fabrics of cotton, containing 36% or more by weight of wool or fine hair, weighing not more than 200 g/m2, unbleached",New,"CAFTA-DR textiles & apparel (Jordan, El Salvador, or Guatemala)",
5212.11.60,"Other woven fabrics of cotton, nesoi, weighing not more than 200 g/m2, unbleached",New,"CAFTA-DR textiles & apparel (Jordan, El Salvador, or Guatemala)",
5212.12.10,"Other woven fabrics of cotton, containing 36% or more by weight of wool or fine hair, weighing not more than 200 g/m2, bleached",New,"CAFTA-DR textiles & apparel (Jordan, El Salvador, or Guatemala)",
5212.12.60,"Other woven fabrics of cotton, nesoi, weighing not more than 200 g/m2, bleached",New,"CAFTA-DR textiles & apparel (Jordan, El Salvador, or Guatemala)",
5212.13.10,"Other woven fabrics of cotton, containing 36% or more by weight of wool or fine hair, weighing not more than 200 g/m2, dyed",New,"CAFTA-DR textiles & apparel (Jordan, El Salvador, or Guatemala)",
5212.13.60,"Other woven fabrics of cotton, nesoi, weighing not more than 200 g/m2, dyed",New,"CAFTA-DR textiles & apparel (Jordan, El Salvador, or Guatemala)",
5212.14.10,"Other woven fabrics of cotton, containing 36% or more of wool or fine hair, weighing not more than 200 g/m2, of yarns of different colors",New,"CAFTA-DR textiles & apparel (Jordan, El Salvador, or Guatemala)",
5212.14.60,"Other woven fabrics of cotton, nesoi, weighing not more than 200 g/m2, of yarns of different colors",New,"CAFTA-DR textiles & apparel (Jordan, El Salvador, or Guatemala)",
5212.15.10,"Other woven fabrics of cotton, containing 36% or more by weight of wool or fine hair, weighing not more than 200 g/m2, printed",New,"CAFTA-DR textiles & apparel (Jordan, El Salvador, or Guatemala)",
5212.15.60,"Other woven fabrics of cotton, nesoi, weighing not more than 200 g/m2, printed",New,"CAFTA-DR textiles & apparel (Jordan, El Salvador, or Guatemala)",
5212.21.10,"Other woven fabrics of cotton, containing 36% or more by weight of wool or fine hair, weighing more than 200 g/m2, unbleached",New,"CAFTA-DR textiles & apparel (Jordan, El Salvador, or Guatemala)",
5212.21.60,"Other woven fabrics of cotton, nesoi, weighing more than 200 g/m2, unbleached",New,"CAFTA-DR textiles & apparel (Jordan, El Salvador, or Guatemala)",
5212.22.10,"Other woven fabrics of cotton, containing 36% or more by weight of wool or fine hair, weighing more than 200 g/m2, bleached",New,"CAFTA-DR textiles & apparel (Jordan, El Salvador, or Guatemala)",
5212.22.60,"Other woven fabrics of cotton, nesoi, weighing more than 200 g/m2, bleached",New,"CAFTA-DR textiles & apparel (Jordan, El Salvador, or Guatemala)",
5212.23.10,"Other woven fabrics of cotton, containing 36% or more by weight of wool or fine hair, weighing more than 200 g/m2, dyed",New,"CAFTA-DR textiles & apparel (Jordan, El Salvador, or Guatemala)",
5212.23.60,"Other woven fabrics of cotton, nesoi, weighing more than 200 g/m2, dyed",New,"CAFTA-DR textiles & apparel (Jordan, El Salvador, or Guatemala)",
5212.24.10,"Other woven fabrics of cotton, containing 36% or more by weight of wool or fine hair, weighing more than 200 g/m2,of yarns of different colors",New,"CAFTA-DR textiles & apparel (Jordan, El Salvador, or Guatemala)",
5212.24.60,"Other woven fabrics of cotton, nesoi, weighing more than 200 g/m2, of yarns of different colors",New,"CAFTA-DR textiles & apparel (Jordan, El Salvador, or Guatemala)",
5212.25.10,"Other woven fabrics of cotton, containing 36% or more by weight of wool or fine hair, weighing more than 200 g/m2, printed",New,"CAFTA-DR textiles & apparel (Jordan, El Salvador, or Guatemala)",
5212.25.60,"Other woven fabrics of cotton, nesoi, weighing more than 200 g/m2, printed",New,"CAFTA-DR textiles & apparel (Jordan, El Salvador, or Guatemala)",
5301.10.00,"Flax, raw or retted",New,"CAFTA-DR textiles & apparel (Jordan, El Salvador, or Guatemala)",
5301.21.00,"Flax, broken or scutched",New,"CAFTA-DR textiles & apparel (Jordan, El Salvador, or Guatemala)",
5301.29.00,"Flax, hackled or otherwise processed, except broken or scutched but not spun",New,"CAFTA-DR textiles & apparel (Jordan, El Salvador, or Guatemala)",
5301.30.00,Flax tow and waste (including yarn waste and garnetted stock),New,"CAFTA-DR textiles & apparel (Jordan, El Salvador, or Guatemala)",
5302.10.00,"True hemp, raw or retted",New,"CAFTA-DR textiles & apparel (Jordan, El Salvador, or Guatemala)",
5302.90.00,"True hemp, processed but not spun; tow and waste of true hemp (including yarn waste and garnetted stock)",New,"CAFTA-DR textiles & apparel (Jordan, El Salvador, or Guatemala)",
5303.10.00,"Jute and other textile bast fibers (excluding flax, true hemp and ramie), raw or retted",New,"CAFTA-DR textiles & apparel (Jordan, El Salvador, or Guatemala)",
5303.90.00,"Jute and other textile bast fibers (excluding flax, true hemp and ramie), processed but not spun; tow and waste of these fibers",New,"CAFTA-DR textiles & apparel (Jordan, El Salvador, or Guatemala)",
5305.00.00,"Coconut, abaca, ramie, other veg. fibers, nesoi, raw or processed, not spun; tow noils and their wastes (incl. yarn waste and garnetted stoc",New,"CAFTA-DR textiles & apparel (Jordan, El Salvador, or Guatemala)",
5306.10.00,"Flax yarn, single",New,"CAFTA-DR textiles & apparel (Jordan, El Salvador, or Guatemala)",
5306.20.00,"Flax yarn, multiple (folded) or cabled",New,"CAFTA-DR textiles & apparel (Jordan, El Salvador, or Guatemala)",
5307.10.00,"Yarn of jute or other textile bast fibers (excluding flax, true hemp, and ramie), single",New,"CAFTA-DR textiles & apparel (Jordan, El Salvador, or Guatemala)",
5307.20.00,"Yarn of jute or other textile bast fibers (excluding flax, true hemp, and ramie), multiple (folded) or cabled",New,"CAFTA-DR textiles & apparel (Jordan, El Salvador, or Guatemala)",
5308.10.00,Coir yarn,New,"CAFTA-DR textiles & apparel (Jordan, El Salvador, or Guatemala)",
5308.20.00,True hemp yarn,New,"CAFTA-DR textiles & apparel (Jordan, El Salvador, or Guatemala)",
5308.90.10,Paper yarn,New,"CAFTA-DR textiles & apparel (Jordan, El Salvador, or Guatemala)",
5308.90.90,"Yarn of other vegetable textile fibers, nesoi",New,"CAFTA-DR textiles & apparel (Jordan, El Salvador, or Guatemala)",
5309.11.00,"Woven fabrics of flax, containing 85 percent or more by weight of flax, unbleached or bleached",New,"CAFTA-DR textiles & apparel (Jordan, El Salvador, or Guatemala)",
5309.19.00,"Woven fabrics of flax, containing 85 percent or more by weight of flax, other than unbleached or bleached",New,"CAFTA-DR textiles & apparel (Jordan, El Salvador, or Guatemala)",
5309.21.20,"Woven fabrics of flax, containing less than 85% by weight of flax, containing over 17% of wool or fine animal hair, unbleached or bleached",New,"CAFTA-DR textiles & apparel (Jordan, El Salvador, or Guatemala)",
5309.21.30,"Woven fabrics of flax, < 85% by wt of flax, unbleached or bleached, containing < 17% by wt of wool and containing cotton and manmade fibers",New,"CAFTA-DR textiles & apparel (Jordan, El Salvador, or Guatemala)",
5309.21.40,"Woven fabrics of flax, containing less than 85 percent by weight of flax, unbleached or bleached, nesoi",New,"CAFTA-DR textiles & apparel (Jordan, El Salvador, or Guatemala)",
5309.29.20,"Woven fabrics of flax, containing < 85% by wt of flax, contain over 17% by wt of wool or fine animal hair, other than unbleached or bleached",New,"CAFTA-DR textiles & apparel (Jordan, El Salvador, or Guatemala)",
5309.29.30,"Woven fabrics of flax, less than 85% by wt of flax, containing less than 17% by wt of wool and containing cotton and manmade fibers, nesoi",New,"CAFTA-DR textiles & apparel (Jordan, El Salvador, or Guatemala)",
5309.29.40,"Woven fabrics of flax, containing less than 85 percent by weight of flax, other than unbleached or bleached, nesoi",New,"CAFTA-DR textiles & apparel (Jordan, El Salvador, or Guatemala)",
5310.10.00,Unbleached woven fabrics of jute or of other textile bast fibers of heading 5303,New,"CAFTA-DR textiles & apparel (Jordan, El Salvador, or Guatemala)",
5310.90.00,"Woven fabrics of jute or of other textile bast fibers of heading 5303, other than unbleached",New,"CAFTA-DR textiles & apparel (Jordan, El Salvador, or Guatemala)",
5311.00.20,"Woven fabrics of other vegetable textile fibers, containing more than 17% by weight of wool or fine animal hair",New,"CAFTA-DR textiles & apparel (Jordan, El Salvador, or Guatemala)",
5311.00.30,"Woven fabrics of other vegetable textile fibers, containing cotton and manmade fibers, nesoi",New,"CAFTA-DR textiles & apparel (Jordan, El Salvador, or Guatemala)",
5311.00.40,"Woven fabrics of other vegetable textile fibers, nesoi",New,"CAFTA-DR textiles & apparel (Jordan, El Salvador, or Guatemala)",
5311.00.60,Woven fabrics of paper yarn,New,"CAFTA-DR textiles & apparel (Jordan, El Salvador, or Guatemala)",
5401.10.00,"Sewing thread of synthetic filaments, whether or not put up for retail sale",New,"CAFTA-DR textiles & apparel (Jordan, El Salvador, or Guatemala)",
5401.20.00,"Sewing thread of artificial filaments, whether or not put up for retail sale",New,"CAFTA-DR textiles & apparel (Jordan, El Salvador, or Guatemala)",
5402.11.30,"Single high tenacity yarn of aramids, not put up for retail sale",New,"CAFTA-DR textiles & apparel (Jordan, El Salvador, or Guatemala)",
5402.11.60,"Multiple (folded) or cabled high tenacity yarn (except sewing thread) of aramids, not put up for retail sale",New,"CAFTA-DR textiles & apparel (Jordan, El Salvador, or Guatemala)",
5402.19.30,"Single high tenacity yarn of nylon or polyamides (except aramids), not put up for retail sale",New,"CAFTA-DR textiles & apparel (Jordan, El Salvador, or Guatemala)",
5402.19.60,"Multiple (folded) or cabled high tenacity yarn (except sewing thread) of nylon or other polyamides (except aramids), not put up for retail s",New,"CAFTA-DR textiles & apparel (Jordan, El Salvador, or Guatemala)",
5402.20.30,"Single high tenacity yarn of polyesters, not put up for retail sale",New,"CAFTA-DR textiles & apparel (Jordan, El Salvador, or Guatemala)",
5402.20.60,"Multiple (folded) or cabled high tenacity yarn (except sewing thread) of polyesters, not put up for retail sale",New,"CAFTA-DR textiles & apparel (Jordan, El Salvador, or Guatemala)",
5402.31.30,"Single textured yarn, of nylon or other polyamides, measuring not more than 500 decitex, not put up for retail sale",New,"CAFTA-DR textiles & apparel (Jordan, El Salvador, or Guatemala)",
5402.31.60,"Multiple or cabled textured yarn (except sewing thread), of polyamides, single yarn not more than 500 decitex, not put up for retail sale",New,"CAFTA-DR textiles & apparel (Jordan, El Salvador, or Guatemala)",
5402.32.30,"Single textured yarn, of nylon or other polyamides, measuring more than 500 decitex, not put up for retail sale",New,"CAFTA-DR textiles & apparel (Jordan, El Salvador, or Guatemala)",
5402.32.60,"Multiple or cabled textured yarn (except sewing thread), of polyamides, single yarn more than 500 decitex, not put up for retail sale",New,"CAFTA-DR textiles & apparel (Jordan, El Salvador, or Guatemala)",
5402.33.30,"Single textured yarn of polyesters, not put up for retail sale",New,"CAFTA-DR textiles & apparel (Jordan, El Salvador, or Guatemala)",
5402.33.60,"Multiple or cabled textured yarn (except sewing thread), of polyesters, not put up for retail sale",New,"CAFTA-DR textiles & apparel (Jordan, El Salvador, or Guatemala)",
5402.34.30,"Single textured polypropylene yarn, not put up for retail sale",New,"CAFTA-DR textiles & apparel (Jordan, El Salvador, or Guatemala)",
5402.34.60,"Multiple or cabled textured polypropylene yarn (except sewing thread), not put up for retail sale",New,"CAFTA-DR textiles & apparel (Jordan, El Salvador, or Guatemala)",
5402.39.31,"Single textured yarn, nesoi, not put up for retail sale",New,"CAFTA-DR textiles & apparel (Jordan, El Salvador, or Guatemala)",
5402.39.61,"Multiple or cabled textured yarn (except sewing thread), nesoi, not put up for retail sale",New,"CAFTA-DR textiles & apparel (Jordan, El Salvador, or Guatemala)",
5402.44.00,"Single elastomeric yarns, monofil, untwisted or with a twist not exceeding 50 turns per meter, not for retail sale",New,"CAFTA-DR textiles & apparel (Jordan, El Salvador, or Guatemala)",
5402.45.10,"Synth filament yarn, for doll wigs, of colored multifil, untwisted/with twist < 5 turns/meter, of nylon or other polyamide, not retail sale",New,"CAFTA-DR textiles & apparel (Jordan, El Salvador, or Guatemala)",
5402.45.90,"Syn filament yarn (not for doll wigs), of colored multifil, untwisted/with twist < 5 turns/meter, of nylon or o/polyamides, not retail sale",New,"CAFTA-DR textiles & apparel (Jordan, El Salvador, or Guatemala)",
5402.46.00,"Non-textured yarn of polyesters, partially oriented, single, untwisted or with a twist not exceeding 50 turns/m, not put up for retail sale",New,"CAFTA-DR textiles & apparel (Jordan, El Salvador, or Guatemala)",
5402.47.10,"Single yarn, twist of 0-50 turns/m, wholly polyester, 75-80 decitex, 24 filaments, nesoi, not put up for retail sale",New,"CAFTA-DR textiles & apparel (Jordan, El Salvador, or Guatemala)",
5402.47.90,"Single yarn, twist of 0-50 turns/m, other than wholly of polyester, nesoi, not put up for retail sale",New,"CAFTA-DR textiles & apparel (Jordan, El Salvador, or Guatemala)",
5402.48.00,"Non-textured polypropylene yarns, monofil, untwisted or with a twist not exceeding 50 turns per meter, not for retail sale",New,"CAFTA-DR textiles & apparel (Jordan, El Salvador, or Guatemala)",
5402.49.11,"Colored multifilament yarn to be used to make wigs for dolls, of modacrylic, untwisted or twisted, < 5 turns per meter, not for retail sale",New,"CAFTA-DR textiles & apparel (Jordan, El Salvador, or Guatemala)",
5402.49.91,"Other yarns, monofil; multifil, untwisted or twisted > or = to 5, not exceeding 50 turns per meter of other synthetic, not for retail sale",New,"CAFTA-DR textiles & apparel (Jordan, El Salvador, or Guatemala)",
5402.51.00,"Nylon or other polyamide yarns, single, with a twist exceeding 50 turns/m, not put up for retail sale",New,"CAFTA-DR textiles & apparel (Jordan, El Salvador, or Guatemala)",
5402.52.10,"Single yarn, twist exceeding 50 turns/m, wholly polyester, 75-80 decitex, 24 filaments, nesoi, not put up for retail sale",New,"CAFTA-DR textiles & apparel (Jordan, El Salvador, or Guatemala)",
5402.52.90,"Single yarn, twist exceeding 50 turns/m, other than wholly of polyester, nesoi, not put up for retail sale",New,"CAFTA-DR textiles & apparel (Jordan, El Salvador, or Guatemala)",
5402.53.00,"Synthetic filament yarn of polypropylene: single other twisted yarns exc nylon/polyester, >50 turns/M, not put up for retail sale",New,"CAFTA-DR textiles & apparel (Jordan, El Salvador, or Guatemala)",
5402.59.01,"Synthetic filament yarn nesoi: single other twisted yarns exc nylon/polyester, >50 turns/M, not put up for retail sale",New,"CAFTA-DR textiles & apparel (Jordan, El Salvador, or Guatemala)",
5402.61.00,"Nylon or other polyamide yarn, multiple (folded) or cabled, (except sewing thread), not put up for retail sale",New,"CAFTA-DR textiles & apparel (Jordan, El Salvador, or Guatemala)",
5402.62.00,"Polyester yarn, multiple (folded) or cabled, (except sewing thread), not put up for retail sale",New,"CAFTA-DR textiles & apparel (Jordan, El Salvador, or Guatemala)",
5402.63.00,"Synthetic filament yarn exc sewing thread of polypropylene, not for retail sale inc monofilament <67 decitex: other yarn multiple (folded) or cabled",New,"CAFTA-DR textiles & apparel (Jordan, El Salvador, or Guatemala)",
5402.69.01,"Synthetic filament yarn exc sewing thread nesoi, not for retail sale inc monofilament <67 decitex: other yarn multiple (folded) or cabled",New,"CAFTA-DR textiles & apparel (Jordan, El Salvador, or Guatemala)",
5403.10.30,"Single high tenacity yarn of viscose rayon, not put up for retail sale",New,"CAFTA-DR textiles & apparel (Jordan, El Salvador, or Guatemala)",
5403.10.60,"Multiple (folded) or cabled high tenacity yarn of viscose rayon (except sewing thread), not put up for retail sale",New,"CAFTA-DR textiles & apparel (Jordan, El Salvador, or Guatemala)",
5403.31.00,"Single yarn of viscose rayon (not high ten. or sewing thread), untwisted or with a twist not over 120 turns/m, not put up for retail sale",New,"CAFTA-DR textiles & apparel (Jordan, El Salvador, or Guatemala)",
5403.32.00,"Single yarn of viscose rayon (not high ten. or sewing thread), with twist exceeding 120 turns/m, not put up for retail sale",New,"CAFTA-DR textiles & apparel (Jordan, El Salvador, or Guatemala)",
5403.33.00,"Single yarn of cellulose acetate (not high ten. or sewing thread), not put up for retail sale",New,"CAFTA-DR textiles & apparel (Jordan, El Salvador, or Guatemala)",
5403.39.10,"Single textured artificial filament yarn (other than sewing thread), not put up for retail sale",New,"CAFTA-DR textiles & apparel (Jordan, El Salvador, or Guatemala)",
5403.39.90,"Artificial filament yarn nesoi, single, not put up for retail sale",New,"CAFTA-DR textiles & apparel (Jordan, El Salvador, or Guatemala)",
5403.41.00,"Viscose rayon yarn (except sewing thread), multiple (folded) or cabled, not put up for retail sale",New,"CAFTA-DR textiles & apparel (Jordan, El Salvador, or Guatemala)",
5403.42.00,"Yarn of cellulose acetate (except sewing thread) multiple (folded) or cabled, not put up for retail sale",New,"CAFTA-DR textiles & apparel (Jordan, El Salvador, or Guatemala)",
5403.49.10,"Multiple (folded) or cabled textured artificial filament yarn (other than sewing thread), not put up for retail sale",New,"CAFTA-DR textiles & apparel (Jordan, El Salvador, or Guatemala)",
5403.49.90,"Multiple (folded) or cabled non-textured artificial filament yarn (other than sewing thread), not put up for retail sale",New,"CAFTA-DR textiles & apparel (Jordan, El Salvador, or Guatemala)",
5404.11.00,"Synthetic monofilament (exc. polypropylene), elastomeric, of 67 decitex or more and with no cross-sectional dimension > 1 mm, nesoi",New,"CAFTA-DR textiles & apparel (Jordan, El Salvador, or Guatemala)",
5404.12.10,"Polypropylene monofilament of 67 decitex or more (not racket strings), and with no cross-sectional dim. > 1 mm, not over 254 mm in length",New,"CAFTA-DR textiles & apparel (Jordan, El Salvador, or Guatemala)",
5404.12.90,"Polypropylene monofilament of 67 decitex or more (not racket strings), and with no cross-sectional dim. > 1 mm, over 254 mm in length",New,"CAFTA-DR textiles & apparel (Jordan, El Salvador, or Guatemala)",
5404.19.10,Racket strings of synthetic monofilament of 67 decitex or more and of which no cross-sectional dimension exceeds 1 mm,New,"CAFTA-DR textiles & apparel (Jordan, El Salvador, or Guatemala)",
5404.19.80,"Synthetic monofilament (exc. polypropylene), of 67 decitex or more and with no cross-sectional dimension > 1 mm, nesoi",New,"CAFTA-DR textiles & apparel (Jordan, El Salvador, or Guatemala)",
5404.90.00,Strip and the like of synthetic textile materials of an apparent width not exceeding 5 mm,New,"CAFTA-DR textiles & apparel (Jordan, El Salvador, or Guatemala)",
5405.00.30,Artificial monofilament of 67 decitex or more and of which no cross-sectional dimension exceeds 1 mm,New,"CAFTA-DR textiles & apparel (Jordan, El Salvador, or Guatemala)",
5405.00.60,Strip and the like of artificial textile materials of an apparent width not exceeding 5 mm,New,"CAFTA-DR textiles & apparel (Jordan, El Salvador, or Guatemala)",
5406.00.10,"Synthetic filament yarn (except sewing thread), put up for retail sale",New,"CAFTA-DR textiles & apparel (Jordan, El Salvador, or Guatemala)",
5406.00.20,"Artificial filament yarn (except sewing thread), put up for retail sale",New,"CAFTA-DR textiles & apparel (Jordan, El Salvador, or Guatemala)",
5407.10.00,Woven fabrics obtained from high tenacity yarn of nylon or other polyamides or of polyesters,New,"CAFTA-DR textiles & apparel (Jordan, El Salvador, or Guatemala)",
5407.20.00,Woven fabrics obtained from strip or the like of synthetic textile materials,New,"CAFTA-DR textiles & apparel (Jordan, El Salvador, or Guatemala)",
5407.30.10,"Woven fabrics specified in note 9 to section XI, of synthetic filament yarn, over 60 percent by weight of plastics",New,"CAFTA-DR textiles & apparel (Jordan, El Salvador, or Guatemala)",
5407.30.90,"Woven fabrics specified in note 9 to section XI, of synthetic filament yarn, nesoi",New,"CAFTA-DR textiles & apparel (Jordan, El Salvador, or Guatemala)",
5407.41.00,"Woven fabrics, containing 85 percent or more by weight of filaments of nylon or other polyamides, unbleached or bleached",New,"CAFTA-DR textiles & apparel (Jordan, El Salvador, or Guatemala)",
5407.42.00,"Woven fabrics, containing 85 percent or more by weight of filaments of nylon or other polyamides, dyed",New,"CAFTA-DR textiles & apparel (Jordan, El Salvador, or Guatemala)",
5407.43.10,"Woven fabrics, over 85% by wt fil. of nylon/other polyamides, of diff colored yarns, thread count over 69-142/cm warp, over 31-71/cm filling",New,"CAFTA-DR textiles & apparel (Jordan, El Salvador, or Guatemala)",
5407.43.20,"Woven fabrics, containing 85 percent or more by weight of filaments of nylon or other polyamides, of yarns of different colors, nesoi",New,"CAFTA-DR textiles & apparel (Jordan, El Salvador, or Guatemala)",
5407.44.00,"Woven fabrics, containing 85 percent or more by weight of filaments of nylon or other polyamides, printed",New,"CAFTA-DR textiles & apparel (Jordan, El Salvador, or Guatemala)",
5407.51.00,"Woven fabrics, containing 85 percent or more by weight of textured polyester filaments, unbleached or bleached",New,"CAFTA-DR textiles & apparel (Jordan, El Salvador, or Guatemala)",
5407.52.05,"Woven fabrics, over 85 percent textured polyester filaments, dyed, less than 77 cm in width, thread count 69-142/cm warp, 31-71/cm filling",New,"CAFTA-DR textiles & apparel (Jordan, El Salvador, or Guatemala)",
5407.52.20,"Woven fabrics, over 85 percent textured polyester filaments, dyed, nesoi",New,"CAFTA-DR textiles & apparel (Jordan, El Salvador, or Guatemala)",
5407.53.10,"Woven fabrics, over 85% textured polyester filaments, of different colored yarns, thread count 69-142/cm warp and 31-71/cm filling",New,"CAFTA-DR textiles & apparel (Jordan, El Salvador, or Guatemala)",
5407.53.20,"Woven fabrics, containing 85 percent or more by weight of textured polyester filaments, of yarns of different colors, nesoi",New,"CAFTA-DR textiles & apparel (Jordan, El Salvador, or Guatemala)",
5407.54.00,"Woven fabrics, containing 85 percent or more by weight of textured polyester filaments, printed",New,"CAFTA-DR textiles & apparel (Jordan, El Salvador, or Guatemala)",
5407.61.11,"Woven fab, dyed, 100% polyester, <77cm wide, >69-142 warp >31-71 filling, of non-tex singles yarn, 75-80dtx, 24 fil/yn, twist 900+ turns/m",New,"CAFTA-DR textiles & apparel (Jordan, El Salvador, or Guatemala)",
5407.61.19,"Woven fab,dyed,85%+ non-tex poly. fil., <77cm wide, >69-142 warp >31-71 filling (not 100%poly. sin.yarn, 75-80dtx, 24 fil/yn & 900+ turns/m)",New,"CAFTA-DR textiles & apparel (Jordan, El Salvador, or Guatemala)",
5407.61.21,"Woven fab,yn diff colors,<77cm wide, >69-142 warp, >31-71 filling, 100% poly.non-tex sin. yarn of 75-80 dtx., 24 fil/yn & twist 900+ turns/m",New,"CAFTA-DR textiles & apparel (Jordan, El Salvador, or Guatemala)",
5407.61.29,"Woven fab,85%+ non-tex poly,yn diff colors,<77cm wide,>69-142 warp,>31-71 filling (not 100%poly sin yarn, 75-80dtx,24 fil/yn & 900+ turns/m)",New,"CAFTA-DR textiles & apparel (Jordan, El Salvador, or Guatemala)",
5407.61.91,"Woven fab, 85%+ non-tex poly fil, wholly of polyester, of single yarns 75-80 decitex, 24 fil/yarn & a twist of 900 or more turns/m",New,"CAFTA-DR textiles & apparel (Jordan, El Salvador, or Guatemala)",
5407.61.99,"Woven fab, of 85%+ non-text. polyester filaments, nesoi (not wholly polyester single yarns, 75-80 dtx, 24 fil/yarn & twist 900+ turns/m)",New,"CAFTA-DR textiles & apparel (Jordan, El Salvador, or Guatemala)",
5407.69.10,"Woven fab, containing 85%+ by wt of polyester filaments nesoi, unbleached or bleached",New,"CAFTA-DR textiles & apparel (Jordan, El Salvador, or Guatemala)",
5407.69.20,"Woven fab, containing 85%+ by wt of polyester filaments nesoi, dyed",New,"CAFTA-DR textiles & apparel (Jordan, El Salvador, or Guatemala)",
5407.69.30,"Woven fab, cont. 85%+ by wt polyester filaments nesoi, thread count >69-142/cm in warp & >31- 71/cm filling, of yarns of diff. colors",New,"CAFTA-DR textiles & apparel (Jordan, El Salvador, or Guatemala)",
5407.69.40,"Woven fab, containing 85%+ by wt polyester filaments nesoi, of yarns of different colors, nesoi",New,"CAFTA-DR textiles & apparel (Jordan, El Salvador, or Guatemala)",
5407.69.90,"Woven fab, containing 85%+ by wt polyester filaments nesoi, printed",New,"CAFTA-DR textiles & apparel (Jordan, El Salvador, or Guatemala)",
5407.71.00,"Woven fabrics, containing 85 percent or more by weight of synthetic filaments, unbleached or bleached",New,"CAFTA-DR textiles & apparel (Jordan, El Salvador, or Guatemala)",
5407.72.00,"Woven fabrics, containing 85 percent or more by weight of synthetic filaments, dyed",New,"CAFTA-DR textiles & apparel (Jordan, El Salvador, or Guatemala)",
5407.73.10,"Woven fabrics, cont. 85% or more syn. filaments by weight, thread count >69-142/cm warp and >31- 71/cm filling, of different colored yarns",New,"CAFTA-DR textiles & apparel (Jordan, El Salvador, or Guatemala)",
5407.73.20,"Woven fabrics, containing 85% or more by weight of synthetic filaments, of yarns of different colors, nesoi",New,"CAFTA-DR textiles & apparel (Jordan, El Salvador, or Guatemala)",
5407.74.00,"Woven fabrics, containing 85 percent or more by weight of synthetic filaments, printed",New,"CAFTA-DR textiles & apparel (Jordan, El Salvador, or Guatemala)",
5407.81.00,"Woven fabrics, containing less than 85% by weight of synthetic filaments, mixed mainly or solely with cotton, unbleached or bleached",New,"CAFTA-DR textiles & apparel (Jordan, El Salvador, or Guatemala)",
5407.82.00,"Woven fabrics, containing less than 85 percent by weight of synthetic filaments, mixed mainly or solely with cotton, dyed",New,"CAFTA-DR textiles & apparel (Jordan, El Salvador, or Guatemala)",
5407.83.00,"Woven fabrics, less than 85 percent by weight of synthetic filaments, mixed mainly or solely with cotton, of yarns of different colors",New,"CAFTA-DR textiles & apparel (Jordan, El Salvador, or Guatemala)",
5407.84.00,"Woven fabrics, containing less than 85 percent by weight of synthetic filaments, mixed mainly or solely with cotton, printed",New,"CAFTA-DR textiles & apparel (Jordan, El Salvador, or Guatemala)",
5407.91.05,"Woven fabrics of synthetic filament yarn nesoi, containing 36 percent or more by weight of wool or fine animal hair, unbleached or bleached",New,"CAFTA-DR textiles & apparel (Jordan, El Salvador, or Guatemala)",
5407.91.10,"Woven fabrics of synthetic filament yarn nesoi, mixed mainly or solely with wool or fine animal hair, unbleached or bleached, nesoi",New,"CAFTA-DR textiles & apparel (Jordan, El Salvador, or Guatemala)",
5407.91.20,"Woven fabrics of synthetic filament yarn nesoi, unbleached or bleached, nesoi",New,"CAFTA-DR textiles & apparel (Jordan, El Salvador, or Guatemala)",
5407.92.05,"Woven fabrics of synthetic filament yarn nesoi, containing 36 percent or more by weight of wool or fine animal hair, dyed",New,"CAFTA-DR textiles & apparel (Jordan, El Salvador, or Guatemala)",
5407.92.10,"Woven fabrics of synthetic filament yarn nesoi, mixed mainly or solely with wool or fine animal hair, cont. <36% wool/fine animal hair, dyed",New,"CAFTA-DR textiles & apparel (Jordan, El Salvador, or Guatemala)",
5407.92.20,"Woven fabrics of synthetic filament yarn nesoi, dyed, nesoi",New,"CAFTA-DR textiles & apparel (Jordan, El Salvador, or Guatemala)",
5407.93.05,"Woven fabrics of synthetic filament yarn nesoi, containing 36% or more by weight of wool or fine animal hair, of yarns of different colors",New,"CAFTA-DR textiles & apparel (Jordan, El Salvador, or Guatemala)",
5407.93.10,"Woven fabrics of synthetic filament yarn nesoi, mixed mainly or solely with wool or fine animal hair, of yarns of different colors, nesoi",New,"CAFTA-DR textiles & apparel (Jordan, El Salvador, or Guatemala)",
5407.93.15,"Woven fabrics, cont. 85% or more of man-made filaments, thread count >69-142/cm warp and >31- 71/cm filling, of different colored yarns",New,"CAFTA-DR textiles & apparel (Jordan, El Salvador, or Guatemala)",
5407.93.20,"Woven fabrics of synthetic filament yarn nesoi, of yarns of different colors, nesoi",New,"CAFTA-DR textiles & apparel (Jordan, El Salvador, or Guatemala)",
5407.94.05,"Woven fabrics of synthetic filament yarn nesoi, containing 36 percent or more by weight of wool or fine animal hair, printed",New,"CAFTA-DR textiles & apparel (Jordan, El Salvador, or Guatemala)",
5407.94.10,"Woven fabrics of synthetic filament yarn nesoi, mixed mainly/solely with wool/fine animal hair, contain < 36% wool/fine animal hair, printed",New,"CAFTA-DR textiles & apparel (Jordan, El Salvador, or Guatemala)",
5407.94.20,"Woven fabrics of synthetic filament yarn nesoi, printed, nesoi",New,"CAFTA-DR textiles & apparel (Jordan, El Salvador, or Guatemala)",
5408.10.00,"Woven fabrics obtained from high tenacity yarn, of viscose rayon",New,"CAFTA-DR textiles & apparel (Jordan, El Salvador, or Guatemala)",
5408.21.00,"Woven fabrics, containing 85 percent or more by weight of artificial filament or strip or the like, unbleached or bleached",New,"CAFTA-DR textiles & apparel (Jordan, El Salvador, or Guatemala)",
5408.22.10,"Woven fabric, 85%+ artificial filament or strip or the like, dyed, of cuprammonium rayon",New,"CAFTA-DR textiles & apparel (Jordan, El Salvador, or Guatemala)",
5408.22.90,"Woven fabric, 85%+ artificial filament or strip or the like, dyed, not of cuprammonium rayon, nesoi",New,"CAFTA-DR textiles & apparel (Jordan, El Salvador, or Guatemala)",
5408.23.11,"Woven fabric, 85%+ artificial filament/strip, of yarns of different colors,> 69-142 warp & > 31-71 filling yarns, of cupra/rayon, nesoi",New,"CAFTA-DR textiles & apparel (Jordan, El Salvador, or Guatemala)",
5408.23.19,"Woven fabric, 85%+ artificial filament/strip, of yarns of different colors,> 69-142 warp & > 31-71 filling yarns, not of cupra/rayon, nesoi",New,"CAFTA-DR textiles & apparel (Jordan, El Salvador, or Guatemala)",
5408.23.21,"Woven fabric, 85%+ artificial filament/strip, of yarns of different colors, not 69-142 warp & 31-71 filling yarns, of cupra/rayon, nesoi",New,"CAFTA-DR textiles & apparel (Jordan, El Salvador, or Guatemala)",
5408.23.29,"Woven fabric, 85%+ artificial filament/strip, of yarns of different colors, not 69-142 warp & 31-71 filling yarns, not of cupra/rayon, nesoi",New,"CAFTA-DR textiles & apparel (Jordan, El Salvador, or Guatemala)",
5408.24.10,"Woven fabric, 85%+ artificial filament/strip, printed, of cuprammonium rayon, nesoi",New,"CAFTA-DR textiles & apparel (Jordan, El Salvador, or Guatemala)",
5408.24.90,"Woven fabric, 85%+ artificial filament/strip, printed, not of cuprammonium rayon, nesoi",New,"CAFTA-DR textiles & apparel (Jordan, El Salvador, or Guatemala)",
5408.31.05,"Woven fabrics of artificial filament yarn nesoi, containing 36 percent or more by wt of wool or fine animal hair, unbleached or bleached",New,"CAFTA-DR textiles & apparel (Jordan, El Salvador, or Guatemala)",
5408.31.10,"Woven fabrics of artificial filament yarn nesoi, mixed mainly or solely with wool or fine animal hair, unbleached or bleached, nesoi",New,"CAFTA-DR textiles & apparel (Jordan, El Salvador, or Guatemala)",
5408.31.20,"Woven fabrics of artificial filament yarn nesoi, unbleached or bleached, nesoi",New,"CAFTA-DR textiles & apparel (Jordan, El Salvador, or Guatemala)",
5408.32.05,"Woven fabrics of artificial filament yarn nesoi, containing 36 percent or more by wt of wool or fine animal hair, dyed",New,"CAFTA-DR textiles & apparel (Jordan, El Salvador, or Guatemala)",
5408.32.10,"Woven fabrics of artificial filament yarn nesoi, mixed mainly or solely with wool or fine animal hair, dyed, nesoi",New,"CAFTA-DR textiles & apparel (Jordan, El Salvador, or Guatemala)",
5408.32.30,"Woven fabrics of artificial filament yarn nesoi, dyed, 30 percent or more by wt of silk or silk waste, valued over $33/kg",New,"CAFTA-DR textiles & apparel (Jordan, El Salvador, or Guatemala)",
5408.32.90,"Woven fabrics of artificial filament yarn nesoi, dyed, nesoi",New,"CAFTA-DR textiles & apparel (Jordan, El Salvador, or Guatemala)",
5408.33.05,"Woven fabrics of artificial filament yarn nesoi, containing 36% or more by wt of wool or fine animal hair, of yarns of different colors",New,"CAFTA-DR textiles & apparel (Jordan, El Salvador, or Guatemala)",
5408.33.10,"Woven fabrics of artificial filament yarn nesoi, mixed mainly or solely with wool or fine animal hair, of yarns of different colors, nesoi",New,"CAFTA-DR textiles & apparel (Jordan, El Salvador, or Guatemala)",
5408.33.15,"Woven fabrics cont. 85% or more mm filaments nesoi, thread count > 69-142/cm warp and > 31- 71/cm filling, of different colored yarns",New,"CAFTA-DR textiles & apparel (Jordan, El Salvador, or Guatemala)",
5408.33.30,"Woven fabrics of artificial filament yarn nesoi, of yarns of different colors, 30 percent or more of silk or silk waste, valued over $33/kg",New,"CAFTA-DR textiles & apparel (Jordan, El Salvador, or Guatemala)",
5408.33.90,"Woven fabrics of artificial filament yarn nesoi, of yarns of different colors, nesoi",New,"CAFTA-DR textiles & apparel (Jordan, El Salvador, or Guatemala)",
5408.34.05,"Woven fabrics of artificial filament yarn nesoi, containing 36 percent or more by weight of wool or fine animal hair, printed",New,"CAFTA-DR textiles & apparel (Jordan, El Salvador, or Guatemala)",
5408.34.10,"Woven fabrics of artificial filament yarn nesoi, mixed mainly or solely with wool or fine animal hair, printed, nesoi",New,"CAFTA-DR textiles & apparel (Jordan, El Salvador, or Guatemala)",
5408.34.30,"Woven fabrics of artificial filament yarn nesoi, printed, 30 percent or more by weight of silk or silk waste, valued over $33/kg",New,"CAFTA-DR textiles & apparel (Jordan, El Salvador, or Guatemala)",
5408.34.90,"Woven fabrics of artificial filament yarn nesoi, printed, nesoi",New,"CAFTA-DR textiles & apparel (Jordan, El Salvador, or Guatemala)",
5501.11.00,Synthetic filament tow of aramids,New,"CAFTA-DR textiles & apparel (Jordan, El Salvador, or Guatemala)",
5501.19.00,"Synthetic filament tow of nylon or other polyamides, other than aramids",New,"CAFTA-DR textiles & apparel (Jordan, El Salvador, or Guatemala)",
5501.20.00,Synthetic filament tow of polyesters,New,"CAFTA-DR textiles & apparel (Jordan, El Salvador, or Guatemala)",
5501.30.00,Synthetic filament tow of acrylic or modacrylic,New,"CAFTA-DR textiles & apparel (Jordan, El Salvador, or Guatemala)",
5501.40.00,"Synthetic filament tow, of polypropylene",New,"CAFTA-DR textiles & apparel (Jordan, El Salvador, or Guatemala)",
5501.90.01,"Synthetic filament tow, nesoi",New,"CAFTA-DR textiles & apparel (Jordan, El Salvador, or Guatemala)",
5502.10.00,Artificial filament tow of cellulose acetate,New,"CAFTA-DR textiles & apparel (Jordan, El Salvador, or Guatemala)",
5502.90.00,Artificial filament tow other than of cellulose acetate,New,"CAFTA-DR textiles & apparel (Jordan, El Salvador, or Guatemala)",
5503.11.00,"Synthetic staple fibers, n/carded, combed or otherwise processed for spinning, of aramids",New,"CAFTA-DR textiles & apparel (Jordan, El Salvador, or Guatemala)",
5503.19.10,"Synthetic staple fibers, n/carded, combed or otherwise processed for spinning, of nylon/other polyamides (except aramids), cont 10% or more",New,"CAFTA-DR textiles & apparel (Jordan, El Salvador, or Guatemala)",
5503.19.90,"Synthetic staple fibers, n/carded, combed or otherwise processed for spinning, of nylon or other polyamides (except aramids), nesoi",New,"CAFTA-DR textiles & apparel (Jordan, El Salvador, or Guatemala)",
5503.20.00,"Synthetic staple fibers, not carded, combed or otherwise processed for spinning, of polyesters",New,"CAFTA-DR textiles & apparel (Jordan, El Salvador, or Guatemala)",
5503.30.00,"Synthetic (acrylic or modacrylic) staple fibers, not carded, combed or otherwise processed for spinning",New,"CAFTA-DR textiles & apparel (Jordan, El Salvador, or Guatemala)",
5503.40.00,"Synthetic staple fibers, not carded, combed or otherwise processed for spinning, of polypropylene",New,"CAFTA-DR textiles & apparel (Jordan, El Salvador, or Guatemala)",
5503.90.10,"Synthetic staple fibers, not carded, combed or otherwise processed for spinning, of vinyon",New,"CAFTA-DR textiles & apparel (Jordan, El Salvador, or Guatemala)",
5503.90.90,"Synthetic staple fibers, not carded, combed or otherwise processed for spinning, nesoi",New,"CAFTA-DR textiles & apparel (Jordan, El Salvador, or Guatemala)",
5504.10.00,"Artificial staple fibers, not carded, combed or otherwise processed for spinning, of viscose rayon",New,"CAFTA-DR textiles & apparel (Jordan, El Salvador, or Guatemala)",
5504.90.00,"Artificial staple fibers, not carded, combed or otherwise processed for spinning, other than of viscose rayon",New,"CAFTA-DR textiles & apparel (Jordan, El Salvador, or Guatemala)",
5505.10.00,"Waste (including noils, yarn waste and garnetted stock) of synthetic fibers",New,"CAFTA-DR textiles & apparel (Jordan, El Salvador, or Guatemala)",
5505.20.00,"Waste (including noils, yarn waste and garnetted stock) of artificial fibers",New,"CAFTA-DR textiles & apparel (Jordan, El Salvador, or Guatemala)",
5506.10.00,"Synthetic staple fibers, carded, combed or otherwise processed for spinning, of nylon or other polyamides",New,"CAFTA-DR textiles & apparel (Jordan, El Salvador, or Guatemala)",
5506.20.00,"Synthetic staple fibers, carded, combed or otherwise processed for spinning, of polyesters",New,"CAFTA-DR textiles & apparel (Jordan, El Salvador, or Guatemala)",
5506.30.00,"Synthetic (acrylic or modacrylic) staple fibers, carded, combed or otherwise processed for spinning",New,"CAFTA-DR textiles & apparel (Jordan, El Salvador, or Guatemala)",
5506.40.00,"Synthetic staple fibers of polypropylene, carded, combed or otherwise processed for spinning",New,"CAFTA-DR textiles & apparel (Jordan, El Salvador, or Guatemala)",
5506.90.01,"Other Synthetic staple fibers nesoi, carded, combed or otherwise processed for spinning",New,"CAFTA-DR textiles & apparel (Jordan, El Salvador, or Guatemala)",
5507.00.00,"Artificial staple fibers, carded, combed or otherwise processed for spinning",New,"CAFTA-DR textiles & apparel (Jordan, El Salvador, or Guatemala)",
5508.10.00,"Sewing thread of synthetic staple fibers, whether or not put up for retail sale",New,"CAFTA-DR textiles & apparel (Jordan, El Salvador, or Guatemala)",
5508.20.00,"Sewing thread of artificial staple fibers, whether or not put up for retail sale",New,"CAFTA-DR textiles & apparel (Jordan, El Salvador, or Guatemala)",
5509.11.00,"Yarn (other than sewing thread) containing 85% or more by weight of nylon/polyamide staple fibers, singles, not put up for retail sale",New,"CAFTA-DR textiles & apparel (Jordan, El Salvador, or Guatemala)",
5509.12.00,"Yarn (other than sewing thread) cont. 85% or more by weight of nylon/polyamide staple fibers, multiple or cabled, not put up for retail sale",New,"CAFTA-DR textiles & apparel (Jordan, El Salvador, or Guatemala)",
5509.21.00,"Yarn (other than sewing thread) containing 85% or more by weight of polyester staple fibers, singles, not put up for retail sale",New,"CAFTA-DR textiles & apparel (Jordan, El Salvador, or Guatemala)",
5509.22.00,"Yarn (other than sewing thread) cont. 85% or more by weight of polyester staple fibers, multiple or cabled, not put up for retail sale",New,"CAFTA-DR textiles & apparel (Jordan, El Salvador, or Guatemala)",
5509.31.00,"Yarn (not sewing thread) cont. 85% or more by weight of acrylic or modacrylic staple fibers, singles, not put up for retail sale",New,"CAFTA-DR textiles & apparel (Jordan, El Salvador, or Guatemala)",
5509.32.00,"Yarn (not sewing thread) cont. 85% or more by wt. of acrylic or modacrylic staple fibers,multiple or cabled,not put up for retail sale",New,"CAFTA-DR textiles & apparel (Jordan, El Salvador, or Guatemala)",
5509.41.00,"Yarn (other than sewing thread) containing 85% or more by weight of synthetic staple fibers nesoi, singles, not put up for retail sale",New,"CAFTA-DR textiles & apparel (Jordan, El Salvador, or Guatemala)",
5509.42.00,"Yarn (other than sewing thread) cont. 85% or more by weight of synthetic staple fibers nesoi, multiple or cabled, not put up for retail sale",New,"CAFTA-DR textiles & apparel (Jordan, El Salvador, or Guatemala)",
5509.51.30,"Yarn (not sewing thread) of polyester staple fibers mixed mainly/solely with artificial staple fibers, single, not put up for retail sale",New,"CAFTA-DR textiles & apparel (Jordan, El Salvador, or Guatemala)",
5509.51.60,"Yarn (not sewing thread) of polyester staple fibers mixed mainly/solely with artificial staple fibers, multiple, not put up for retail sale",New,"CAFTA-DR textiles & apparel (Jordan, El Salvador, or Guatemala)",
5509.52.00,"Yarn (other than sewing thread) of polyester staple fibers mixed mainly/solely with wool or fine animal hair, not put up for retail sale",New,"CAFTA-DR textiles & apparel (Jordan, El Salvador, or Guatemala)",
5509.53.00,"Yarn (other than sewing thread) of polyester staple fibers mixed mainly or solely with cotton, not put up for retail sale",New,"CAFTA-DR textiles & apparel (Jordan, El Salvador, or Guatemala)",
5509.59.00,"Yarn (other than sewing thread) of polyester staple fibers nesoi, not put up for retail sale",New,"CAFTA-DR textiles & apparel (Jordan, El Salvador, or Guatemala)",
5509.61.00,"Yarn (other than sewing thread) of acrylic or modacrylic staple fibers mixed with wool or fine animal hair, not put up for retail sale",New,"CAFTA-DR textiles & apparel (Jordan, El Salvador, or Guatemala)",
5509.62.00,"Yarn (other than sewing thread) of acrylic or modacrylic staple fibers mixed mainly or solely with cotton, not put up for retail sale",New,"CAFTA-DR textiles & apparel (Jordan, El Salvador, or Guatemala)",
5509.69.20,"Yarn (not sew thread) of acrylic/modacrylic staple fibers mixed mainly/solely w/artificial staple fibers, singles, not for retail sale",New,"CAFTA-DR textiles & apparel (Jordan, El Salvador, or Guatemala)",
5509.69.40,"Yarn (not sewing thread) of acrylic/modacrylic staple fiber mixed mainly/solely w/artificial staple fiber,multiple or cabled,not retail sale",New,"CAFTA-DR textiles & apparel (Jordan, El Salvador, or Guatemala)",
5509.69.60,"Yarn (other than sewing thread) of acrylic or modacrylic staple fibers nesoi, not put up for retail sale",New,"CAFTA-DR textiles & apparel (Jordan, El Salvador, or Guatemala)",
5509.91.00,"Yarn (other than sewing thread) of synthetic staple fibers mixed mainly or solely with wool or fine animal hair, not put up for retail sale",New,"CAFTA-DR textiles & apparel (Jordan, El Salvador, or Guatemala)",
5509.92.00,"Yarn (other than sewing thread) of synthetic staple fibers mixed mainly or solely with cotton, not put up for retail sale",New,"CAFTA-DR textiles & apparel (Jordan, El Salvador, or Guatemala)",
5509.99.20,"Yarn (not sewing thread) of synthetic staple fibers nesoi, mixed mainly/solely w/artificial staple fibers, singles, not for retail sale",New,"CAFTA-DR textiles & apparel (Jordan, El Salvador, or Guatemala)",
5509.99.40,"Yarn (not sewing thread) of synthetic staple fibers nesoi, mixed mainly/solely w/artificial staple fibers, multiple, not for retail sale",New,"CAFTA-DR textiles & apparel (Jordan, El Salvador, or Guatemala)",
5509.99.60,"Yarn (other than sewing thread) of synthetic staple fibers nesoi, not put up for retail sale",New,"CAFTA-DR textiles & apparel (Jordan, El Salvador, or Guatemala)",
5510.11.00,"Yarn (other than sewing thread) containing 85% or more by weight of artificial staple fibers, singles, not put up for retail sale",New,"CAFTA-DR textiles & apparel (Jordan, El Salvador, or Guatemala)",
5510.12.00,"Yarn (other than sewing thread) cont. 85% or more by weight of artificial staple fibers, multiple or cabled, not put up for retail sale",New,"CAFTA-DR textiles & apparel (Jordan, El Salvador, or Guatemala)",
5510.20.00,"Yarn (other than sewing thread) of artificial staple fibers mixed mainly or solely with wool or fine animal hair, not put up for retail sale",New,"CAFTA-DR textiles & apparel (Jordan, El Salvador, or Guatemala)",
5510.30.00,"Yarn (other than sewing thread) of artificial staple fibers mixed mainly or solely with cotton, not put up for retail sale",New,"CAFTA-DR textiles & apparel (Jordan, El Salvador, or Guatemala)",
5510.90.20,"Yarn (other than sewing thread) of artificial staple fibers mixed mainly/solely with synthetic staple fibers, singles, not for retail sale",New,"CAFTA-DR textiles & apparel (Jordan, El Salvador, or Guatemala)",
5510.90.40,"Yarn (other than sewing thread) of artificial staple fibers mixed mainly/solely with synthetic staple fibers, multiple, not for retail sale",New,"CAFTA-DR textiles & apparel (Jordan, El Salvador, or Guatemala)",
5510.90.60,"Yarn (other than sewing thread) of artificial staple fibers nesoi, not put up for retail sale",New,"CAFTA-DR textiles & apparel (Jordan, El Salvador, or Guatemala)",
5511.10.00,"Yarn (other than sewing thread) of synthetic staple fibers, containing 85% or more by weight of such fibers, put up for retail sale",New,"CAFTA-DR textiles & apparel (Jordan, El Salvador, or Guatemala)",
5511.20.00,"Yarn (other than sewing thread) of synthetic staple fibers, containing less than 85% by weight of such fibers, put up for retail sale",New,"CAFTA-DR textiles & apparel (Jordan, El Salvador, or Guatemala)",
5511.30.00,"Yarn (other than sewing thread) of artificial staple fibers, put up for retail sale",New,"CAFTA-DR textiles & apparel (Jordan, El Salvador, or Guatemala)",
5512.11.00,"Woven fabrics containing 85% or more by weight of polyester staple fibers, unbleached or bleached",New,"CAFTA-DR textiles & apparel (Jordan, El Salvador, or Guatemala)",
5512.19.00,"Woven fabrics containing 85% or more by weight of polyester staple fibers, other than unbleached or bleached",New,"CAFTA-DR textiles & apparel (Jordan, El Salvador, or Guatemala)",
5512.21.00,"Woven fabrics containing 85% or more by weight of acrylic or modacrylic staple fibers, unbleached or bleached",New,"CAFTA-DR textiles & apparel (Jordan, El Salvador, or Guatemala)",
5512.29.00,"Woven fabrics containing 85% or more by weight of acrylic or modacrylic staple fibers, other than unbleached or bleached",New,"CAFTA-DR textiles & apparel (Jordan, El Salvador, or Guatemala)",
5512.91.00,"Woven fabrics, containing 85% or more by weight of synthetic fibers nesoi, unbleached or bleached",New,"CAFTA-DR textiles & apparel (Jordan, El Salvador, or Guatemala)",
5512.99.00,"Woven fabrics, containing 85% or more by weight of synthetic fibers nesoi, other than unbleached or bleached",New,"CAFTA-DR textiles & apparel (Jordan, El Salvador, or Guatemala)",
5513.11.00,"Woven fabric of poly staple fiber, < 85% wt poly staple fibers,mixed mainly/solely w/cotton,wt n/o 170 g/m2,plain weave,unbleached/bleached",New,"CAFTA-DR textiles & apparel (Jordan, El Salvador, or Guatemala)",
5513.12.00,"Woven 3-or 4-thread twill fabric of poly staple fib, < 85% poly staple fiber,mixed mainly/solely w/cotton,wt n/o 170 g/m2,unbleached/bleached",New,"CAFTA-DR textiles & apparel (Jordan, El Salvador, or Guatemala)",
5513.13.00,"Woven fabrics of polyester staple fibers, < 85% polyester staple fibers, mixed mainly/solely w/cotton,n/o 170 g/m2,unbleached/bleached, nesoi",New,"CAFTA-DR textiles & apparel (Jordan, El Salvador, or Guatemala)",
5513.19.00,"Woven fabrics of synthetic staple fibers nesoi, < 85% by weight of such fibers, mixed with cotton, n/o 170g/m2, unbleached or bleached",New,"CAFTA-DR textiles & apparel (Jordan, El Salvador, or Guatemala)",
5513.21.00,"Woven fabrics of polyester staple fibers, < 85% polyester staple fibers, mixed mainly/solely w/cotton, not over 170 g/m2, plain weave, dyed",New,"CAFTA-DR textiles & apparel (Jordan, El Salvador, or Guatemala)",
5513.23.01,"Woven fabrics of polyester staple fibers, < 85% by wt polyester staple fibers, mixed mainly/solely w/cotton, not over 170 g/m2, dyed, nesoi",New,"CAFTA-DR textiles & apparel (Jordan, El Salvador, or Guatemala)",
5513.29.00,"Woven fabrics of synthetic staple fibers nesoi, < 85% by wt of such fibers, mixed mainly/solely w/cotton, weighing n/o 170g/m2, dyed, nesoi",New,"CAFTA-DR textiles & apparel (Jordan, El Salvador, or Guatemala)",
5513.31.00,"Woven fabrics of poly staple fib, < 85% polyester staple fibers,mixed mainly/solely w/cotton,n/o 170 g/m2,plain weave,of yarns of dif. colors",New,"CAFTA-DR textiles & apparel (Jordan, El Salvador, or Guatemala)",
5513.39.01,"Woven fabrics of synthetic staple fibers nesoi, < 85% by wt of such fibers, mixed mainly/solely w/cotton, n/o 170g/m2, of dif. colored yarns",New,"CAFTA-DR textiles & apparel (Jordan, El Salvador, or Guatemala)",
5513.41.00,"Printed plain weave fabrics of poly staple fib, < 85% by weight polyester staple fibers, mixed mainly/solely with cotton, n/o 170g/m2",New,"CAFTA-DR textiles & apparel (Jordan, El Salvador, or Guatemala)",
5513.49.10,"Printed 3-or 4-thread twill fabric of poly staple fib,incl cross twill,< 85% wt poly staple fibers,mixed mainly/solely w/cotton,n/o 170g/m2",New,"CAFTA-DR textiles & apparel (Jordan, El Salvador, or Guatemala)",
5513.49.20,"Printed woven fabrics of polyester staple fibers, < 85% by wt polyester staple fibers, mixed mainly/solely with cotton, weighing n/o 170g/m2",New,"CAFTA-DR textiles & apparel (Jordan, El Salvador, or Guatemala)",
5513.49.90,"Printed woven fabrics of synthetic staple fibers nesoi, < 85% by weight of such fibers, mixed mainly or solely with cotton, n/o 170g/m2",New,"CAFTA-DR textiles & apparel (Jordan, El Salvador, or Guatemala)",
5514.11.00,"Plain weave fabrics of poly staple fiber, < 85% wt polyester staple fibers, mixed mainly/solely w/cotton, wt ov 170 g/m2, unbleached/bleached",New,"CAFTA-DR textiles & apparel (Jordan, El Salvador, or Guatemala)",
5514.12.00,"Wov 3-or 4-thread twill fabric of poly staple fib, < 85% polyester staple fiber,mixed mainly/solely w/cotton,ov 170 g/m2,unbleached/bleached",New,"CAFTA-DR textiles & apparel (Jordan, El Salvador, or Guatemala)",
5514.19.10,"Woven fabric of polyester staple fiber, < 85% wt polyester, mixed mainly/solely w/cotton, over 170 g/m2, unbleached/bleached",New,"CAFTA-DR textiles & apparel (Jordan, El Salvador, or Guatemala)",
5514.19.90,"Unbleached or bleached woven fabric of synthetic staple fibers nesoi, < 85% by wt of such fibers, mixed mainly/solely w/cotton, over 170g/m2",New,"CAFTA-DR textiles & apparel (Jordan, El Salvador, or Guatemala)",
5514.21.00,"Plain weave fabrics of polyester staple fiber, < 85% by wt polyester staple fibers, mixed mainly/solely with cotton, over 170 g/m2, dyed",New,"CAFTA-DR textiles & apparel (Jordan, El Salvador, or Guatemala)",
5514.22.00,"Wov 3-or 4-thread twill fabric of poly staple fib,incl cross twill,< 85% poly staple fibers,mixed mainly/solely w/cotton,ov 170 g/m2, dyed",New,"CAFTA-DR textiles & apparel (Jordan, El Salvador, or Guatemala)",
5514.23.00,"Woven fabrics of polyester staple fib, < 85% by wt polyester staple fibers, mixed mainly/solely w/cotton, over 170 g/m2, dyed, nesoi",New,"CAFTA-DR textiles & apparel (Jordan, El Salvador, or Guatemala)",
5514.29.00,"Dyed woven fabrics of synthetic staple fibers nesoi, < 85% by weight of such fibers, mixed mainly or solely with cotton, over 170g/m2",New,"CAFTA-DR textiles & apparel (Jordan, El Salvador, or Guatemala)",
5514.30.31,"Plain weave fabrics of poly staple fiber, < 85% polyester staple fibers, mixed mainly/solely with cotton,ov 170 g/m2,of yarns of dif. colors",New,"CAFTA-DR textiles & apparel (Jordan, El Salvador, or Guatemala)",
5514.30.32,"Woven 3-or 4-thread twill fabric of poly staple fib,< 85% poly staple fibers,mixed mainly/solely w/cotton,ov 170 g/m2,of yarn of dif. colors",New,"CAFTA-DR textiles & apparel (Jordan, El Salvador, or Guatemala)",
5514.30.33,"Woven fabrics of poly staple fiber,< 85% polyester staple fibers,mixed mainly/solely w/cotton,ov 170 g/m2,of yarns of different colors,nesoi",New,"CAFTA-DR textiles & apparel (Jordan, El Salvador, or Guatemala)",
5514.30.39,"Woven fabrics of synthetic staple fibers nesoi, < 85% by wt of such fibers, mixed mainly/solely w/cotton, ov 170g/m2, of dif. colored yarns",New,"CAFTA-DR textiles & apparel (Jordan, El Salvador, or Guatemala)",
5514.41.00,"Printed plain weave fabrics of polyester staple fiber, < 85% by wt polyester staple fibers, mixed mainly or solely with cotton, over 170g/m2",New,"CAFTA-DR textiles & apparel (Jordan, El Salvador, or Guatemala)",
5514.42.00,"Printed 3-or 4-thread twill fab of poly staple fib,incl cross twill,< 85% by wt poly staple fibers, mixed mainly/solely w/cotton,ov 170g/m",New,"CAFTA-DR textiles & apparel (Jordan, El Salvador, or Guatemala)",
5514.43.00,"Printed woven fabrics of polyester staple fiber, < 85% by wt polyester staple fibers, mixed mainly/solely with cotton, over 170g/m2, nesoi",New,"CAFTA-DR textiles & apparel (Jordan, El Salvador, or Guatemala)",
5514.49.00,"Printed woven fabrics of synthetic staple fibers nesoi, < 85% by weight of such fibers, mixed mainly or solely with cotton, over 170g/m2",New,"CAFTA-DR textiles & apparel (Jordan, El Salvador, or Guatemala)",
5515.11.00,"Woven fabrics of polyester staple fibers, mixed mainly or solely with viscose rayon staple fibers, nesoi",New,"CAFTA-DR textiles & apparel (Jordan, El Salvador, or Guatemala)",
5515.12.00,"Woven fabrics of polyester staple fibers, mixed mainly or solely with man-made filaments, nesoi",New,"CAFTA-DR textiles & apparel (Jordan, El Salvador, or Guatemala)",
5515.13.05,"Woven fabrics of polyester staple fibers, containing 36 percent or more by weight of wool or fine animal hair, nesoi",New,"CAFTA-DR textiles & apparel (Jordan, El Salvador, or Guatemala)",
5515.13.10,"Woven fabrics of polyester staple fibers, mixed mainly or solely with wool or fine animal hair, nesoi",New,"CAFTA-DR textiles & apparel (Jordan, El Salvador, or Guatemala)",
5515.19.00,"Woven fabrics of polyester staple fibers, nesoi",New,"CAFTA-DR textiles & apparel (Jordan, El Salvador, or Guatemala)",
5515.21.00,"Woven fabrics of acrylic or modacrylic staple fibers, mixed mainly or solely with man-made filaments, nesoi",New,"CAFTA-DR textiles & apparel (Jordan, El Salvador, or Guatemala)",
5515.22.05,"Woven fabrics of acrylic or modacrylic staple fibers, containing 36% or more by weight of wool or fine animal hair, nesoi",New,"CAFTA-DR textiles & apparel (Jordan, El Salvador, or Guatemala)",
5515.22.10,"Woven fabrics of acrylic or modacrylic staple fibers, mixed mainly or solely with wool or fine animal hair, nesoi",New,"CAFTA-DR textiles & apparel (Jordan, El Salvador, or Guatemala)",
5515.29.00,"Woven fabrics of acrylic or modacrylic staple fibers, nesoi",New,"CAFTA-DR textiles & apparel (Jordan, El Salvador, or Guatemala)",
5515.91.00,"Woven fabrics of synthetic staple fibers (not polyester/acrylic or modacrylic staple fiber) mixed mainly/solely w/man-made filaments, nesoi",New,"CAFTA-DR textiles & apparel (Jordan, El Salvador, or Guatemala)",
5515.99.05,"Woven fabrics of synthetic staple fibers (not polyester/acrylic or modacrylic staple fiber) contain 36% or more wool/fine animal hair, nesoi",New,"CAFTA-DR textiles & apparel (Jordan, El Salvador, or Guatemala)",
5515.99.10,"Woven fabrics of synthetic staple fibers (not polyester/acrylic/modacrylic staple fiber) mixed mainly/solely w/wool/fine animal hair,nesoi",New,"CAFTA-DR textiles & apparel (Jordan, El Salvador, or Guatemala)",
5515.99.90,"Woven fabrics of synthetic staple fibers (not of polyester, acrylic or modacrylic staple fibers), nesoi",New,"CAFTA-DR textiles & apparel (Jordan, El Salvador, or Guatemala)",
5516.11.00,"Woven fabrics of artificial staple fibers, containing 85% or more by weight of such fibers, unbleached or bleached",New,"CAFTA-DR textiles & apparel (Jordan, El Salvador, or Guatemala)",
5516.12.00,"Woven fabrics of artificial staple fibers, containing 85% or more by weight of such fibers, dyed",New,"CAFTA-DR textiles & apparel (Jordan, El Salvador, or Guatemala)",
5516.13.00,"Woven fabrics of artificial staple fibers, containing 85% or more by weight of such fibers, of yarns of different colors",New,"CAFTA-DR textiles & apparel (Jordan, El Salvador, or Guatemala)",
5516.14.00,"Woven fabrics of artificial staple fibers, containing 85% or more by weight of such fibers, printed",New,"CAFTA-DR textiles & apparel (Jordan, El Salvador, or Guatemala)",
5516.21.00,"Woven fabrics of artificial staple fibers, < 85% by weight of such fibers, mixed mainly/solely with man-made filaments, unbleached/bleached",New,"CAFTA-DR textiles & apparel (Jordan, El Salvador, or Guatemala)",
5516.22.00,"Woven fabrics of artificial staple fibers, < 85% by weight of such fibers, mixed mainly/solely with man-made filaments, dyed",New,"CAFTA-DR textiles & apparel (Jordan, El Salvador, or Guatemala)",
5516.23.00,"Woven fabrics of artificial staple fibers, < 85% by wt of such fibers, mixed mainly/solely w/man-made filaments, of different colored yarns",New,"CAFTA-DR textiles & apparel (Jordan, El Salvador, or Guatemala)",
5516.24.00,"Woven fabrics of artificial staple fibers, < 85% by weight of such fibers, mixed mainly or solely with man-made filaments, printed",New,"CAFTA-DR textiles & apparel (Jordan, El Salvador, or Guatemala)",
5516.31.05,"Woven fabrics of artificial staple fibers, < 85% of such fibers, containing 36% or more of wool or fine animal hair,unbleached or bleached",New,"CAFTA-DR textiles & apparel (Jordan, El Salvador, or Guatemala)",
5516.31.10,"Woven fabrics of artificial staple fibers, < 85% of such fibers, mixed mainly/solely w/wool or fine animal hair, unbleached/bleached, nesoi",New,"CAFTA-DR textiles & apparel (Jordan, El Salvador, or Guatemala)",
5516.32.05,"Woven fabrics of artificial staple fibers, < 85% of such fibers, containing 36% or more of wool or fine animal hair, dyed",New,"CAFTA-DR textiles & apparel (Jordan, El Salvador, or Guatemala)",
5516.32.10,"Woven fabrics of artificial staple fibers, < 85% by weight of such fibers, mixed mainly/solely with wool or fine animal hair, dyed, nesoi",New,"CAFTA-DR textiles & apparel (Jordan, El Salvador, or Guatemala)",
5516.33.05,"Woven fabrics of artificial staple fibers, < 85% such fibers, containing 36% or more of wool or fine animal hair, of different colored yarns",New,"CAFTA-DR textiles & apparel (Jordan, El Salvador, or Guatemala)",
5516.33.10,"Woven fabrics of artificial staple fibers, < 85% of such fiber, mixed mainly/solely w/wool or fine animal hair, of dif. colored yarns, nesoi",New,"CAFTA-DR textiles & apparel (Jordan, El Salvador, or Guatemala)",
5516.34.05,"Woven fabrics of artificial staple fibers, < 85% of such fibers, containing 36% or more of wool or fine animal hair, printed",New,"CAFTA-DR textiles & apparel (Jordan, El Salvador, or Guatemala)",
5516.34.10,"Woven fabrics of artificial staple fibers, < 85% of such fibers, mixed mainly or solely with wool or fine animal hair, printed, nesoi",New,"CAFTA-DR textiles & apparel (Jordan, El Salvador, or Guatemala)",
5516.41.00,"Woven fabrics of artificial staple fibers, < 85% by weight of such fibers, mixed mainly or solely with cotton, unbleached or bleached",New,"CAFTA-DR textiles & apparel (Jordan, El Salvador, or Guatemala)",
5516.42.00,"Woven fabrics of artificial staple fibers, less than 85% by weight of such fibers, mixed mainly or solely with cotton, dyed",New,"CAFTA-DR textiles & apparel (Jordan, El Salvador, or Guatemala)",
5516.43.00,"Woven fabrics of artificial staple fibers, < 85% by wt. of such fibers, mixed mainly or solely with cotton, of yarns of different colors",New,"CAFTA-DR textiles & apparel (Jordan, El Salvador, or Guatemala)",
5516.44.00,"Woven fabrics of artificial staple fibers, less than 85% by weight of such fibers, mixed mainly or solely with cotton, printed",New,"CAFTA-DR textiles & apparel (Jordan, El Salvador, or Guatemala)",
5516.91.00,"Woven fabrics of artificial staple fibers nesoi, unbleached or bleached, nesoi",New,"CAFTA-DR textiles & apparel (Jordan, El Salvador, or Guatemala)",
5516.92.00,"Woven fabrics of artificial staple fibers nesoi, dyed, nesoi",New,"CAFTA-DR textiles & apparel (Jordan, El Salvador, or Guatemala)",
5516.93.00,"Woven fabrics of artificial staple fibers nesoi, of yarns of different colors, nesoi",New,"CAFTA-DR textiles & apparel (Jordan, El Salvador, or Guatemala)",
5516.94.00,"Woven fabrics of artificial staple fibers nesoi, printed, nesoi",New,"CAFTA-DR textiles & apparel (Jordan, El Salvador, or Guatemala)",
5601.21.00,Wadding of cotton and other articles of cotton wadding nesoi,New,"CAFTA-DR textiles & apparel (Jordan, El Salvador, or Guatemala)",
5601.22.00,Wadding of man-made fibers and other articles of such wadding nesoi,New,"CAFTA-DR textiles & apparel (Jordan, El Salvador, or Guatemala)",
5601.29.00,"Wadding of textile materials (excluding cotton and man-made fibers) and articles thereof, nesoi",New,"CAFTA-DR textiles & apparel (Jordan, El Salvador, or Guatemala)",
5601.30.00,"Textile flock, not exceeding 5 mm in length, and textile dust and mill neps",New,"CAFTA-DR textiles & apparel (Jordan, El Salvador, or Guatemala)",
5602.10.10,Laminated fabrics of needleloom felt or stitch- bonded fiber fabrics,New,"CAFTA-DR textiles & apparel (Jordan, El Salvador, or Guatemala)",
5602.10.90,"Needleloom felt and stitch-bonded fabrics, whether or not impregnated, coated or covered, nesoi",New,"CAFTA-DR textiles & apparel (Jordan, El Salvador, or Guatemala)",
5602.21.00,"Felt, excluding needleloom felt and stitch-bonded fiber fabrics, not impregnated, coated, covered or laminated, of wool or fine animal hair",New,"CAFTA-DR textiles & apparel (Jordan, El Salvador, or Guatemala)",
5602.29.00,"Felt, excluding needleloom felt and stitch-bonded fiber fabrics, not impregnated, coated, covered or laminated, of textile materials nesoi",New,"CAFTA-DR textiles & apparel (Jordan, El Salvador, or Guatemala)",
5602.90.30,"Laminated fabrics of felt, nesoi",New,"CAFTA-DR textiles & apparel (Jordan, El Salvador, or Guatemala)",
5602.90.60,"Felt, impregnated, coated or covered, of man-made fibers, nesoi",New,"CAFTA-DR textiles & apparel (Jordan, El Salvador, or Guatemala)",
5602.90.90,"Felt, impregnated, coated or covered, nesoi",New,"CAFTA-DR textiles & apparel (Jordan, El Salvador, or Guatemala)",
5603.11.00,"Nonwovens, of man-made filaments, weighing not >25 g/square m, whether or not impregnated, coated, covered or laminated",New,"CAFTA-DR textiles & apparel (Jordan, El Salvador, or Guatemala)",
5603.12.00,"Nonwovens, of man-made filaments, weighing >25 but not >70 g/square m, whether or not impregnated, coated, covered or laminated",New,"CAFTA-DR textiles & apparel (Jordan, El Salvador, or Guatemala)",
5603.13.00,"Nonwovens, of man-made filaments, weighing >70 but not >150 g/square m, whether or not impregnated, coated, covered or laminated",New,"CAFTA-DR textiles & apparel (Jordan, El Salvador, or Guatemala)",
5603.14.30,"Laminated nonwoven fabs, of man-made filaments, weighing >150 g/square m",New,"CAFTA-DR textiles & apparel (Jordan, El Salvador, or Guatemala)",
5603.14.90,"Nonwovens (except laminated), of man-made filaments, weighing >150 g/square m, whether or not impregnated, coated, or covered",New,"CAFTA-DR textiles & apparel (Jordan, El Salvador, or Guatemala)",
5603.91.00,"Nonwovens (not of man-made filaments), weighing not >25 g/square m, whether or not impregnated, coated, covered or laminated",New,"CAFTA-DR textiles & apparel (Jordan, El Salvador, or Guatemala)",
5603.92.00,"Nonwovens (not of man-made filaments), weighing >25 but not >70 g/square m, whether or not impregnated, coated, covered or laminated",New,"CAFTA-DR textiles & apparel (Jordan, El Salvador, or Guatemala)",
5603.93.00,"Nonwovens (not of man-made filaments), weighing >70 but not >150 g/square m, whether or not impregnated, coated, covered or laminated",New,"CAFTA-DR textiles & apparel (Jordan, El Salvador, or Guatemala)",
5603.94.10,"Nonwoven floor covering underlays (not of man- made filaments), weighing >150 g/square m, whether or not impreg, coated, cov or laminated",New,"CAFTA-DR textiles & apparel (Jordan, El Salvador, or Guatemala)",
5603.94.30,"Laminated nonwovens nesoi (not of man-made filaments), weighing >150 g/square m",New,"CAFTA-DR textiles & apparel (Jordan, El Salvador, or Guatemala)",
5603.94.90,"Nonwovens nesoi (not of man-made filaments), weighing >150 g/square m, whether or not impregnated, coated, covered but not laminated",New,"CAFTA-DR textiles & apparel (Jordan, El Salvador, or Guatemala)",
5604.10.00,"Rubber thread and cord, textile covered",New,"CAFTA-DR textiles & apparel (Jordan, El Salvador, or Guatemala)",
5604.90.20,"High tenacity yarn of polyesters, of nylon or other polyamides or of viscose rayon, impregnated or coated",New,"CAFTA-DR textiles & apparel (Jordan, El Salvador, or Guatemala)",
5604.90.90,"Textile yarn and strip and the like of heading 5404 or 5405, impregnated, coated, covered or sheathed with rubber or plastics, nesoi",New,"CAFTA-DR textiles & apparel (Jordan, El Salvador, or Guatemala)",
5605.00.10,"Metal coated or metal laminated man-made monofilament or strip or the like, ungimped & untwisted or w/twist of less than 5 turns per meter",New,"CAFTA-DR textiles & apparel (Jordan, El Salvador, or Guatemala)",
5605.00.90,"Metalized textile yarn nesoi, of man-made monofilament or strip or the like, other than ungimped or w/twist of < 5 turns per meter",New,"CAFTA-DR textiles & apparel (Jordan, El Salvador, or Guatemala)",
5606.00.00,"Gimped yarn, and strip and the like of man-made monofilament; chenille yarn; loop wale-yarn",New,"CAFTA-DR textiles & apparel (Jordan, El Salvador, or Guatemala)",
5607.21.00,"Binder or baler twine, of sisal or other textile fibers of genus Agave",New,"CAFTA-DR textiles & apparel (Jordan, El Salvador, or Guatemala)",
5607.29.00,"Twine (except binder or baler twine), cordage, rope and cables of sisal or other textile fibers of genus Agave",New,"CAFTA-DR textiles & apparel (Jordan, El Salvador, or Guatemala)",
5607.41.10,"Binder or baler twine of wide nonfibrillated strip, of polyethylene or polypropylene",New,"CAFTA-DR textiles & apparel (Jordan, El Salvador, or Guatemala)",
5607.41.30,"Binder or baler twine, of polyethylene or polypropylene, nesoi",New,"CAFTA-DR textiles & apparel (Jordan, El Salvador, or Guatemala)",
5607.49.10,"Twine (other than binder or baler twine), cordage, rope and cables of wide nonfibrillated strip, of polyethylene or polypropylene",New,"CAFTA-DR textiles & apparel (Jordan, El Salvador, or Guatemala)",
5607.49.15,"Twine (ex binder/baler twine), cordage, rope and cables, of polyethylene or polypropylene, not braided or plaited, less than 4.8 mm in diam",New,"CAFTA-DR textiles & apparel (Jordan, El Salvador, or Guatemala)",
5607.49.25,"Twine (except binder or baler twine), cordage, rope and cables, of polyethylene or polypropylene, not braided or plaited, nesoi",New,"CAFTA-DR textiles & apparel (Jordan, El Salvador, or Guatemala)",
5607.49.30,"Twine (except binder or baler twine), cordage, rope and cables, of polyethylene or polypropylene, nesoi",New,"CAFTA-DR textiles & apparel (Jordan, El Salvador, or Guatemala)",
5607.50.25,"3- or 4-ply multicolor twine of synthetic fibers nesoi at least 10% cotton, having S twist, < 3.5 mm diameter, not braided or plaited",New,"CAFTA-DR textiles & apparel (Jordan, El Salvador, or Guatemala)",
5607.50.35,"Twine nesoi, cordage, rope and cables of synthetic fibers, other than of polyethylene or polypropylene, not braided or plaited",New,"CAFTA-DR textiles & apparel (Jordan, El Salvador, or Guatemala)",
5607.50.40,"Twine, cordage, rope and cables of synthetic fibers, other than of polyethylene or polypropylene, nesoi",New,"CAFTA-DR textiles & apparel (Jordan, El Salvador, or Guatemala)",
5607.90.10,"Twine, cordage, rope and cables, of coir",New,"CAFTA-DR textiles & apparel (Jordan, El Salvador, or Guatemala)",
5607.90.15,"Twine, cordage, rope and cables, of jute or other textile bast fibers (excluding flax, true hemp and ramie)",New,"CAFTA-DR textiles & apparel (Jordan, El Salvador, or Guatemala)",
5607.90.25,"Twine, cordage, rope and cables of abaca or other hard (leaf) fibers, of stranded construction measuring 1.88 cm or over in diameter",New,"CAFTA-DR textiles & apparel (Jordan, El Salvador, or Guatemala)",
5607.90.35,"Twine, cordage, rope & cables of abaca or other hard (leaf) fibers, other than stranded construction or stranded n/o 1.88 cm in diameter",New,"CAFTA-DR textiles & apparel (Jordan, El Salvador, or Guatemala)",
5607.90.90,"Twine, cordage, rope and cables, of materials nesoi",New,"CAFTA-DR textiles & apparel (Jordan, El Salvador, or Guatemala)",
5608.11.00,"Made-up fishing nets, of man-made textile materials",New,"CAFTA-DR textiles & apparel (Jordan, El Salvador, or Guatemala)",
5608.19.10,Fish netting (other than made-up fishing nets) of man-made textile materials,New,"CAFTA-DR textiles & apparel (Jordan, El Salvador, or Guatemala)",
5608.19.20,"Knotted netting of twine, cordage or rope (excluding fish netting or made-up fishing nets) of man-made textile materials",New,"CAFTA-DR textiles & apparel (Jordan, El Salvador, or Guatemala)",
5608.90.10,"Fish netting and fishing nets, of textile materials other than man-made materials",New,"CAFTA-DR textiles & apparel (Jordan, El Salvador, or Guatemala)",
5608.90.23,"Hammocks, of cotton",New,"CAFTA-DR textiles & apparel (Jordan, El Salvador, or Guatemala)",
5608.90.27,"Netting or nets, of cotton, other than hammocks or netting or nets for fishing",New,"CAFTA-DR textiles & apparel (Jordan, El Salvador, or Guatemala)",
5608.90.30,"Knotted netting of twine, cordage or rope or other made-up nets (not fish netting and nets) of textile materials (not cotton/manmade mat.)",New,"CAFTA-DR textiles & apparel (Jordan, El Salvador, or Guatemala)",
5609.00.10,"Articles of yarn, strip, twine, cordage, rope or cables nesoi, of cotton",New,"CAFTA-DR textiles & apparel (Jordan, El Salvador, or Guatemala)",
5609.00.20,"Articles of yarn, strip, twine, cordage, rope or cables nesoi, of vegetable fibers except cotton",New,"CAFTA-DR textiles & apparel (Jordan, El Salvador, or Guatemala)",
5609.00.30,"Articles of yarn, strip, twine, cordage, rope or cables nesoi, of man-made fibers",New,"CAFTA-DR textiles & apparel (Jordan, El Salvador, or Guatemala)",
5609.00.40,"Articles of yarn, strip or the like of man-made monofilaments, twine, cordage, rope or cables, nesoi",New,"CAFTA-DR textiles & apparel (Jordan, El Salvador, or Guatemala)",
5701.10.13,"Carpet & other textile floor covering, hand- knotted/hand-inserted, w/ov 50% wt pile of fine animal hair, foregoing cert. hand-loomed & folklore",New,"CAFTA-DR textiles & apparel (Jordan, El Salvador, or Guatemala)",
5701.10.16,"Carpets & other textile floor coverings, hand- knotted or hand-inserted, w/ov 50% by weight of the pile of fine animal hair, nesoi",New,"CAFTA-DR textiles & apparel (Jordan, El Salvador, or Guatemala)",
5701.10.40,"Carpets and other textile floor coverings, of wool or fine animal hair, hand-hooked (tufts were inserted and knotted by hand or hand tool)",New,"CAFTA-DR textiles & apparel (Jordan, El Salvador, or Guatemala)",
5701.10.90,"Carpets and other textile floor coverings, of wool or fine animal hair, not hand-hooked, not hand knotted during weaving",New,"CAFTA-DR textiles & apparel (Jordan, El Salvador, or Guatemala)",
5701.90.10,"Carpet and oth textile floor covering, knotted, of text. materials (not wool/hair) nesoi, pile inserted & knotted during weaving or knitting",New,"CAFTA-DR textiles & apparel (Jordan, El Salvador, or Guatemala)",
5701.90.20,"Carpet & oth textile floor covering, knotted, of text materials (not wool/hair) nesoi, not w/pile inserted & knotted during weaving/knitting",New,"CAFTA-DR textiles & apparel (Jordan, El Salvador, or Guatemala)",
5702.10.10,"Certified hand-loomed and folklore products being Kelem, Schumacks, Karamanie and similar hand- woven rugs",New,"CAFTA-DR textiles & apparel (Jordan, El Salvador, or Guatemala)",
5702.10.90,"Kelem, Schumacks, Karamanie and similar hand- woven rugs, other than certified hand-loomed and folklore products",New,"CAFTA-DR textiles & apparel (Jordan, El Salvador, or Guatemala)",
5702.20.10,"Floor coverings of coconut fibers (coir), woven, not tufted or flocked, with pile",New,"CAFTA-DR textiles & apparel (Jordan, El Salvador, or Guatemala)",
5702.20.20,"Floor coverings of coconut fibers (coir), woven, not tufted or flocked, other than with pile",New,"CAFTA-DR textiles & apparel (Jordan, El Salvador, or Guatemala)",
5702.31.10,"Wilton, velvet and like floor coverings of pile construction, woven, not tufted or flocked, not made up, of wool or fine animal hair",New,"CAFTA-DR textiles & apparel (Jordan, El Salvador, or Guatemala)",
5702.31.20,"Carpets and other textile floor coverings of pile construction, woven, not tufted or flocked, not made up, of wool/fine animal hair, nesoi",New,"CAFTA-DR textiles & apparel (Jordan, El Salvador, or Guatemala)",
5702.32.10,"Wilton, velvet and like floor coverings of pile construction, woven, not tufted or flocked, not made up, of man-made textile materials",New,"CAFTA-DR textiles & apparel (Jordan, El Salvador, or Guatemala)",
5702.32.20,"Carpets & other textile floor coverings of pile construction, woven, not tufted or flocked, not made up, of man-made textile materials, nesoi",New,"CAFTA-DR textiles & apparel (Jordan, El Salvador, or Guatemala)",
5702.39.10,"Carpets and other textile floor coverings of pile construction, woven, not tufted or flocked, not made up, of jute",New,"CAFTA-DR textiles & apparel (Jordan, El Salvador, or Guatemala)",
5702.39.20,"Carpets and other textile floor coverings of pile construction, woven, not tufted or flocked, not made up, of other textile materials nesoi",New,"CAFTA-DR textiles & apparel (Jordan, El Salvador, or Guatemala)",
5702.41.10,"Wilton, velvet and like floor coverings of pile construction, woven, not tufted or flocked, made up, of wool or fine animal hair",New,"CAFTA-DR textiles & apparel (Jordan, El Salvador, or Guatemala)",
5702.41.20,"Carpets and other textile floor coverings of pile construction, woven, not tufted or flocked, made up, of wool or fine animal hair, nesoi",New,"CAFTA-DR textiles & apparel (Jordan, El Salvador, or Guatemala)",
5702.42.10,"Wilton, velvet and like floor coverings of pile construction, woven, not tufted or flocked, made up, of man-made textile materials",New,"CAFTA-DR textiles & apparel (Jordan, El Salvador, or Guatemala)",
5702.42.20,"Carpets and other textile floor coverings, of pile construction, woven, not tufted or flocked, made up, of man-made textile materials, nesoi",New,"CAFTA-DR textiles & apparel (Jordan, El Salvador, or Guatemala)",
5702.49.10,"Carpets not other textile floor coverings of pile construction, woven, not tufted or flocked, made up, of cotton",New,"CAFTA-DR textiles & apparel (Jordan, El Salvador, or Guatemala)",
5702.49.15,"Carpets and other textile floor coverings of pile construction, woven, not tufted or flocked, made up, of jute",New,"CAFTA-DR textiles & apparel (Jordan, El Salvador, or Guatemala)",
5702.49.20,"Carpets & other textile floor coverings of pile construction, woven, not tufted or flocked, made up, of other textile materials nesoi",New,"CAFTA-DR textiles & apparel (Jordan, El Salvador, or Guatemala)",
5702.50.20,"Carpets & other textile floor coverings, not of pile construction, woven but not on a power-driven loom, not made up, of wool/fine animal hair",New,"CAFTA-DR textiles & apparel (Jordan, El Salvador, or Guatemala)",
5702.50.40,"Carpets & other textile floor coverings, not of pile construction, woven, not made up, of wool or fine animal hair, nesoi",New,"CAFTA-DR textiles & apparel (Jordan, El Salvador, or Guatemala)",
5702.50.52,"Carpets & other textile floor coverings, not of pile construction, woven, not made up, of man-made textile materials",New,"CAFTA-DR textiles & apparel (Jordan, El Salvador, or Guatemala)",
5702.50.56,"Carpets & other textile floor coverings, not of pile construction, woven, not made up, of cotton",New,"CAFTA-DR textiles & apparel (Jordan, El Salvador, or Guatemala)",
5702.50.59,"Carpets & other textile floor coverings, not of pile construction, woven, not made up, of other textile materials nesoi",New,"CAFTA-DR textiles & apparel (Jordan, El Salvador, or Guatemala)",
5702.91.20,"Certified hand-loomed & folklore floor covering, woven not on power-driven loom,not of pile construction, made up, of wool or fine animal hair",New,"CAFTA-DR textiles & apparel (Jordan, El Salvador, or Guatemala)",
5702.91.30,"Floor coverings, not of pile construction, woven not on power-driven loom, made up, of wool or fine animal hair, nesoi",New,"CAFTA-DR textiles & apparel (Jordan, El Salvador, or Guatemala)",
5702.91.40,"Carpets & other textile floor coverings, not of pile construction, woven nesoi, made up, of wool or fine animal hair, nesoi",New,"CAFTA-DR textiles & apparel (Jordan, El Salvador, or Guatemala)",
5702.92.10,"Hand-loomed carpet & other textile floor coverings, not of pile construction, woven, made up, of man- made textile materials, nesoi",New,"CAFTA-DR textiles & apparel (Jordan, El Salvador, or Guatemala)",
5702.92.90,"Carpet & other textile floor coverings, not of pile construction, woven, made up, of man-made textile materials, nesoi",New,"CAFTA-DR textiles & apparel (Jordan, El Salvador, or Guatemala)",
5702.99.05,"Hand-loomed carpets and other textile floor coverings, not of pile construction, woven, made up, of cotton",New,"CAFTA-DR textiles & apparel (Jordan, El Salvador, or Guatemala)",
5702.99.15,"Carpets and other textile floor coverings, not of pile construction, woven, made up, of cotton, nesoi",New,"CAFTA-DR textiles & apparel (Jordan, El Salvador, or Guatemala)",
5702.99.20,"Carpets & other textile floor coverings, not of pile construction, woven, made up, of other textile materials nesoi",New,"CAFTA-DR textiles & apparel (Jordan, El Salvador, or Guatemala)",
5703.10.20,"Hand-hooked carpets and other textile floor coverings, tufted, whether or not made up, of wool or fine animal hair",New,"CAFTA-DR textiles & apparel (Jordan, El Salvador, or Guatemala)",
5703.10.80,"Carpets and other textile floor coverings, tufted, whether or not made up, of wool or fine animal hair, nesoi",New,"CAFTA-DR textiles & apparel (Jordan, El Salvador, or Guatemala)",
5703.21.00,"Turf, tufted, whether or not made up, of nylon or other polyamides",New,"CAFTA-DR textiles & apparel (Jordan, El Salvador, or Guatemala)",
5703.29.10,"Carpets and other textile floor coverings, other than turf, tufted, whether or not made up, of nylon or other polyamides, hand-hooked",New,"CAFTA-DR textiles & apparel (Jordan, El Salvador, or Guatemala)",
5703.29.20,"Carpets and other textile floor coverings, other than turf, tufted, whether or not made up, of nylon or other polyamides, not hand-hooked, nesoi",New,"CAFTA-DR textiles & apparel (Jordan, El Salvador, or Guatemala)",
5703.31.00,"Turf, tufted, whether or not made up, of man-made textile materials (not nylon/other polyamides)",New,"CAFTA-DR textiles & apparel (Jordan, El Salvador, or Guatemala)",
5703.39.10,"Carpets & other textile floor coverings, tufted, whether or not made up, of man-made materials (not nylon/other polyamides), hand-hooked",New,"CAFTA-DR textiles & apparel (Jordan, El Salvador, or Guatemala)",
5703.39.20,"Carpets & other textile floor coverings, tufted, whether or not made up, of man-made textile materials (not nylon/other polyamides), not hand- hooked",New,"CAFTA-DR textiles & apparel (Jordan, El Salvador, or Guatemala)",
5703.90.00,"Carpets and other textile floor coverings, tufted, whether or not made up, of other textile materials nesoi",New,"CAFTA-DR textiles & apparel (Jordan, El Salvador, or Guatemala)",
5704.10.00,"Carpet tiles of felt, not tufted or flocked, whether or not made up, having a maximum surface area of 0.3 m2",New,"CAFTA-DR textiles & apparel (Jordan, El Salvador, or Guatemala)",
5704.20.00,"Carpet tiles of felt, not tufted or flocked, whether or not made up, having a maximum surface area exceeding 0.3m2 but not exceeding 1m2",New,"CAFTA-DR textiles & apparel (Jordan, El Salvador, or Guatemala)",
5704.90.01,"Carpets and other textile floor coverings of felt, not tufted or flocked, whether or not made up, other surface area",New,"CAFTA-DR textiles & apparel (Jordan, El Salvador, or Guatemala)",
5705.00.10,"Carpets and other textile floor coverings, whether or not made up, of coir, nesoi",New,"CAFTA-DR textiles & apparel (Jordan, El Salvador, or Guatemala)",
5705.00.20,"Carpets and other textile floor coverings, whether or not made up, nesoi",New,"CAFTA-DR textiles & apparel (Jordan, El Salvador, or Guatemala)",
5801.10.00,"Woven pile fabrics and chenille fabrics, other than fabrics of heading 5802 or 5806, of wool or fine animal hair",New,"CAFTA-DR textiles & apparel (Jordan, El Salvador, or Guatemala)",
5801.21.00,"Uncut weft pile fabrics of cotton, other than fabrics of heading 5802 or 5806",New,"CAFTA-DR textiles & apparel (Jordan, El Salvador, or Guatemala)",
5801.22.10,"Cut corduroy woven pile fabrics of cotton, greater than 7.5 wales per cm, other than fabrics of heading 5802 or 5806",New,"CAFTA-DR textiles & apparel (Jordan, El Salvador, or Guatemala)",
5801.22.90,"Cut corduroy woven pile fabrics of cotton, less than 7.5 wales per cm, other than fabrics of heading 5802 or 5806",New,"CAFTA-DR textiles & apparel (Jordan, El Salvador, or Guatemala)",
5801.23.00,"Weft pile fabrics, cut, of cotton, other than fabrics of heading 5802 or 5806, nesoi",New,"CAFTA-DR textiles & apparel (Jordan, El Salvador, or Guatemala)",
5801.26.00,"Chenille fabrics of cotton, other than fabrics of heading 5802 or 5806",New,"CAFTA-DR textiles & apparel (Jordan, El Salvador, or Guatemala)",
5801.27.10,"Warp pile fabrics, epingle (uncut), of cotton, other than fabrics of heading 5802 or 5806",New,"CAFTA-DR textiles & apparel (Jordan, El Salvador, or Guatemala)",
5801.27.50,"Warp pile fabrics, cut, of cotton, other than fabrics of heading 5802 or 5806",New,"CAFTA-DR textiles & apparel (Jordan, El Salvador, or Guatemala)",
5801.31.00,"Uncut weft pile fabrics of man-made fibers, other than fabrics of heading 5802 or 5806",New,"CAFTA-DR textiles & apparel (Jordan, El Salvador, or Guatemala)",
5801.32.00,"Cut corduroy of man-made fibers, other than fabrics of heading 5802 or 5806",New,"CAFTA-DR textiles & apparel (Jordan, El Salvador, or Guatemala)",
5801.33.00,"Weft pile fabrics of man-made fibers, cut, other than fabrics of heading 5802 or 5806, nesoi",New,"CAFTA-DR textiles & apparel (Jordan, El Salvador, or Guatemala)",
5801.36.00,"Chenille fabrics of man-made fibers, other than fabrics of heading 5802 or 5806",New,"CAFTA-DR textiles & apparel (Jordan, El Salvador, or Guatemala)",
5801.37.10,"Warp pile fabrics, epingle (uncut), of man-made fibers, other than fabrics of heading 5802 or 5806",New,"CAFTA-DR textiles & apparel (Jordan, El Salvador, or Guatemala)",
5801.37.50,"Warp pile fabrics, cut, of man-made fibers, other than fabrics of heading 5802 or 5806",New,"CAFTA-DR textiles & apparel (Jordan, El Salvador, or Guatemala)",
5801.90.10,"Woven pile fabrics and chenille fabrics of vegetable fibers except cotton, other than fabrics of heading 5802 or 5806",New,"CAFTA-DR textiles & apparel (Jordan, El Salvador, or Guatemala)",
5801.90.20,"Woven pile fabrics and chenille fabrics of textile materials nesoi, other than fabrics of heading 5802 or 5806",New,"CAFTA-DR textiles & apparel (Jordan, El Salvador, or Guatemala)",
5802.10.10,"Terry toweling and similar woven terry fabrics (other than narrow fabrics of heading 5806) of cotton, unbleached",New,"CAFTA-DR textiles & apparel (Jordan, El Salvador, or Guatemala)",
5802.10.90,"Terry toweling and similar woven terry fabrics (other than narrow fabrics of heading 5806) of cotton, other than unbleached",New,"CAFTA-DR textiles & apparel (Jordan, El Salvador, or Guatemala)",
5802.20.00,Terry toweling and similar woven terry fabrics (other than narrow fabrics of heading 5806) of textile materials other than cotton,New,"CAFTA-DR textiles & apparel (Jordan, El Salvador, or Guatemala)",
5802.30.00,"Tufted textile fabrics, other than products of heading 5703",New,"CAFTA-DR textiles & apparel (Jordan, El Salvador, or Guatemala)",
5803.00.10,Gauze (other than narrow fabrics of heading 5806) of cotton,New,"CAFTA-DR textiles & apparel (Jordan, El Salvador, or Guatemala)",
5803.00.20,"Gauze (other than narrow fabrics of heading 5806) tapestry and upholstery fabrics, of wool or fine animal hair, weighing not over 140 g/m2",New,"CAFTA-DR textiles & apparel (Jordan, El Salvador, or Guatemala)",
5803.00.30,"Gauze (not narrow fabrics of heading 5806), except tapestry and upholstery fabrics, of wool or fine animal hair, weighing n/o 140 g/m2",New,"CAFTA-DR textiles & apparel (Jordan, El Salvador, or Guatemala)",
5803.00.40,Gauze (other than narrow fabrics of heading 5806) of vegetable fibers except cotton,New,"CAFTA-DR textiles & apparel (Jordan, El Salvador, or Guatemala)",
5803.00.50,Gauze (other than narrow fabrics of heading 5806) of man-made fibers,New,"CAFTA-DR textiles & apparel (Jordan, El Salvador, or Guatemala)",
5803.00.90,Gauze (other than narrow fabrics of heading 5806) of other textile materials nesoi,New,"CAFTA-DR textiles & apparel (Jordan, El Salvador, or Guatemala)",
5804.10.10,"Tulles and other net fabrics (not including woven, knitted or crocheted fabrics) of cotton or man-made fibers",New,"CAFTA-DR textiles & apparel (Jordan, El Salvador, or Guatemala)",
5804.10.90,"Tulles and other net fabrics (not including woven, knitted or crocheted fabrics) of textile fibers except cotton or man-made",New,"CAFTA-DR textiles & apparel (Jordan, El Salvador, or Guatemala)",
5804.21.00,"Mechanically made lace, in the piece, in strips or in motifs (not fabric of heading 6002), of man-made fibers",New,"CAFTA-DR textiles & apparel (Jordan, El Salvador, or Guatemala)",
5804.29.10,"Mechanically made lace, in the piece, in strips or in motifs (not fabric of heading 6002), of cotton",New,"CAFTA-DR textiles & apparel (Jordan, El Salvador, or Guatemala)",
5804.29.90,"Mechanically made lace, in the piece, in strips or in motifs (not fabric of heading 6002), of textile materials (not cotton or mm fibers)",New,"CAFTA-DR textiles & apparel (Jordan, El Salvador, or Guatemala)",
5804.30.00,"Hand-made lace, in the piece, in strips or in motifs (other than fabrics of heading 6002)",New,"CAFTA-DR textiles & apparel (Jordan, El Salvador, or Guatemala)",
5805.00.10,"Hand-woven tapestries of the type Gobelins, Flanders, Aubusson, Beauvais and the like, used only as wall hangings, valued over $215/m2",New,"CAFTA-DR textiles & apparel (Jordan, El Salvador, or Guatemala)",
5805.00.20,"Certified hand-loomed and folklore hand-woven tapestries nesoi and needle-worked tapestries, of wool or fine animal hair",New,"CAFTA-DR textiles & apparel (Jordan, El Salvador, or Guatemala)",
5805.00.25,"Hand-woven tapestries nesoi and needle-worked tapestries, of wool or fine animal hair",New,"CAFTA-DR textiles & apparel (Jordan, El Salvador, or Guatemala)",
5805.00.30,"Hand-woven tapestries nesoi and needle-worked tapestries, of cotton",New,"CAFTA-DR textiles & apparel (Jordan, El Salvador, or Guatemala)",
5805.00.40,"Hand-woven tapestries nesoi and needle-worked tapestries, other than of cotton, wool or fine animal hair",New,"CAFTA-DR textiles & apparel (Jordan, El Salvador, or Guatemala)",
5806.10.10,Narrow woven pile fabrics (including terry toweling and the like) and chenille fabrics (other than goods of heading 5807) of cotton,New,"CAFTA-DR textiles & apparel (Jordan, El Salvador, or Guatemala)",
5806.10.24,Narrow woven pile fastener fabric tapes (other than goods of heading 5807) of man-made fibers,New,"CAFTA-DR textiles & apparel (Jordan, El Salvador, or Guatemala)",
5806.10.28,"Narrow woven pile fabrics, incl terry toweling/chenille fabric (excl fastener fabric tape)) (other than goods of heading 5807) of m-m fibers",New,"CAFTA-DR textiles & apparel (Jordan, El Salvador, or Guatemala)",
5806.10.30,"Narrow woven pile fabrics (including terry toweling/the like) & chenille fabrics, except of cotton or of m-m fibers (not goods of head 5807)",New,"CAFTA-DR textiles & apparel (Jordan, El Salvador, or Guatemala)",
5806.20.00,"Narrow woven fabrics (not goods of heading 5807), not pile, containing by weight 5 percent or more of elastomeric yarn or rubber thread",New,"CAFTA-DR textiles & apparel (Jordan, El Salvador, or Guatemala)",
5806.31.00,"Narrow woven fabrics (other than goods of heading 5807), not pile, not cont by wt 5% or more of elastomeric yarn or rubber, of cotton, nesoi",New,"CAFTA-DR textiles & apparel (Jordan, El Salvador, or Guatemala)",
5806.32.10,"Woven ribbons of man-made fibers, not pile, not cont by wt 5% or more of elastomeric yarn or rubber",New,"CAFTA-DR textiles & apparel (Jordan, El Salvador, or Guatemala)",
5806.32.20,"Narrow woven fabrics (other than ribbons), not pile, of man-made fibers, not cont by wt 5% or more of elastomeric yarn or rubber",New,"CAFTA-DR textiles & apparel (Jordan, El Salvador, or Guatemala)",
5806.39.10,"Narrow woven fabrics (not goods of heading 5807), not pile, of wool/fine animal hair, not cont by wt 5% or more elastomeric yarn or rubber",New,"CAFTA-DR textiles & apparel (Jordan, El Salvador, or Guatemala)",
5806.39.20,"Narrow woven fabric (not good of heading 5807), not pile, of vegetable fibers except cotton, not cont by wt 5% or more elastomer yarn/rubber",New,"CAFTA-DR textiles & apparel (Jordan, El Salvador, or Guatemala)",
5806.39.30,"Narrow woven fabrics (not goods of heading 5807), not pile, of textile materials nesoi, not cont by wt 5% or more elastomeric yarn or rubber",New,"CAFTA-DR textiles & apparel (Jordan, El Salvador, or Guatemala)",
5806.40.00,Narrow fabrics consisting of warp without weft assembled by means of an adhesive (bolducs),New,"CAFTA-DR textiles & apparel (Jordan, El Salvador, or Guatemala)",
5807.10.05,"Labels, in the piece, in strips or cut to shape or size, woven, not embroidered, of cotton or man-made fibers",New,"CAFTA-DR textiles & apparel (Jordan, El Salvador, or Guatemala)",
5807.10.15,"Labels, in the piece, in strips or cut to shape or size, woven, not embroidered, of textile materials other than cotton or man-made fibers",New,"CAFTA-DR textiles & apparel (Jordan, El Salvador, or Guatemala)",
5807.10.20,"Woven badges and similar articles of textile materials (except labels), in the piece, in strips or cut to shape or size, not embroidered",New,"CAFTA-DR textiles & apparel (Jordan, El Salvador, or Guatemala)",
5807.90.05,"Labels, in the piece, in strips or cut to shape or size, nonwoven, not embroidered, of cotton or man-made fibers",New,"CAFTA-DR textiles & apparel (Jordan, El Salvador, or Guatemala)",
5807.90.15,"Labels, in the piece, in strips or cut to shape or size, nonwoven, not embroidered, of textile materials other than cotton or man-made fiber",New,"CAFTA-DR textiles & apparel (Jordan, El Salvador, or Guatemala)",
5807.90.20,"Badges & similar articles (except labels) of textile materials, not woven, not embroidered, in the piece, in strips or cut to shape or size",New,"CAFTA-DR textiles & apparel (Jordan, El Salvador, or Guatemala)",
5808.10.10,"Braids, in the piece, of abaca or ramie, suitable for making or ornamenting headwear",New,"CAFTA-DR textiles & apparel (Jordan, El Salvador, or Guatemala)",
5808.10.40,"Braids in the piece, suitable for making or ornamenting headwear, of cotton or man-made fibers",New,"CAFTA-DR textiles & apparel (Jordan, El Salvador, or Guatemala)",
5808.10.50,"Braids in the piece, suitable for making or ornamenting headwear, of textile materials other than cotton or man-made fibers",New,"CAFTA-DR textiles & apparel (Jordan, El Salvador, or Guatemala)",
5808.10.70,"Braids in the piece, not suitable for making or ornamenting headwear, of cotton or man-made fibers",New,"CAFTA-DR textiles & apparel (Jordan, El Salvador, or Guatemala)",
5808.10.90,"Braids in the piece, not suitable for making or ornamenting headwear, of textile materials other than cotton or man-made fibers",New,"CAFTA-DR textiles & apparel (Jordan, El Salvador, or Guatemala)",
5808.90.00,"Ornamental trimmings in the piece, without embroidery, other than knitted or crocheted; tassels, pompons and similar articles",New,"CAFTA-DR textiles & apparel (Jordan, El Salvador, or Guatemala)",
5809.00.00,"Woven fabrics of metal thread & woven fabrics of metallized yarn of heading 5605, used in apparel, as furnishing fabrics or the like, nesoi",New,"CAFTA-DR textiles & apparel (Jordan, El Salvador, or Guatemala)",
5810.10.00,"Embroidery in the piece, in strips or in motifs, without visible ground",New,"CAFTA-DR textiles & apparel (Jordan, El Salvador, or Guatemala)",
5810.91.00,"Embroidery of cotton, in the piece, in strips or in motifs, other than without visible ground",New,"CAFTA-DR textiles & apparel (Jordan, El Salvador, or Guatemala)",
5810.92.10,"Badges, emblems, and motifs of man-made fibers, embroidered, in the piece or in strips, other than without visible ground",New,"CAFTA-DR textiles & apparel (Jordan, El Salvador, or Guatemala)",
5810.92.90,"Embroidery in the piece or in strips (excluding badges, emblems and motifs), of man-made fibers, other than without visible ground",New,"CAFTA-DR textiles & apparel (Jordan, El Salvador, or Guatemala)",
5810.99.10,"Embroidery in the piece, in strips or in motifs, of wool or fine animal hair, other than without visible ground",New,"CAFTA-DR textiles & apparel (Jordan, El Salvador, or Guatemala)",
5810.99.90,"Embroidery in piece/strips/motifs, of textile material except cotton, man-made fiber, wool or fine animal hair, other than w/o visible ground",New,"CAFTA-DR textiles & apparel (Jordan, El Salvador, or Guatemala)",
5811.00.10,"Quilted textile products in the piece (excluding embroidery), of one or more layers assembled with padding, of wool or fine animal hair",New,"CAFTA-DR textiles & apparel (Jordan, El Salvador, or Guatemala)",
5811.00.20,"Quilted textile products in the piece (excluding embroidery), of one or more layers assembled with padding, of cotton",New,"CAFTA-DR textiles & apparel (Jordan, El Salvador, or Guatemala)",
5811.00.30,"Quilted textile products in the piece (excluding embroidery), of one or more layers assembled with padding, of man-made fibers",New,"CAFTA-DR textiles & apparel (Jordan, El Salvador, or Guatemala)",
5811.00.40,"Quilted textile products in the piece (excluding embroidery), of one or more layers assembled with padding, of textile materials nesoi",New,"CAFTA-DR textiles & apparel (Jordan, El Salvador, or Guatemala)",
5901.10.10,"Textile fabrics coated with gum or amylaceous substances, of a kind used for outer covers of books or the like, of man-made fibers",New,"CAFTA-DR textiles & apparel (Jordan, El Salvador, or Guatemala)",
5901.10.20,"Textile fabrics coated with gum or amylaceous substances, of a kind used for outer covers of books or the like, other than man-made fibers",New,"CAFTA-DR textiles & apparel (Jordan, El Salvador, or Guatemala)",
5901.90.20,"Tracing cloth, prepared painting canvas, buckram and similar stiffened textile fabrics used in hat foundations, of man-made fibers",New,"CAFTA-DR textiles & apparel (Jordan, El Salvador, or Guatemala)",
5901.90.40,"Tracing cloth, prepared painting canvas, buckram and similar stiffened textile fabrics used in hat foundations, except of man-made fibers",New,"CAFTA-DR textiles & apparel (Jordan, El Salvador, or Guatemala)",
5902.10.00,Tire cord fabric of high tenacity yarn of nylon or other polyamides,New,"CAFTA-DR textiles & apparel (Jordan, El Salvador, or Guatemala)",
5902.20.00,Tire cord fabric of high tenacity yarn of polyesters,New,"CAFTA-DR textiles & apparel (Jordan, El Salvador, or Guatemala)",
5902.90.00,Tire cord fabric of high tenacity yarns of viscose rayon,New,"CAFTA-DR textiles & apparel (Jordan, El Salvador, or Guatemala)",
5903.10.10,"Textile fabrics of cotton, impregnated, coated, covered or laminated with polyvinyl chloride",New,"CAFTA-DR textiles & apparel (Jordan, El Salvador, or Guatemala)",
5903.10.15,"Textile fabric spec in note 9 to sect XI, of man- made fibers, impreg, coated, covered or laminated w/polyvinyl chloride, over 60% plastics",New,"CAFTA-DR textiles & apparel (Jordan, El Salvador, or Guatemala)",
5903.10.18,"Textile fabrics spec in note 9 to section XI, of man- made fibers, impregnated, coated, covered or laminated with polyvinyl chloride, nesoi",New,"CAFTA-DR textiles & apparel (Jordan, El Salvador, or Guatemala)",
5903.10.20,"Textile fabrics nesoi, of man-made fibers, impregnated, coated, covered or laminated with polyvinyl chloride, over 70% wt. rubber or plastics",New,"CAFTA-DR textiles & apparel (Jordan, El Salvador, or Guatemala)",
5903.10.25,"Textile fabrics nesoi, of man-made fibers, impregnated, coated, covered or laminated with polyvinyl chloride, n/o 70% by wt. rubber or plastics",New,"CAFTA-DR textiles & apparel (Jordan, El Salvador, or Guatemala)",
5903.10.30,"Textile fabrics nesoi, impregnated, coated, covered or laminated with polyvinyl chloride, other than those of heading 5902",New,"CAFTA-DR textiles & apparel (Jordan, El Salvador, or Guatemala)",
5903.20.10,"Textile fabrics of cotton, impregnated, coated, covered or laminated with polyurethane",New,"CAFTA-DR textiles & apparel (Jordan, El Salvador, or Guatemala)",
5903.20.15,"Textile fabrics spec in note 9 to section XI, of man- made fibers, impreg, coated, covered or laminated with polyurethane, over 60% plastics",New,"CAFTA-DR textiles & apparel (Jordan, El Salvador, or Guatemala)",
5903.20.18,"Textile fabrics specified in note 9 to section XI, of man-made fibers, impregnated, coated, covered or laminated with polyurethane, nesoi",New,"CAFTA-DR textiles & apparel (Jordan, El Salvador, or Guatemala)",
5903.20.20,"Textile fabrics of man-made fibers, impregnated, coated, covered or laminated with polyurethane, over 70% weight rubber or plastics",New,"CAFTA-DR textiles & apparel (Jordan, El Salvador, or Guatemala)",
5903.20.25,"Textile fabrics of man-made fibers, impregnated, coated, covered or laminated with polyurethane, n/o 70% by weight rubber or plastics",New,"CAFTA-DR textiles & apparel (Jordan, El Salvador, or Guatemala)",
5903.20.30,"Textile fabrics nesoi, impregnated, coated, covered or laminated with polyurethane",New,"CAFTA-DR textiles & apparel (Jordan, El Salvador, or Guatemala)",
5903.90.10,"Textile fabrics of cotton, impregnated, coated, covered or laminated with plastics nesoi, other than those of heading 5902",New,"CAFTA-DR textiles & apparel (Jordan, El Salvador, or Guatemala)",
5903.90.15,"Textile fabrics spec in note 9 to section XI, of man- made fibers, impreg, coated, covered or laminated w/plastics, nesoi, over 60% plastics",New,"CAFTA-DR textiles & apparel (Jordan, El Salvador, or Guatemala)",
5903.90.18,"Textile fabrics specified in note 9 to section XI, of man-made fabrics, impregnated, coated, covered or laminated with plastics, nesoi",New,"CAFTA-DR textiles & apparel (Jordan, El Salvador, or Guatemala)",
5903.90.20,"Textile fabrics of man-made fibers, impregnated, coated, covered or laminated with plastics, nesoi, over 70% weight rubber or plastics",New,"CAFTA-DR textiles & apparel (Jordan, El Salvador, or Guatemala)",
5903.90.25,"Textile fabrics of man-made fibers, impregnated, coated, covered or laminated with plastics, nesoi, n/o 70% by weight rubber or plastics",New,"CAFTA-DR textiles & apparel (Jordan, El Salvador, or Guatemala)",
5903.90.30,"Textile fabrics nesoi, impreg, coated, covered or laminated w/plastics other than vinyl chloride or polyurethane, other than those head 5902",New,"CAFTA-DR textiles & apparel (Jordan, El Salvador, or Guatemala)",
5904.10.00,"Linoleum, whether or not cut to shape",New,"CAFTA-DR textiles & apparel (Jordan, El Salvador, or Guatemala)",
5904.90.10,"Floor coverings consisting of a coating or covering applied on a textile backing, with a base consisting of needleloom felt or nonwovens",New,"CAFTA-DR textiles & apparel (Jordan, El Salvador, or Guatemala)",
5904.90.90,"Floor coverings consisting of a coating or covering applied on textile backing, with textile base other than of needleloom felt or nonwovens",New,"CAFTA-DR textiles & apparel (Jordan, El Salvador, or Guatemala)",
5905.00.10,Textile wall coverings backed with permanently affixed paper,New,"CAFTA-DR textiles & apparel (Jordan, El Salvador, or Guatemala)",
5905.00.90,"Textile wall coverings, nesoi",New,"CAFTA-DR textiles & apparel (Jordan, El Salvador, or Guatemala)",
5906.91.10,"Rubberized textile fabrics of cotton, knitted or crocheted (other than fabric of heading 5902",New,"CAFTA-DR textiles & apparel (Jordan, El Salvador, or Guatemala)",
5906.91.20,"Rubberized textile fabrics (other than of heading 5902) nesoi, knitted or crocheted, of man-made fibers, ov 70% by wt of rubber or plastics",New,"CAFTA-DR textiles & apparel (Jordan, El Salvador, or Guatemala)",
5906.91.25,"Rubberized textile fabrics (other than of head 5902), nesoi, knitted or crocheted, of man-made fibers, n/o 70% by wt of rubber or plastics",New,"CAFTA-DR textiles & apparel (Jordan, El Salvador, or Guatemala)",
5906.91.30,"Rubberized textile fabrics (other than of heading 5902) nesoi, knitted or crocheted, other than of cotton or man-made fibers",New,"CAFTA-DR textiles & apparel (Jordan, El Salvador, or Guatemala)",
5906.99.10,"Rubberized textile fabrics not knitted or crocheted, of cotton, other than fabrics of heading 5902",New,"CAFTA-DR textiles & apparel (Jordan, El Salvador, or Guatemala)",
5906.99.20,"Rubberized textile fabrics (other than of head 5902), nesoi, not knitted or crocheted, of man-made fibers, ov 70% by wt of rubber/plastics",New,"CAFTA-DR textiles & apparel (Jordan, El Salvador, or Guatemala)",
5906.99.25,"Rubberized textile fabrics (other than of head 5902), nesoi, not knitted or crocheted, of man-made fibers, n/o 70% by wt of rubber/plastics",New,"CAFTA-DR textiles & apparel (Jordan, El Salvador, or Guatemala)",
5906.99.30,"Rubberized textile fabrics, not knitted or crocheted, other than those of heading 5902, nesoi",New,"CAFTA-DR textiles & apparel (Jordan, El Salvador, or Guatemala)",
5907.00.05,"Laminated fabrics specified in note 9 to sect. XI of HTS, of m-m fiber, for theatrical, ballet, & operatic scenery & properties, incl sets",New,"CAFTA-DR textiles & apparel (Jordan, El Salvador, or Guatemala)",
5907.00.15,"Laminated fabrics spec in note 9 to sect XI of HTS, of m-m fiber, other than theatrical, ballet, & operatic scenery & properties, incl sets",New,"CAFTA-DR textiles & apparel (Jordan, El Salvador, or Guatemala)",
5907.00.25,"Lam fabs specified in nte 9 to sect. XI of HTS, of tx mats except m-m fiber, for theatrical, ballet, & opera scenery & properties, incl sets",New,"CAFTA-DR textiles & apparel (Jordan, El Salvador, or Guatemala)",
5907.00.35,"Lam fabs specified in nte 9 to sect. XI of HTS, of tx mats except m-m fiber, other than theatrical, ballet, & oper scenery & prop, incl sets",New,"CAFTA-DR textiles & apparel (Jordan, El Salvador, or Guatemala)",
5907.00.60,"Other fabric, impregnated, coated or covered, and painted canvas being theatrical scenery, back-cloths or the like, of man-made fibers",New,"CAFTA-DR textiles & apparel (Jordan, El Salvador, or Guatemala)",
5907.00.80,"Other fabric, impregnated, coated or covered, & painted canvas being theatrical scenery, back-cloths or the like, other than man-made fibers",New,"CAFTA-DR textiles & apparel (Jordan, El Salvador, or Guatemala)",
5908.00.00,"Textile wicks, woven, plaited or knitted, for lamps, stoves, candles and the like; gas mantles and tubular knitted gas mantle fabric",New,"CAFTA-DR textiles & apparel (Jordan, El Salvador, or Guatemala)",
5909.00.10,"Textile hosepiping and similar textile tubing of vegetable fibers, with or without lining, armor or accessories of other materials",New,"CAFTA-DR textiles & apparel (Jordan, El Salvador, or Guatemala)",
5909.00.20,"Textile hosepiping and similar textile tubing nesoi, with or without lining, armor or accessories of other materials",New,"CAFTA-DR textiles & apparel (Jordan, El Salvador, or Guatemala)",
5910.00.10,Transmission or conveyor belts or belting of man- made fibers,New,"CAFTA-DR textiles & apparel (Jordan, El Salvador, or Guatemala)",
5910.00.90,"Transmission or conveyor belts or belting of textile materials, other than man-made fibers",New,"CAFTA-DR textiles & apparel (Jordan, El Salvador, or Guatemala)",
5911.10.10,Printers' rubberized blankets of textile fabrics,New,"CAFTA-DR textiles & apparel (Jordan, El Salvador, or Guatemala)",
5911.10.20,"Textile fabrics, felt and felt-lined woven fabrics, combined with layer(s) of rubber, leather or other material, for technical uses, nesoi",New,"CAFTA-DR textiles & apparel (Jordan, El Salvador, or Guatemala)",
5911.20.10,"Bolting cloth fabrics principally used for stenciling purposes in screen-process printing, whether or not made up",New,"CAFTA-DR textiles & apparel (Jordan, El Salvador, or Guatemala)",
5911.20.20,"Bolting cloth nesoi, of silk, whether or not made up",New,"CAFTA-DR textiles & apparel (Jordan, El Salvador, or Guatemala)",
5911.20.30,"Bolting cloth, whether or not made up, nesoi",New,"CAFTA-DR textiles & apparel (Jordan, El Salvador, or Guatemala)",
5911.31.00,"Textile fabrics and felts, endless or fitted with linking devices, used for papermaking or similar machines, weighing less than 650 g/m2",New,"CAFTA-DR textiles & apparel (Jordan, El Salvador, or Guatemala)",
5911.32.00,"Textile fabrics and felts, endless or fitted with linking devices, used for papermaking or similar machines, weighing 650 g/m2 or more",New,"CAFTA-DR textiles & apparel (Jordan, El Salvador, or Guatemala)",
5911.40.01,"Filtering/straining cloth of a kind used in oil presses or the like, of textile material or of human hair",New,"CAFTA-DR textiles & apparel (Jordan, El Salvador, or Guatemala)",
5911.90.00,"Textile products and articles, of a kind used in machinery or plants for technical uses, specified in note 7 to chapter 59, nesoi",New,"CAFTA-DR textiles & apparel (Jordan, El Salvador, or Guatemala)",
6001.10.20,Knitted or crocheted long pile fabrics of man-made fibers,New,"CAFTA-DR textiles & apparel (Jordan, El Salvador, or Guatemala)",
6001.10.60,"Knitted or crocheted long pile fabrics, other than of man-made fibers",New,"CAFTA-DR textiles & apparel (Jordan, El Salvador, or Guatemala)",
6001.21.00,Knitted or crocheted looped pile fabrics of cotton,New,"CAFTA-DR textiles & apparel (Jordan, El Salvador, or Guatemala)",
6001.22.00,Knitted or crocheted looped pile fabrics of man- made fibers,New,"CAFTA-DR textiles & apparel (Jordan, El Salvador, or Guatemala)",
6001.29.00,"Knitted or crocheted looped pile fabrics of textile materials, other than of cotton or man-made fibers",New,"CAFTA-DR textiles & apparel (Jordan, El Salvador, or Guatemala)",
6001.91.00,Knitted or crocheted pile fabrics (other than long pile or looped pile) of cotton,New,"CAFTA-DR textiles & apparel (Jordan, El Salvador, or Guatemala)",
6001.92.00,Knitted or crocheted pile fabrics (other than long pile or looped pile) of man-made fibers,New,"CAFTA-DR textiles & apparel (Jordan, El Salvador, or Guatemala)",
6001.99.10,"Knitted or crocheted pile fabrics (except long or looped pile), of tex mats other than cotton or mmf, containing 85% or more by wt of silk",New,"CAFTA-DR textiles & apparel (Jordan, El Salvador, or Guatemala)",
6001.99.90,"Knitted or crocheted pile fabrics (except long or looped pile), of tex mats other than cotton or mmf, cont less than 85% by wt of silk,",New,"CAFTA-DR textiles & apparel (Jordan, El Salvador, or Guatemala)",
6002.40.40,"Knitted or crocheted fabrics nesoi, width not exceeding 30 cm, containing 5% or more elastomeric yarn but no rubber thread, of cotton",New,"CAFTA-DR textiles & apparel (Jordan, El Salvador, or Guatemala)",
6002.40.80,"Knitted or crocheted fabrics nesoi, width n/o 30 cm, containing 5% or more elastomeric yarn but no rubber thread, other than of cotton",New,"CAFTA-DR textiles & apparel (Jordan, El Salvador, or Guatemala)",
6002.90.40,"Knitted or crocheted fabrics nesoi, width not exceeding 30 cm, containing 5% or more elastomeric yarn or rubber thread nesoi, of cotton",New,"CAFTA-DR textiles & apparel (Jordan, El Salvador, or Guatemala)",
6002.90.80,"Knitted or crocheted fabrics nesoi, width n/o 30 cm, containing 5% or more elastomeric yarn or rubber thread nesoi, other than of cotton",New,"CAFTA-DR textiles & apparel (Jordan, El Salvador, or Guatemala)",
6003.10.10,"Warp knit open-worked fabrics of wool or fine animal hair, width not exceeding 30 cm, other than those of heading 6001 or 6002",New,"CAFTA-DR textiles & apparel (Jordan, El Salvador, or Guatemala)",
6003.10.90,"Knitted or crocheted fabrics of wool or fine animal hair nesoi, width not exceeding 30 cm, other than those of heading 6001 or 6002",New,"CAFTA-DR textiles & apparel (Jordan, El Salvador, or Guatemala)",
6003.20.10,"Warp knit open-worked fabrics of cotton, width not exceeding 30 cm, other than those of heading 6001 or 6002",New,"CAFTA-DR textiles & apparel (Jordan, El Salvador, or Guatemala)",
6003.20.30,"Knitted or crocheted fabrics of cotton (other than warp knit open-worked), width not exceed 30 cm, other than those of heading 6001 or 6002",New,"CAFTA-DR textiles & apparel (Jordan, El Salvador, or Guatemala)",
6003.30.10,"Warp knit open-worked fabrics of synthetic fibers, width not exceeding 30 cm, other than those of heading 6001 or 6002",New,"CAFTA-DR textiles & apparel (Jordan, El Salvador, or Guatemala)",
6003.30.60,"Knitted or crocheted fabrics of synthetic fibers nesoi, width not over 30 cm, other than those of heading 6001 or 6002",New,"CAFTA-DR textiles & apparel (Jordan, El Salvador, or Guatemala)",
6003.40.10,"Warp knit open-worked fabrics of artificial fibers, width not exceeding 30 cm, other than those of heading 6001 or 6002",New,"CAFTA-DR textiles & apparel (Jordan, El Salvador, or Guatemala)",
6003.40.60,"Knitted or crocheted fabrics of artifical fibers nesoi, width not over 30 cm, other than those of heading 6001 or 6002",New,"CAFTA-DR textiles & apparel (Jordan, El Salvador, or Guatemala)",
6003.90.10,"Warp knit open-worked fabrics nesoi, width not exceeding 30 cm, other than those of heading 6001 or 6002",New,"CAFTA-DR textiles & apparel (Jordan, El Salvador, or Guatemala)",
6003.90.90,"Knitted or crocheted fabrics nesoi, width not exceeding 30 cm, other than those of heading 6001 or 6002",New,"CAFTA-DR textiles & apparel (Jordan, El Salvador, or Guatemala)",
6004.10.00,"Knitted or crocheted fabrics, width exceeding 30 cm, containing 5% or more of elastomeric yarn but no rubber thread, not of heading 6001",New,"CAFTA-DR textiles & apparel (Jordan, El Salvador, or Guatemala)",
6004.90.20,"Knitted or crocheted fabrics, width exceeding 30 cm, containing 5% or more of elastomeric yarn and rubber thread, other than of heading 6001",New,"CAFTA-DR textiles & apparel (Jordan, El Salvador, or Guatemala)",
6004.90.90,"Knitted or crocheted fabrics, width exceeding 30 cm, containing 5% or more of rubber thread, other than those of heading 6001",New,"CAFTA-DR textiles & apparel (Jordan, El Salvador, or Guatemala)",
6005.21.00,"Unbleached or bleached warp knit fabrics (including those made on galloon knitting machines) of cotton, other than of headings 6001 to 6004",New,"CAFTA-DR textiles & apparel (Jordan, El Salvador, or Guatemala)",
6005.22.00,"Dyed warp knit fabrics (including those made on galloon knitting machines) of cotton, other than those of headings 6001 to 6004",New,"CAFTA-DR textiles & apparel (Jordan, El Salvador, or Guatemala)",
6005.23.00,"Warp knit fabrics of yarns of different colors (including made on galloon knitting machines) of cotton, other than headings 6001 to 6004",New,"CAFTA-DR textiles & apparel (Jordan, El Salvador, or Guatemala)",
6005.24.00,"Printed warp knit fabrics (including those made on galloon knitting machines) of cotton, other than those of headings 6001 to 6004",New,"CAFTA-DR textiles & apparel (Jordan, El Salvador, or Guatemala)",
6005.35.00,"Wrap knit fabrics of synthetic fibers,specified in subheading note 1 to this chapter excluding headings 6001 to 6004",New,"CAFTA-DR textiles & apparel (Jordan, El Salvador, or Guatemala)",
6005.36.00,"Other wrap knit fabrics of synthetic fibers, bleached or unbleached, but not dyed and not specified in subheading note 1 to this chapter",New,"CAFTA-DR textiles & apparel (Jordan, El Salvador, or Guatemala)",
6005.37.00,"Other wrap knit fabrics of synthetic fibers, dyed, not specified in subheading note 1 to this chapter",New,"CAFTA-DR textiles & apparel (Jordan, El Salvador, or Guatemala)",
6005.38.00,"Other wrap knit fabrics of synthetic fibers, of yarns of different colors, not specified in subheading note 1 to this chapter",New,"CAFTA-DR textiles & apparel (Jordan, El Salvador, or Guatemala)",
6005.39.00,"Other wrap knit fabrics of synthetic fibers, printed, not specified in subheading note 1 to this chapter",New,"CAFTA-DR textiles & apparel (Jordan, El Salvador, or Guatemala)",
6005.41.00,"Unbleached or bleached warp knit fabrics (including made on galloon knitting machines) of artificial fiber, other than headings 6001 to 6004",New,"CAFTA-DR textiles & apparel (Jordan, El Salvador, or Guatemala)",
6005.42.00,"Dyed warp knit fabrics (including those made on galloon knitting machines) of artificial fibers, other than those of headings 6001 to 6004",New,"CAFTA-DR textiles & apparel (Jordan, El Salvador, or Guatemala)",
6005.43.00,"Warp knit fabrics of yarn of different color (including made on galloon knitting machine) of artificial fiber, other than headings 6001-6004",New,"CAFTA-DR textiles & apparel (Jordan, El Salvador, or Guatemala)",
6005.44.00,"Printed warp knit fabrics (including those made on galloon knitting machine) of artificial fibers, other than those of headings 6001 to 6004",New,"CAFTA-DR textiles & apparel (Jordan, El Salvador, or Guatemala)",
6005.90.10,"Warp knit fabrics (including those made on galloon knitting machines) of wool or fine animal hair, other than those of headings 6001 to 6004",New,"CAFTA-DR textiles & apparel (Jordan, El Salvador, or Guatemala)",
6005.90.90,"Warp knit fabric (including made on galloon knit machine), not of wool/fine animal hair, cotton or manmade fiber, not of headings 6001-6004",New,"CAFTA-DR textiles & apparel (Jordan, El Salvador, or Guatemala)",
6006.10.00,"Knitted or crocheted fabrics of wool or fine animal hair, nesoi",New,"CAFTA-DR textiles & apparel (Jordan, El Salvador, or Guatemala)",
6006.21.10,"Unbleached or bleached circular knit fabric, wholly of cotton yarns over 100 metric number per single yarn, nesoi",New,"CAFTA-DR textiles & apparel (Jordan, El Salvador, or Guatemala)",
6006.21.90,"Unbleached or bleached knitted or crocheted fabrics of cotton, nesoi",New,"CAFTA-DR textiles & apparel (Jordan, El Salvador, or Guatemala)",
6006.22.10,"Dyed circular knit fabric, wholly of cotton yarns over 100 metric number per single yarn, nesoi",New,"CAFTA-DR textiles & apparel (Jordan, El Salvador, or Guatemala)",
6006.22.90,"Dyed knitted or crocheted fabrics of cotton, nesoi",New,"CAFTA-DR textiles & apparel (Jordan, El Salvador, or Guatemala)",
6006.23.10,"Circular knit fabric, of yarns of different colors, wholly of cotton yarns over 100 metric number per single yarn, nesoi",New,"CAFTA-DR textiles & apparel (Jordan, El Salvador, or Guatemala)",
6006.23.90,"Knitted or crocheted fabrics of cotton, of yarns of different colors, nesoi",New,"CAFTA-DR textiles & apparel (Jordan, El Salvador, or Guatemala)",
6006.24.10,"Printed circular knit fabric, wholly of cotton yarns over 100 metric number per single yarn, nesoi",New,"CAFTA-DR textiles & apparel (Jordan, El Salvador, or Guatemala)",
6006.24.90,"Printed knitted or crocheted fabrics of cotton, nesoi",New,"CAFTA-DR textiles & apparel (Jordan, El Salvador, or Guatemala)",
6006.31.00,"Unbleached or bleached knitted or crocheted fabrics of synthetic fibers, nesoi",New,"CAFTA-DR textiles & apparel (Jordan, El Salvador, or Guatemala)",
6006.32.00,"Dyed knitted or crocheted fabrics of synthetic fibers, nesoi",New,"CAFTA-DR textiles & apparel (Jordan, El Salvador, or Guatemala)",
6006.33.00,"Knitted or crocheted fabrics of synthetic fibers, of yarns of different colors, nesoi",New,"CAFTA-DR textiles & apparel (Jordan, El Salvador, or Guatemala)",
6006.34.00,"Printed knitted or crocheted fabrics of synthetic fibers, nesoi",New,"CAFTA-DR textiles & apparel (Jordan, El Salvador, or Guatemala)",
6006.41.00,"Unbleached or bleached knitted or crocheted fabrics of artificial fibers, nesoi",New,"CAFTA-DR textiles & apparel (Jordan, El Salvador, or Guatemala)",
6006.42.00,"Dyed knitted or crocheted fabrics of artificial fibers, nesoi",New,"CAFTA-DR textiles & apparel (Jordan, El Salvador, or Guatemala)",
6006.43.00,"Knitted or crocheted fabrics of artificial fibers, of yarns of different colors, nesoi",New,"CAFTA-DR textiles & apparel (Jordan, El Salvador, or Guatemala)",
6006.44.00,"Printed knitted or crocheted fabrics of artificial fibers, nesoi",New,"CAFTA-DR textiles & apparel (Jordan, El Salvador, or Guatemala)",
6006.90.10,"Other knitted or crocheted fabrics nesoi, containing 85 percent or more by weight of silk or silk waste",New,"CAFTA-DR textiles & apparel (Jordan, El Salvador, or Guatemala)",
6006.90.90,"Other knitted or crocheted fabrics nesoi, other than of wool, cotton or manmade fibers & containing < 85% by wt of silk/silk waste",New,"CAFTA-DR textiles & apparel (Jordan, El Salvador, or Guatemala)",
6101.20.00,"Men's or boys' overcoats, carcoats, capes, cloaks, anoraks, windbreakers and similar articles, knitted or crocheted, of cotton",New,"CAFTA-DR textiles & apparel (Jordan, El Salvador, or Guatemala)",
6101.30.10,"Men's or boys' overcoats, carcoats, capes and like articles knitted or crocheted, of man-made fibers, 25% or more by weight of leather",New,"CAFTA-DR textiles & apparel (Jordan, El Salvador, or Guatemala)",
6101.30.15,"Men's or boy's overcoat, etc.,knitted or crocheted, of manmade fibers, containing 23% or more wool or fine animal hair, nesoi",New,"CAFTA-DR textiles & apparel (Jordan, El Salvador, or Guatemala)",
6101.30.20,"Men's or boy's overcoats, carcoats, capes, cloaks, windbreakers and similar articles, knitted or crocheted, of man-made fibers, nesoi",New,"CAFTA-DR textiles & apparel (Jordan, El Salvador, or Guatemala)",
6101.90.05,"Men's or boys' overcoats, carcoats, capes, cloaks, windbreakers and similar articles, knitted or crocheted, of wool or fine animal hair",New,"CAFTA-DR textiles & apparel (Jordan, El Salvador, or Guatemala)",
6101.90.10,"Men's or boys' overcoats, carcoats, etc., of tex mats (other than wool, cotton or mmf), cont 70% or more wt of silk, knitted or crocheted",New,"CAFTA-DR textiles & apparel (Jordan, El Salvador, or Guatemala)",
6101.90.90,"Men's or boys' overcoats, carcoats, etc., of tex mats (other than wool, cotton or mmf), cont less than 70% wt silk, knitted or crocheted",New,"CAFTA-DR textiles & apparel (Jordan, El Salvador, or Guatemala)",
6102.10.00,"Women's or girls' overcoats, carcoats, capes, windbreakers and similar articles, knitted or crocheted, of wool or fine animal hair",New,"CAFTA-DR textiles & apparel (Jordan, El Salvador, or Guatemala)",
6102.20.00,"Women's or girls' overcoats, carcoats, capes, cloaks, anoraks, windbreakers and similar articles, knitted or crocheted, of cotton",New,"CAFTA-DR textiles & apparel (Jordan, El Salvador, or Guatemala)",
6102.30.05,"Women's or girls' overcoats, carcoats, etc., knitted or crocheted, of manmade fibers, cont. 25% or more by weight of leather",New,"CAFTA-DR textiles & apparel (Jordan, El Salvador, or Guatemala)",
6102.30.10,"Women's or girls' overcoats, carcoats, etc., knitted or crocheted, of manmade fibers, containing 23% or more of wool or fine animal hair",New,"CAFTA-DR textiles & apparel (Jordan, El Salvador, or Guatemala)",
6102.30.20,"Women's or girls' overcoats, carcoats, capes, windbreakers and similar articles, knitted or crocheted, of manmade fibers, nesoi",New,"CAFTA-DR textiles & apparel (Jordan, El Salvador, or Guatemala)",
6102.90.10,"Women's or girls' overcoats, carcoats, etc., of tex mats (other than wool, cotton or mmf), cont 70% or more wt of silk, knitted or crochet",New,"CAFTA-DR textiles & apparel (Jordan, El Salvador, or Guatemala)",
6102.90.90,"Women's or girls' overcoats, carcoats, etc., of tex mats (other than wool, cotton or mmf), cont less than 70% wt of silk, knitted/crocheted",New,"CAFTA-DR textiles & apparel (Jordan, El Salvador, or Guatemala)",
6103.10.10,"Men's or boys' suits, knitted or crocheted, of wool or fine animal hair",New,"CAFTA-DR textiles & apparel (Jordan, El Salvador, or Guatemala)",
6103.10.20,"Men's or boys' suits, knitted or crocheted, of synthetic fibers, containing 23 percent or more of wool or fine animal hair",New,"CAFTA-DR textiles & apparel (Jordan, El Salvador, or Guatemala)",
6103.10.30,"Men's or boys' suits, knitted or crocheted, of synthetic fibers, nesoi",New,"CAFTA-DR textiles & apparel (Jordan, El Salvador, or Guatemala)",
6103.10.40,"Men's or boys' suits, knitted or crocheted, of artificial fibers, containing 23 percent or more of wool or fine animal hair",New,"CAFTA-DR textiles & apparel (Jordan, El Salvador, or Guatemala)",
6103.10.50,"Men's or boys' suits, knitted or crocheted, of artificial fibers, nesoi",New,"CAFTA-DR textiles & apparel (Jordan, El Salvador, or Guatemala)",
6103.10.60,"Men's or boys' suits, knitted or crocheted, of cotton",New,"CAFTA-DR textiles & apparel (Jordan, El Salvador, or Guatemala)",
6103.10.70,"Men's or boys' suits, of tex mats (ex wool, cotton or mmf), containing 70% or more by weight of silk or silk waste, knitted or crocheted",New,"CAFTA-DR textiles & apparel (Jordan, El Salvador, or Guatemala)",
6103.10.90,"Men's or boys' suits, of tex mats (ex wool, cotton or mmf), containing under 70% by weight of silk or silk waste, knitted or crocheted",New,"CAFTA-DR textiles & apparel (Jordan, El Salvador, or Guatemala)",
6103.22.00,"Men's or boys' ensembles, knitted or crocheted, of cotton",New,"CAFTA-DR textiles & apparel (Jordan, El Salvador, or Guatemala)",
6103.23.00,"Men's or boys' ensembles, knitted or crocheted, of synthetic fibers",New,"CAFTA-DR textiles & apparel (Jordan, El Salvador, or Guatemala)",
6103.29.05,"Men's or boys' ensembles, knitted or crocheted, of wool or fine animal hair",New,"CAFTA-DR textiles & apparel (Jordan, El Salvador, or Guatemala)",
6103.29.10,"Men's or boys' ensembles, knitted or crocheted, of artificial fibers",New,"CAFTA-DR textiles & apparel (Jordan, El Salvador, or Guatemala)",
6103.29.20,"Men's or boys' ensembles, knitted or crocheted, of textile materials nesoi",New,"CAFTA-DR textiles & apparel (Jordan, El Salvador, or Guatemala)",
6103.31.00,"Men's or boys' suit-type jackets and blazers, knitted or crocheted, of wool or fine animal hair",New,"CAFTA-DR textiles & apparel (Jordan, El Salvador, or Guatemala)",
6103.32.00,"Men's or boys' suit-type jackets and blazers, knitted or crocheted, of cotton",New,"CAFTA-DR textiles & apparel (Jordan, El Salvador, or Guatemala)",
6103.33.10,"Men's or boys' suit-type jackets and blazers, knitted or crocheted, of synthetic fibers, containing 23% or more of wool or fine animal hair",New,"CAFTA-DR textiles & apparel (Jordan, El Salvador, or Guatemala)",
6103.33.20,"Men's or boys' suit-type jackets and blazers, knitted or crocheted, of synthetic fibers, nesoi",New,"CAFTA-DR textiles & apparel (Jordan, El Salvador, or Guatemala)",
6103.39.10,"Men's or boys' suit-type jackets and blazers, knitted or crocheted, of artificial fibers",New,"CAFTA-DR textiles & apparel (Jordan, El Salvador, or Guatemala)",
6103.39.40,"Men's or boys' suit-type jackets and blazers, of textile mats, (except wool, cotton, or mmf), cont 70% or more by wt of silk, knitted/croc",New,"CAFTA-DR textiles & apparel (Jordan, El Salvador, or Guatemala)",
6103.39.80,"Men's or boys' suit-type jackets and blazers, of textile mats, (except wool, cotton, or mmf), cont less than 70% by wt of silk, knitted/croc",New,"CAFTA-DR textiles & apparel (Jordan, El Salvador, or Guatemala)",
6103.41.10,"Men's or boys' trousers, breeches and shorts, knitted or crocheted, of wool or fine animal hair",New,"CAFTA-DR textiles & apparel (Jordan, El Salvador, or Guatemala)",
6103.41.20,"Men's or boys' bib and brace overalls, knitted or crocheted, of wool or fine animal hair",New,"CAFTA-DR textiles & apparel (Jordan, El Salvador, or Guatemala)",
6103.42.10,"Men's or boys' trousers, breeches and shorts, knitted or crocheted, of cotton",New,"CAFTA-DR textiles & apparel (Jordan, El Salvador, or Guatemala)",
6103.42.20,"Men's or boys' bib and brace overalls, knitted or crocheted, of cotton",New,"CAFTA-DR textiles & apparel (Jordan, El Salvador, or Guatemala)",
6103.43.10,"Men's or boys' trousers, breeches and shorts, knitted or crocheted, of syn. fibers, cont. 23 percent or more of wool or fine animal hair",New,"CAFTA-DR textiles & apparel (Jordan, El Salvador, or Guatemala)",
6103.43.15,"Men's or boys' trousers, breeches and shorts, knitted or crocheted, of synthetic fibers, nesoi",New,"CAFTA-DR textiles & apparel (Jordan, El Salvador, or Guatemala)",
6103.43.20,"Men's and boys' bib and brace overalls of synthetic fibers, knitted or crocheted",New,"CAFTA-DR textiles & apparel (Jordan, El Salvador, or Guatemala)",
6103.49.10,"Men's or boys' trousers, breeches and shorts, knitted or crocheted, of artificial fibers",New,"CAFTA-DR textiles & apparel (Jordan, El Salvador, or Guatemala)",
6103.49.20,"Men's or boys' bib and brace overalls, knitted or crocheted, of artificial fibers",New,"CAFTA-DR textiles & apparel (Jordan, El Salvador, or Guatemala)",
6103.49.40,"Men's or boys' trousers, bib and brace overalls, breeches and shorts, of tex mat (except wool, cot or mmf), con 70% or more wt of silk, k/c",New,"CAFTA-DR textiles & apparel (Jordan, El Salvador, or Guatemala)",
6103.49.80,"Men's or boys' trousers, bib and brace overalls, breeches and shorts, of tex mat (except wool, cot or mmf), con under 70% by wt of silk, k/c",New,"CAFTA-DR textiles & apparel (Jordan, El Salvador, or Guatemala)",
6104.13.10,"Women's or girls' suits, knitted or crocheted, of synthetic fibers, containing 23 percent or more of wool or fine animal hair",New,"CAFTA-DR textiles & apparel (Jordan, El Salvador, or Guatemala)",
6104.13.20,"Women's or girls' suits, knitted or crocheted, of synthetic fibers, nesoi",New,"CAFTA-DR textiles & apparel (Jordan, El Salvador, or Guatemala)",
6104.19.10,"Women's or girls' suits, knitted or crocheted, of artificial fibers, containing 23 percent or more of wool or fine animal hair",New,"CAFTA-DR textiles & apparel (Jordan, El Salvador, or Guatemala)",
6104.19.15,"Women's or girls' suits, knitted or crocheted, of artificial fibers, nesoi",New,"CAFTA-DR textiles & apparel (Jordan, El Salvador, or Guatemala)",
6104.19.40,"Women's or girls' suits, of tex mats (ex wool, cotton or mmf), containing 70% or more by weight of silk or silk waste, knitted or crocheted",New,"CAFTA-DR textiles & apparel (Jordan, El Salvador, or Guatemala)",
6104.19.50,"Women's or girls' suits, knitted or crocheted, of wool or fine animal hair",New,"CAFTA-DR textiles & apparel (Jordan, El Salvador, or Guatemala)",
6104.19.60,"Women's or girls' suits, knitted or crocheted, of cotton",New,"CAFTA-DR textiles & apparel (Jordan, El Salvador, or Guatemala)",
6104.19.80,"Women's or girls' suits, of tex mats (ex wool, cotton or mmf), containing under 70% by weight of silk or silk waste, knitted or crocheted",New,"CAFTA-DR textiles & apparel (Jordan, El Salvador, or Guatemala)",
6104.22.00,"Women's or girls' ensembles, knitted or crocheted, of cotton",New,"CAFTA-DR textiles & apparel (Jordan, El Salvador, or Guatemala)",
6104.23.00,"Women's or girls' ensembles, knitted or crocheted, of synthetic fibers",New,"CAFTA-DR textiles & apparel (Jordan, El Salvador, or Guatemala)",
6104.29.05,"Women's or girls' ensembles, knitted or crocheted, of wool or fine animal hair",New,"CAFTA-DR textiles & apparel (Jordan, El Salvador, or Guatemala)",
6104.29.10,"Women's or girls' ensembles, knitted or crocheted, of artificial fibers",New,"CAFTA-DR textiles & apparel (Jordan, El Salvador, or Guatemala)",
6104.29.20,"Women's or girls' ensembles, knitted or crocheted, of textile materials nesoi",New,"CAFTA-DR textiles & apparel (Jordan, El Salvador, or Guatemala)",
6104.31.00,"Women's or girls' suit-type jackets and blazers, knitted or crocheted, of wool or fine animal hair",New,"CAFTA-DR textiles & apparel (Jordan, El Salvador, or Guatemala)",
6104.32.00,"Women's or girls' suit-type jackets and blazers, knitted or crocheted, of cotton",New,"CAFTA-DR textiles & apparel (Jordan, El Salvador, or Guatemala)",
6104.33.10,"Women's or girls' suit-type jackets & blazers, knit or crocheted, of synthetic fibers, cont. 23% or more of wool or fine animal hair",New,"CAFTA-DR textiles & apparel (Jordan, El Salvador, or Guatemala)",
6104.33.20,"Women's or girls' suit-type jackets and blazers, knitted or crocheted, of synthetic fibers, nesoi",New,"CAFTA-DR textiles & apparel (Jordan, El Salvador, or Guatemala)",
6104.39.10,"Women's or girls' suit-type jackets, knitted or crocheted, of artificial fibers",New,"CAFTA-DR textiles & apparel (Jordan, El Salvador, or Guatemala)",
6104.39.20,"Women's or girls' suit-type jackets, knitted or crocheted, of textile materials nesoi",New,"CAFTA-DR textiles & apparel (Jordan, El Salvador, or Guatemala)",
6104.41.00,"Women's or girls' dresses, knitted or crocheted, of wool or fine animal hair",New,"CAFTA-DR textiles & apparel (Jordan, El Salvador, or Guatemala)",
6104.42.00,"Women's or girls' dresses, knitted or crocheted, of cotton",New,"CAFTA-DR textiles & apparel (Jordan, El Salvador, or Guatemala)",
6104.43.10,"Women's or girls' dresses, knitted or crocheted, of synthetic fibers, containing 23 percent or more of wool or fine animal hair",New,"CAFTA-DR textiles & apparel (Jordan, El Salvador, or Guatemala)",
6104.43.20,"Women's or girls' dresses, knitted or crocheted, of synthetic fibers, nesoi",New,"CAFTA-DR textiles & apparel (Jordan, El Salvador, or Guatemala)",
6104.44.10,"Women's or girls' dresses, knitted or crocheted, of artificial fibers, containing 23 percent or more of wool or fine animal hair",New,"CAFTA-DR textiles & apparel (Jordan, El Salvador, or Guatemala)",
6104.44.20,"Women's or girls' dresses, knitted or crocheted, of artificial fibers, nesoi",New,"CAFTA-DR textiles & apparel (Jordan, El Salvador, or Guatemala)",
6104.49.10,"Women's or girls' dresses, of textile mats (ex wool, cotton or mmf), containing 70% or more by weight of silk or silk waste, knitted or croc",New,"CAFTA-DR textiles & apparel (Jordan, El Salvador, or Guatemala)",
6104.49.90,"Women's or girls' dresses, of textile mats (ex wool, cotton or mmf), containing under 70% by weight of silk or silk waste, knitted or croc",New,"CAFTA-DR textiles & apparel (Jordan, El Salvador, or Guatemala)",
6104.51.00,"Women's or girls' skirts and divided skirts, knitted or crocheted, of wool or fine animal hair",New,"CAFTA-DR textiles & apparel (Jordan, El Salvador, or Guatemala)",
6104.52.00,"Women's or girls' skirts and divided skirts, knitted or crocheted, of cotton",New,"CAFTA-DR textiles & apparel (Jordan, El Salvador, or Guatemala)",
6104.53.10,"Women's or girls' skirts & divided skirts, knitted or crocheted, of synthetic fibers, cont. 23% or more of wool or fine animal hair",New,"CAFTA-DR textiles & apparel (Jordan, El Salvador, or Guatemala)",
6104.53.20,"Women's or girls' skirts and divided skirts, knitted or crocheted, of synthetic fibers, nesoi",New,"CAFTA-DR textiles & apparel (Jordan, El Salvador, or Guatemala)",
6104.59.10,"Women's or girls' skirts and divided skirts, knitted or crocheted, of artificial fibers",New,"CAFTA-DR textiles & apparel (Jordan, El Salvador, or Guatemala)",
6104.59.40,"Women's or girls' skirts & divided skirts, of textile mats (ex wool, cotton or mmf), containing 70% or more by wt of silk, knitted or croc",New,"CAFTA-DR textiles & apparel (Jordan, El Salvador, or Guatemala)",
6104.59.80,"Women's or girls' skirts and divided skirts, of textile mats (ex wool, cotton or mmf), containing under 70% by wt of silk, knitted or croc",New,"CAFTA-DR textiles & apparel (Jordan, El Salvador, or Guatemala)",
6104.61.00,"Women's or girls' trousers, bib and brace overalls, breeches and shorts, knitted or crocheted, of wool or fine animal hair",New,"CAFTA-DR textiles & apparel (Jordan, El Salvador, or Guatemala)",
6104.62.10,"Women's or girls' bib and brace overalls, knitted or crocheted, of cotton",New,"CAFTA-DR textiles & apparel (Jordan, El Salvador, or Guatemala)",
6104.62.20,"Women's or girls' trousers, breeches and shorts, knitted or crocheted, of cotton",New,"CAFTA-DR textiles & apparel (Jordan, El Salvador, or Guatemala)",
6104.63.10,"Women's or girls' bib and brace overalls, knitted or crocheted, of synthetic fibers",New,"CAFTA-DR textiles & apparel (Jordan, El Salvador, or Guatemala)",
6104.63.15,"Women's or girls' trousers, etc., knitted or crocheted, of synthetic fibers, containing 23 percent or more of wool or fine animal hair",New,"CAFTA-DR textiles & apparel (Jordan, El Salvador, or Guatemala)",
6104.63.20,"Women's or girls' trousers, breeches and shorts, knitted or crocheted, of synthetic fibers, nesoi",New,"CAFTA-DR textiles & apparel (Jordan, El Salvador, or Guatemala)",
6104.69.10,"Women's or girls' bib and brace overalls, knitted or crocheted, of artificial fibers",New,"CAFTA-DR textiles & apparel (Jordan, El Salvador, or Guatemala)",
6104.69.20,"Women's or girls' trousers, breeches and shorts, knitted or crocheted, of artificial fibers",New,"CAFTA-DR textiles & apparel (Jordan, El Salvador, or Guatemala)",
6104.69.40,"Women's or girls' trousers, bib & brace overalls, breeches & shorts, of tex mats (ex wool, cotton or mmf), cont 70% or more wt of silk, k/c",New,"CAFTA-DR textiles & apparel (Jordan, El Salvador, or Guatemala)",
6104.69.80,"Women's or girls' trousers, bib & brace overalls, breeches & shorts, of tex mats (ex wool, cotton or mmf), cont under 70% by wt of silk, k/c",New,"CAFTA-DR textiles & apparel (Jordan, El Salvador, or Guatemala)",
6105.10.00,"Men's or boys' shirts, knitted or crocheted, of cotton",New,"CAFTA-DR textiles & apparel (Jordan, El Salvador, or Guatemala)",
6105.20.10,"Men's or boys' shirts, knitted or crocheted, of manmade fibers, containing 23 percent or more of wool or fine animal hair",New,"CAFTA-DR textiles & apparel (Jordan, El Salvador, or Guatemala)",
6105.20.20,"Men's or boys' shirts, knitted or crocheted, of manmade fibers, nesoi",New,"CAFTA-DR textiles & apparel (Jordan, El Salvador, or Guatemala)",
6105.90.10,"Men's or boys' shirts, knitted or crocheted, of wool or fine animal hair",New,"CAFTA-DR textiles & apparel (Jordan, El Salvador, or Guatemala)",
6105.90.40,"Men's or boys' shirts, of textile materials (ex wool, cotton or mmf), containing 70% or more by weight of silk or silk waste, knitted/croch",New,"CAFTA-DR textiles & apparel (Jordan, El Salvador, or Guatemala)",
6105.90.80,"Men's or boys' shirts, of textile materials (ex wool, cotton or mmf), containing under 70% by weight of silk or silk waste, knitted/crochete",New,"CAFTA-DR textiles & apparel (Jordan, El Salvador, or Guatemala)",
6106.10.00,"Women's or girls' blouses and shirts, knitted or crocheted, of cotton",New,"CAFTA-DR textiles & apparel (Jordan, El Salvador, or Guatemala)",
6106.20.10,"Women's or girls' blouses and shirts, knitted or crocheted, of manmade fibers, containing 23 percent or more of wool or fine animal hair",New,"CAFTA-DR textiles & apparel (Jordan, El Salvador, or Guatemala)",
6106.20.20,"Women's or girls' blouses and shirts, knitted or crocheted, of man-made fibers, nesoi",New,"CAFTA-DR textiles & apparel (Jordan, El Salvador, or Guatemala)",
6106.90.10,"Women's or girls' blouses and shirts, knitted or crocheted, of wool or fine animal hair",New,"CAFTA-DR textiles & apparel (Jordan, El Salvador, or Guatemala)",
6106.90.15,"Women's or girls' blouses and shirts, of textile materials (ex wool, cotton or mmf), containing 70% or more weight of silk, knitted or croc",New,"CAFTA-DR textiles & apparel (Jordan, El Salvador, or Guatemala)",
6106.90.25,"Women's or girls' blouses and shirts, of textile materials (ex wool, cotton or mmf), containing under 70% by weight of silk, knitted or croc",New,"CAFTA-DR textiles & apparel (Jordan, El Salvador, or Guatemala)",
6106.90.30,"Women's or girls' blouses and shirts, knitted or crocheted, of textile materials nesoi",New,"CAFTA-DR textiles & apparel (Jordan, El Salvador, or Guatemala)",
6107.11.00,"Men's or boys' underpants and briefs, knitted or crocheted, of cotton",New,"CAFTA-DR textiles & apparel (Jordan, El Salvador, or Guatemala)",
6107.12.00,"Men's or boys' underpants and briefs, knitted or crocheted, of man-made fibers",New,"CAFTA-DR textiles & apparel (Jordan, El Salvador, or Guatemala)",
6107.19.10,"Men's or boys' underpants & briefs, of textile materials (ex cotton or mmf), containing 70% or more by weight of silk or silk waste, k/croc",New,"CAFTA-DR textiles & apparel (Jordan, El Salvador, or Guatemala)",
6107.19.90,"Men's or boys' underpants and briefs, of textile materials (except cotton or mmf), containing under 70% by weight of silk, knitted or croc",New,"CAFTA-DR textiles & apparel (Jordan, El Salvador, or Guatemala)",
6107.21.00,"Men's or boys' nightshirts and pajamas, knitted or crocheted, of cotton",New,"CAFTA-DR textiles & apparel (Jordan, El Salvador, or Guatemala)",
6107.22.00,"Men's or boys' nightshirts and pajamas, knitted or crocheted, of man-made fibers",New,"CAFTA-DR textiles & apparel (Jordan, El Salvador, or Guatemala)",
6107.29.20,"Men's or boys' nightshirts and pajamas, knitted or crocheted, of wool or fine animal hair",New,"CAFTA-DR textiles & apparel (Jordan, El Salvador, or Guatemala)",
6107.29.50,"Men's or boys' nightshirts and pajamas, of textile materials (ex cotton, mmf or wool), containing 70% or more by wt of silk, knitted or croc",New,"CAFTA-DR textiles & apparel (Jordan, El Salvador, or Guatemala)",
6107.29.90,"Men's or boys' nightshirts and pajamas, of textile materials (ex cotton, mmf or wool), containing under 70% by wt of silk, knitted or croc",New,"CAFTA-DR textiles & apparel (Jordan, El Salvador, or Guatemala)",
6107.91.00,"Men's or boys' bathrobes, dressing gowns and similar articles, knitted or crocheted, of cotton",New,"CAFTA-DR textiles & apparel (Jordan, El Salvador, or Guatemala)",
6107.99.10,"Men's or boys' bathrobes, dressing gowns and similar articles, knitted or crocheted, of man-made fibers",New,"CAFTA-DR textiles & apparel (Jordan, El Salvador, or Guatemala)",
6107.99.20,"Men's or boys' bathrobes, dressing gowns and similar articles, knitted or crocheted, of wool or fine animal hair",New,"CAFTA-DR textiles & apparel (Jordan, El Salvador, or Guatemala)",
6107.99.50,"Men's or boys' bathrobes, dressing gowns, & similar articles, of textile materials (except wool), containing 70% or more by wt of silk, k/c",New,"CAFTA-DR textiles & apparel (Jordan, El Salvador, or Guatemala)",
6107.99.90,"Men's or boys' bathrobes, dressing gowns, and similar articles, of textile materials (except wool), containing under 70% by wt of silk, k/c",New,"CAFTA-DR textiles & apparel (Jordan, El Salvador, or Guatemala)",
6108.11.00,"Women's or girls' slips and petticoats, knitted or crocheted, of man-made fibers",New,"CAFTA-DR textiles & apparel (Jordan, El Salvador, or Guatemala)",
6108.19.10,"Women's or girls' slips and petticoats, of textile materials (except mmf), containing 70% or more by weight of silk, knitted or crocheted",New,"CAFTA-DR textiles & apparel (Jordan, El Salvador, or Guatemala)",
6108.19.90,"Women's or girls' slips and petticoats, of textile materials (except mmf), containing under 70% by weight of silk, knitted or crocheted",New,"CAFTA-DR textiles & apparel (Jordan, El Salvador, or Guatemala)",
6108.21.00,"Women's or girls' briefs and panties, knitted or crocheted, of cotton",New,"CAFTA-DR textiles & apparel (Jordan, El Salvador, or Guatemala)",
6108.22.10,"Women's or girls' disposable briefs and panties designed for one-time use, of man-made fibers, knitted or crocheted",New,"CAFTA-DR textiles & apparel (Jordan, El Salvador, or Guatemala)",
6108.22.90,"Women's or girls' briefs and panties (other than disposable), of man-made fibers, knitted or crocheted",New,"CAFTA-DR textiles & apparel (Jordan, El Salvador, or Guatemala)",
6108.29.10,"Women's or girls' briefs and panties (other than disposable), of text materials (other than cotton or mmf) cont 70% or more wt of silk, k/c",New,"CAFTA-DR textiles & apparel (Jordan, El Salvador, or Guatemala)",
6108.29.90,"Women's or girls' briefs and panties (other than disposable), of text mats (other than cotton or mmf) cont under 70% by wt of silk, k/c",New,"CAFTA-DR textiles & apparel (Jordan, El Salvador, or Guatemala)",
6108.31.00,"Women's or girls' nightdresses and pajamas, knitted or crocheted, of cotton",New,"CAFTA-DR textiles & apparel (Jordan, El Salvador, or Guatemala)",
6108.32.00,"Women's or girls' nightdresses and pajamas, knitted or crocheted, of man-made fibers",New,"CAFTA-DR textiles & apparel (Jordan, El Salvador, or Guatemala)",
6108.39.10,"Women's or girls' nightdresses and pajamas, knitted or crocheted, of wool or fine animal hair",New,"CAFTA-DR textiles & apparel (Jordan, El Salvador, or Guatemala)",
6108.39.40,"Women's or girls' nightdresses & pajamas, con. 70% or more by wt of silk or silk waste, knitted or crocheted",New,"CAFTA-DR textiles & apparel (Jordan, El Salvador, or Guatemala)",
6108.39.80,"Women's or girls' nightdresses & pajamas, of textiles (except of cotton/mmf/wool), con. under 70% by wt of silk, knitted or crocheted",New,"CAFTA-DR textiles & apparel (Jordan, El Salvador, or Guatemala)",
6108.91.00,"Women's or girls' negligees, bathrobes, dressing gowns and similar articles, knitted or crocheted, of cotton",New,"CAFTA-DR textiles & apparel (Jordan, El Salvador, or Guatemala)",
6108.92.00,"Women's or girls' negligees, bathrobes, dressing gowns and similar articles, knitted or crocheted, of man-made fibers",New,"CAFTA-DR textiles & apparel (Jordan, El Salvador, or Guatemala)",
6108.99.20,"Women's or girls' negligees, bathrobes, dressing gowns and similar articles, knitted or crocheted, of wool or fine animal hair",New,"CAFTA-DR textiles & apparel (Jordan, El Salvador, or Guatemala)",
6108.99.50,"Women's or girls' bathrobes, negligees, & sim. articles, con. 70% or more by wt of silk or silk waste, knitted or crocheted",New,"CAFTA-DR textiles & apparel (Jordan, El Salvador, or Guatemala)",
6108.99.90,"Women's or girls' bathrobes, negligees, & sim. articles, of textiles (except of cotton/mmf/wool), con under 70% by wt of silk, k/c",New,"CAFTA-DR textiles & apparel (Jordan, El Salvador, or Guatemala)",
6109.10.00,"T-shirts, singlets, tank tops and similar garments, knitted or crocheted, of cotton",New,"CAFTA-DR textiles & apparel (Jordan, El Salvador, or Guatemala)",
6109.90.10,"T-shirts, singlets, tank tops and similar garments, knitted or crocheted, of man-made fibers",New,"CAFTA-DR textiles & apparel (Jordan, El Salvador, or Guatemala)",
6109.90.15,"T-shirts and similar garments, knitted or crocheted, of wool, with long sleeves",New,"CAFTA-DR textiles & apparel (Jordan, El Salvador, or Guatemala)",
6109.90.40,"T-shirts, singlets tanktops & sim garments, of text mat (except cotton, mmf or long sleeve wool garments), cont 70% or more wt of silk, k/c",New,"CAFTA-DR textiles & apparel (Jordan, El Salvador, or Guatemala)",
6109.90.80,"T-shirts, singlets tanktops and sim garments, of text mat (except cotton, mmf or long sleeve wool garments), cont under 70% wt of silk, k/c",New,"CAFTA-DR textiles & apparel (Jordan, El Salvador, or Guatemala)",
6110.11.00,"Sweaters, pullovers, sweatshirts, waistcoats (vests) and similar articles, knitted or crocheted, of wool",New,"CAFTA-DR textiles & apparel (Jordan, El Salvador, or Guatemala)",
6110.12.10,"Sweaters, pullovers, sweatshirts, waistcoats (vests) and similar articles, knitted or crocheted, of Kashmir goats, wholly of cashmere",New,"CAFTA-DR textiles & apparel (Jordan, El Salvador, or Guatemala)",
6110.12.20,"Sweaters, pullovers, sweatshirts, waistcoats (vests) and similar articles, knitted or crocheted, of Kashmir goats, not wholly of cashmere",New,"CAFTA-DR textiles & apparel (Jordan, El Salvador, or Guatemala)",
6110.19.00,"Sweaters, pullovers, sweatshirts, waistcoats (vests) and similar articles, knitted or crocheted, of fine animal hair",New,"CAFTA-DR textiles & apparel (Jordan, El Salvador, or Guatemala)",
6110.20.10,"Sweaters, pullovers and similar articles, knitted or crocheted, of cotton, containing 36 percent or more of flax fibers",New,"CAFTA-DR textiles & apparel (Jordan, El Salvador, or Guatemala)",
6110.20.20,"Sweaters, pullovers and similar articles, knitted or crocheted, of cotton, nesoi",New,"CAFTA-DR textiles & apparel (Jordan, El Salvador, or Guatemala)",
6110.30.10,"Sweaters, pullovers, sweatshirts and similar articles, knitted or crocheted, of man-made fibers, cont. 25% or more by weight of leather",New,"CAFTA-DR textiles & apparel (Jordan, El Salvador, or Guatemala)",
6110.30.15,"Sweaters, etc., knitted or crocheted, of manmade fibers, containing 23% or more of wool or fine animal hair",New,"CAFTA-DR textiles & apparel (Jordan, El Salvador, or Guatemala)",
6110.30.20,"Sweaters, pullovers & similar articles, knitted or crocheted, of manmade fibers, containing 30 percent or more of silk or silk waste",New,"CAFTA-DR textiles & apparel (Jordan, El Salvador, or Guatemala)",
6110.30.30,"Sweaters, pullovers and similar articles, knitted or crocheted, of manmade fibers, nesoi",New,"CAFTA-DR textiles & apparel (Jordan, El Salvador, or Guatemala)",
6110.90.10,"Sweaters, pullovers, sweatshirts, vests and similar articles, of text mat (except wool, cotton or mmf), cont 70% or more by wt of silk, k/c",New,"CAFTA-DR textiles & apparel (Jordan, El Salvador, or Guatemala)",
6110.90.90,"Sweaters, pullovers, sweatshirts, vests and sim articles, of text mat (except wool, cotton or mmf), containing under 70% by wt of silk, k/c",New,"CAFTA-DR textiles & apparel (Jordan, El Salvador, or Guatemala)",
6111.20.10,"Babies' blouses and shirts, except those imported as parts of sets, knitted or crocheted, of cotton",New,"CAFTA-DR textiles & apparel (Jordan, El Salvador, or Guatemala)",
6111.20.20,"Babies' T-shirts, singlets and similar garments, except those imported as parts of sets, of cotton",New,"CAFTA-DR textiles & apparel (Jordan, El Salvador, or Guatemala)",
6111.20.30,"Babies' sweaters, pullovers, sweatshirts and similar articles, except those imported as parts of sets, knitted or crocheted, of cotton",New,"CAFTA-DR textiles & apparel (Jordan, El Salvador, or Guatemala)",
6111.20.40,"Babies' dresses, knitted or crocheted, of cotton",New,"CAFTA-DR textiles & apparel (Jordan, El Salvador, or Guatemala)",
6111.20.50,"Babies' trousers, breeches and shorts, except those imported as parts of sets, knitted or crocheted, of cotton",New,"CAFTA-DR textiles & apparel (Jordan, El Salvador, or Guatemala)",
6111.20.60,"Babies' garments and clothing accessories, knitted or crocheted, of cotton, nesoi",New,"CAFTA-DR textiles & apparel (Jordan, El Salvador, or Guatemala)",
6111.30.10,"Babies' trousers, breeches and shorts, except those imported as parts of sets, knitted or crocheted, of synthetic fibers",New,"CAFTA-DR textiles & apparel (Jordan, El Salvador, or Guatemala)",
6111.30.20,"Babies' blouses and shirts, except those imported as parts of sets, knitted or crocheted, of synthetic fibers",New,"CAFTA-DR textiles & apparel (Jordan, El Salvador, or Guatemala)",
6111.30.30,"Babies' T-shirts, singlets and similar garments, except those imported as parts of sets, knitted or crocheted, of synthetic fibers",New,"CAFTA-DR textiles & apparel (Jordan, El Salvador, or Guatemala)",
6111.30.40,"Babies' sweaters, pullovers and similar articles, except those imported as parts of sets, knitted or crocheted, of synthetic fibers",New,"CAFTA-DR textiles & apparel (Jordan, El Salvador, or Guatemala)",
6111.30.50,"Babies' garments and clothing accessories, knitted or crocheted, of synthetic fibers, nesoi",New,"CAFTA-DR textiles & apparel (Jordan, El Salvador, or Guatemala)",
6111.90.05,"Babies' garments and clothing accessories, knitted or crocheted, of wool or fine animal hair",New,"CAFTA-DR textiles & apparel (Jordan, El Salvador, or Guatemala)",
6111.90.10,"Babies' trousers, breeches and shorts, except those imported as parts of sets, knitted or crocheted, of artificial fibers",New,"CAFTA-DR textiles & apparel (Jordan, El Salvador, or Guatemala)",
6111.90.20,"Babies' blouses and shirts, except those imported as parts of sets, knitted or crocheted, of artificial fibers",New,"CAFTA-DR textiles & apparel (Jordan, El Salvador, or Guatemala)",
6111.90.30,"Babies' T-shirts, singlets and similar garments, except those imported as parts of sets, knitted or crocheted, of artificial fibers",New,"CAFTA-DR textiles & apparel (Jordan, El Salvador, or Guatemala)",
6111.90.40,"Babies' sweaters, sweatshirts, and similar articles, except those imported as parts of sets, knitted or crocheted, of artificial fibers",New,"CAFTA-DR textiles & apparel (Jordan, El Salvador, or Guatemala)",
6111.90.50,"Babies' garments and clothing accessories, knitted or crocheted, of artificial fibers, nesoi",New,"CAFTA-DR textiles & apparel (Jordan, El Salvador, or Guatemala)",
6111.90.70,"Babies’ garments and clothing accessories, of textile materials (except wool, cotton or mmf), containing 70% or more by weight of silk, k/c",New,"CAFTA-DR textiles & apparel (Jordan, El Salvador, or Guatemala)",
6111.90.90,"Babies’ garments and clothing accessories, of textile materials (except wool, cotton or mmf), containing under 70% by weight of silk, k/c",New,"CAFTA-DR textiles & apparel (Jordan, El Salvador, or Guatemala)",
6112.11.00,"Track suits, knitted or crocheted, of cotton",New,"CAFTA-DR textiles & apparel (Jordan, El Salvador, or Guatemala)",
6112.12.00,"Track suits, knitted or crocheted, of synthetic fibers",New,"CAFTA-DR textiles & apparel (Jordan, El Salvador, or Guatemala)",
6112.19.10,"Track suits, knitted or crocheted, of artificial fibers",New,"CAFTA-DR textiles & apparel (Jordan, El Salvador, or Guatemala)",
6112.19.40,"Track suits, of textile materials (except cotton or mmf), containing 70% or more by weight of silk or silk waste, knitted or crocheted",New,"CAFTA-DR textiles & apparel (Jordan, El Salvador, or Guatemala)",
6112.19.80,"Track suits, of textile materials (except cotton or mmf), containing less than 70% by weight of silk or silk waste, knitted or crocheted",New,"CAFTA-DR textiles & apparel (Jordan, El Salvador, or Guatemala)",
6112.20.10,"Ski-suits, knitted or crocheted, of man-made fibers",New,"CAFTA-DR textiles & apparel (Jordan, El Salvador, or Guatemala)",
6112.20.20,"Ski-suits, knitted or crocheted, of textile materials other than man-made fibers",New,"CAFTA-DR textiles & apparel (Jordan, El Salvador, or Guatemala)",
6112.31.00,"Men's or boys' swimwear, knitted or crocheted, of synthetic fibers",New,"CAFTA-DR textiles & apparel (Jordan, El Salvador, or Guatemala)",
6112.39.00,"Men's or boys' swimwear, knitted or crocheted, of textile materials other than synthetic fibers",New,"CAFTA-DR textiles & apparel (Jordan, El Salvador, or Guatemala)",
6112.41.00,Women's or girls' knitted or crocheted swimwear of synthetic fibers,New,"CAFTA-DR textiles & apparel (Jordan, El Salvador, or Guatemala)",
6112.49.00,"Women's or girls' swimwear, knitted or crocheted, of textile materials other than synthetic fibers",New,"CAFTA-DR textiles & apparel (Jordan, El Salvador, or Guatemala)",
6113.00.10,"Garments nesoi, made up of k/c fabrics of 5903, 5906 or 5907, w an outer surf impreg, coated, cov, or lam w rub/p mat which obscures the fab",New,"CAFTA-DR textiles & apparel (Jordan, El Salvador, or Guatemala)",
6113.00.90,"Garments nesoi, made up of k/c fabrics of 5903, 5906 or 5907, not impreg, coated, covered, or laminated w rubber or plastics materials",New,"CAFTA-DR textiles & apparel (Jordan, El Salvador, or Guatemala)",
6114.20.00,"Garments nesoi, knitted or crocheted, of cotton",New,"CAFTA-DR textiles & apparel (Jordan, El Salvador, or Guatemala)",
6114.30.10,"Tops, knitted or crocheted, of man-made fibers",New,"CAFTA-DR textiles & apparel (Jordan, El Salvador, or Guatemala)",
6114.30.20,"Bodysuits and bodyshirts, knitted or crocheted, of man-made fibers",New,"CAFTA-DR textiles & apparel (Jordan, El Salvador, or Guatemala)",
6114.30.30,"Garments nesoi, knitted or crocheted, of man-made fibers",New,"CAFTA-DR textiles & apparel (Jordan, El Salvador, or Guatemala)",
6114.90.05,"Garments nesoi, knitted or crocheted, of wool or fine animal hair",New,"CAFTA-DR textiles & apparel (Jordan, El Salvador, or Guatemala)",
6114.90.10,"Other garments nesoi, of textile materials (except wool, cotton or mmf), contain 70% or more by weight of silk or silk waste, knitted/croch",New,"CAFTA-DR textiles & apparel (Jordan, El Salvador, or Guatemala)",
6114.90.90,"Other garment, nesoi, of textile materials (except wool, cotton or mmf), containing under 70% by wt of silk or silk waste, knitted/crocheted",New,"CAFTA-DR textiles & apparel (Jordan, El Salvador, or Guatemala)",
6115.21.00,"Panty hose and tights (not graduated compression), knitted or crocheted, of synthetic fibers, measuring per single yarn less than 67 decitex",New,"CAFTA-DR textiles & apparel (Jordan, El Salvador, or Guatemala)",
6115.22.00,"Panty hose and tights (not graduated compression), knitted or crocheted, of synthetic fibers, measuring per single yarn 67 decitex or more",New,"CAFTA-DR textiles & apparel (Jordan, El Salvador, or Guatemala)",
6115.29.40,"Panty hose (not graduated compressoin) and tights, containing 70% or more by weight of silk or silk waste, knitted or crocheted",New,"CAFTA-DR textiles & apparel (Jordan, El Salvador, or Guatemala)",
6115.29.80,"Panty hose (not surgical) and tights, of textile materials nesoi, knitted or crocheted",New,"CAFTA-DR textiles & apparel (Jordan, El Salvador, or Guatemala)",
6115.30.10,"Women's full-length or knee-length hosiery, measuring per single yarn less than 67 decitex containing 70% or more by wt of silk, knit/croc",New,"CAFTA-DR textiles & apparel (Jordan, El Salvador, or Guatemala)",
6115.30.90,"Women's full-length or knee-length hosiery, measuring per single yarn less than 67 decitex containing under 70% by wt of silk, knitted/croc",New,"CAFTA-DR textiles & apparel (Jordan, El Salvador, or Guatemala)",
6115.94.00,"Hosiery nesoi, knitted or crocheted, of wool or fine animal hair",New,"CAFTA-DR textiles & apparel (Jordan, El Salvador, or Guatemala)",
6115.95.60,"Stockings, socks, etc. (not surgical), knitted or crocheted, of cotton, containing lace or net",New,"CAFTA-DR textiles & apparel (Jordan, El Salvador, or Guatemala)",
6115.95.90,"Stockings, socks, etc. nesoi (not surgical and not containing lace or net), knitted or crocheted, of cotton",New,"CAFTA-DR textiles & apparel (Jordan, El Salvador, or Guatemala)",
6115.96.60,"Stockings, socks, etc. nesoi, knitted or crocheted, of synthetic fibers, containing lace or net",New,"CAFTA-DR textiles & apparel (Jordan, El Salvador, or Guatemala)",
6115.96.90,"Stockings, socks, etc. nesoi, knitted or crocheted, of synthetic fibers (not containing lace or net)",New,"CAFTA-DR textiles & apparel (Jordan, El Salvador, or Guatemala)",
6115.99.14,"Hosiery nesoi, of artificial fibers, containing lace or net",New,"CAFTA-DR textiles & apparel (Jordan, El Salvador, or Guatemala)",
6115.99.19,"Hosiery nesoi, knitted or crocheted, of artificial fibers, other than those containing lace or net",New,"CAFTA-DR textiles & apparel (Jordan, El Salvador, or Guatemala)",
6115.99.40,"Stockings and other hosiery, including footwear without applied soles, of textile materials (except mmf), cont 70% or more by wt of silk, k/c",New,"CAFTA-DR textiles & apparel (Jordan, El Salvador, or Guatemala)",
6115.99.90,"Stockings and other hosiery, including footwear without applied soles, of textile materials (except mmf), cont under 70% by wt of silk, knitt",New,"CAFTA-DR textiles & apparel (Jordan, El Salvador, or Guatemala)",
6116.10.05,"Ice hockey and field hockey gloves, knitted or crocheted, impregnated, coated or covered with plastics or rubber",New,"CAFTA-DR textiles & apparel (Jordan, El Salvador, or Guatemala)",
6116.10.08,"Other gloves, mittens and mitts, the foregoing specially designed for sports use, incl. ski and snowmobile gloves, mittens and mitts",New,"CAFTA-DR textiles & apparel (Jordan, El Salvador, or Guatemala)",
6116.10.13,"Gloves, mittens & mitts, w/o four., k/c, coated w. plastics/rubber nesoi, cut & sewn, of veg. fibers, cont. > 50% by wt. of plastics/rubber",New,"CAFTA-DR textiles & apparel (Jordan, El Salvador, or Guatemala)",
6116.10.17,"Gloves, mittens & mitts, w/o four., k/c, coated w. plastics/rubber, nesoi, cut & sewn, of veg. fibers, cont. 50 % or less wt. of plas./rub.",New,"CAFTA-DR textiles & apparel (Jordan, El Salvador, or Guatemala)",
6116.10.44,"Gloves, mittens & mitts (excl sports), impreg etc, cut & sewn from pre-exist non-veg fib impreg fab, w/o fourch, con ov 50% wt plast/rub k/c",New,"CAFTA-DR textiles & apparel (Jordan, El Salvador, or Guatemala)",
6116.10.48,"Gloves, mittens & mitts (excl sports), impreg etc, cut & sewn from pre-exist non-veg fib impreg fab, w/o fourch, con < 50% wt pla/rub k/c",New,"CAFTA-DR textiles & apparel (Jordan, El Salvador, or Guatemala)",
6116.10.55,"Gloves, mittens & mitts (excl ports), impreg etc, not cut & sewn from pre-existing fabric, w/o fourch, con 50% or more wt of tex fibers, k/c",New,"CAFTA-DR textiles & apparel (Jordan, El Salvador, or Guatemala)",
6116.10.65,"Gloves, mittens & mitts (excl sports), impreg etc, not cut & sewn from pre-existing fabric, w/o fourch, cont < 50% by wt of text fib, k/c",New,"CAFTA-DR textiles & apparel (Jordan, El Salvador, or Guatemala)",
6116.10.75,"Gloves, mittens & mitts (excl sports), impreg etc, not cut & sewn from pre-existing fabric, with fourch, con 50% or more wt of text fib, k/c",New,"CAFTA-DR textiles & apparel (Jordan, El Salvador, or Guatemala)",
6116.10.95,"Gloves, mittens & mitts (excl sports), impreg etc, not cut & sewn from pre-existing fab, w fourch, cont < 50% by wt of textile fiber, k/c",New,"CAFTA-DR textiles & apparel (Jordan, El Salvador, or Guatemala)",
6116.91.00,"Gloves, mittens and mitts, knitted or crocheted, of wool or fine animal hair",New,"CAFTA-DR textiles & apparel (Jordan, El Salvador, or Guatemala)",
6116.92.05,"Ice hockey and field hockey gloves, knitted or crocheted, of cotton, not impregnated, coated or covered with plastics or rubber",New,"CAFTA-DR textiles & apparel (Jordan, El Salvador, or Guatemala)",
6116.92.08,"Gloves, etc., specially designed for sports, including ski and snowmobile gloves, mittens and mitts, knitted or crocheted, of cotton",New,"CAFTA-DR textiles & apparel (Jordan, El Salvador, or Guatemala)",
6116.92.64,"Gloves, mittens & mitts, (excl. ski or snowmobile), knitted or crocheted, of cotton, made from a pre- existing machine knit fabric, w/o four.",New,"CAFTA-DR textiles & apparel (Jordan, El Salvador, or Guatemala)",
6116.92.74,"Gloves, mittens & mitts (excl. ski or snowmobile), k/c, of cotton, from a pre-existing machine knit fabric, with fourchettes",New,"CAFTA-DR textiles & apparel (Jordan, El Salvador, or Guatemala)",
6116.92.88,"Gloves, mittens & mitts, (excl. ski or snowmobile), k/c, of cotton, not made from a pre-existing machine knit fabric, w/o fourchettes",New,"CAFTA-DR textiles & apparel (Jordan, El Salvador, or Guatemala)",
6116.92.94,"Gloves, mittens & mitts, of cotton, k/c, not impreg. etc. with plas./rub., not from pre-ex. mach. knit fabric, not for sports, with four.",New,"CAFTA-DR textiles & apparel (Jordan, El Salvador, or Guatemala)",
6116.93.05,"Ice hockey and field hockey gloves, knitted or crocehted, of synthetic fibers, not impregnated, coated or covered with plastics or rubber",New,"CAFTA-DR textiles & apparel (Jordan, El Salvador, or Guatemala)",
6116.93.08,"Gloves, mittens & mitts, for sports use, (incl. ski and snowmobile gloves, etc.), of synthetic fibers",New,"CAFTA-DR textiles & apparel (Jordan, El Salvador, or Guatemala)",
6116.93.64,"Gloves, mittens & mitts (excl. those designed for sports etc.), k/c, of synthetic fiber, cont. 23% or more wt. of wool etc., w/o four.",New,"CAFTA-DR textiles & apparel (Jordan, El Salvador, or Guatemala)",
6116.93.74,"Gloves, mittens & mitts (excl. those designed for sports etc.), k/c, of synthetic fibers, cont. 23% or more wt. of wool etc., with four.",New,"CAFTA-DR textiles & apparel (Jordan, El Salvador, or Guatemala)",
6116.93.88,"Gloves, mittens & mitts (excl. those designed for sports etc.), k/c, of synthetic fibers, under 23% by wt. of wool etc., w/o fourchettes",New,"CAFTA-DR textiles & apparel (Jordan, El Salvador, or Guatemala)",
6116.93.94,"Gloves, mittens & mitts (excl. those designed for sports etc.), k/c, of synthetic fibers, under 23% by wt. of wool etc., with fourchettes",New,"CAFTA-DR textiles & apparel (Jordan, El Salvador, or Guatemala)",
6116.99.20,"Ice hockey and field hockey gloves, knitted or crocheted, of artificial fibers, not impregnated, coated or covered with plastics or rubber",New,"CAFTA-DR textiles & apparel (Jordan, El Salvador, or Guatemala)",
6116.99.35,"Gloves, mittens & mitts specially designed for sports, including ski and snowmobile gloves, mittens and mitts, of artificial fibers",New,"CAFTA-DR textiles & apparel (Jordan, El Salvador, or Guatemala)",
6116.99.48,"Gloves, mittens & mitts (excl. those designed for sports etc.), knitted/crocheted, of artificial fibers, without fourchettes",New,"CAFTA-DR textiles & apparel (Jordan, El Salvador, or Guatemala)",
6116.99.54,"Gloves, mittens & mitts (excl. those designed for sports etc.), knitted or crocheted, of artificial fibers, with fourchettes",New,"CAFTA-DR textiles & apparel (Jordan, El Salvador, or Guatemala)",
6116.99.75,"Gloves, mittens and mitts, of textile materials (except wool, cotton or mmf), containing 70% or more by wt of silk or silk waste, knit/croc",New,"CAFTA-DR textiles & apparel (Jordan, El Salvador, or Guatemala)",
6116.99.95,"Gloves, mittens and mitts, of textile materials (except wool, cotton or mmf), containing under 70% by weight of silk or silk waste, knit/croc",New,"CAFTA-DR textiles & apparel (Jordan, El Salvador, or Guatemala)",
6117.10.10,"Shawls, scarves, mufflers, mantillas, veils and the like, knitted or crocheted, of wool or fine animal hair",New,"CAFTA-DR textiles & apparel (Jordan, El Salvador, or Guatemala)",
6117.10.20,"Shawls, scarves, mufflers, mantillas, veils and the like, knitted or crocheted, of man-made fibers",New,"CAFTA-DR textiles & apparel (Jordan, El Salvador, or Guatemala)",
6117.10.40,"Shawls, scarves, etc., knitted or crocheted, containing 70% or more by weight of silk or silk waste",New,"CAFTA-DR textiles & apparel (Jordan, El Salvador, or Guatemala)",
6117.10.60,"Shawls, scarves, mufflers, mantillas, veils and the like, nesoi",New,"CAFTA-DR textiles & apparel (Jordan, El Salvador, or Guatemala)",
6117.80.20,"Ties, bow ties and cravats, containing 70% or more by weight of silk or silk waste, knitted or crocheted",New,"CAFTA-DR textiles & apparel (Jordan, El Salvador, or Guatemala)",
6117.80.30,"Made up clothing accessories (excl shawls, scarves, mufflers, mantillas, veils and the like; ties and cravat), containing >= 70% wt of silk,",New,"CAFTA-DR textiles & apparel (Jordan, El Salvador, or Guatemala)",
6117.80.85,"Headbands, ponytail holders & similar articles, of textile materials other than containing 70% or more by weight of silk, knitted/crocheted",New,"CAFTA-DR textiles & apparel (Jordan, El Salvador, or Guatemala)",
6117.80.87,"Ties, bow ties and cravats, containing under 70% by weight of silk or silk waste, knitted or crocheted",New,"CAFTA-DR textiles & apparel (Jordan, El Salvador, or Guatemala)",
6117.80.95,"Made up clothing accessories (excl shawl, scarve, and like, tie, cravat, headband, ponytail holder and like), cont < 70% wt of silk, k/c",New,"CAFTA-DR textiles & apparel (Jordan, El Salvador, or Guatemala)",
6117.90.10,"Parts of garments or of clothing accessories, containing 70% or more by weight of silk or silk waste, knitted or crocheted",New,"CAFTA-DR textiles & apparel (Jordan, El Salvador, or Guatemala)",
6117.90.90,"Parts of garments or of clothing accessories, containing under 70% by weight of silk or silk waste, knitted or crocheted",New,"CAFTA-DR textiles & apparel (Jordan, El Salvador, or Guatemala)",
6201.20.11,"Men's or boys' overcoats, carcoats, capes, cloaks and similar coats of wool or fine animal hair, not knitted or crocheted",New,"CAFTA-DR textiles & apparel (Jordan, El Salvador, or Guatemala)",
6201.20.19,"Rec perf. outwear, men's/boys' padded, sleeveless jackets, not knit/crochet, of wool or fine animal",New,"CAFTA-DR textiles & apparel (Jordan, El Salvador, or Guatemala)",
6201.20.29,"Rec perf outwear, men's or boys' anoraks, windbreakers and similar articles nesoi, not knitted or crocheted, of wool or fine animal hair",New,"CAFTA-DR textiles & apparel (Jordan, El Salvador, or Guatemala)",
6201.20.35,"Men's or boys' padded, sleeveless jackets, not knitted or crocheted, of wool or fine animal hair, o/than rec. perf outwear",New,"CAFTA-DR textiles & apparel (Jordan, El Salvador, or Guatemala)",
6201.20.40,"Men's or boys' anoraks, windbreakers and similar articles nesoi, not knitted or crocheted, of wool or fine animal hair, o/than rec perf outwear",New,"CAFTA-DR textiles & apparel (Jordan, El Salvador, or Guatemala)",
6201.30.12,"Men's or boys' overcoats, carcoats, capes & similar coats of cotton, not knit/crochet, containing 15% or more by wt of down, etc",New,"CAFTA-DR textiles & apparel (Jordan, El Salvador, or Guatemala)",
6201.30.20,"Men's or boys' overcoats, carcoats, capes & similar coats of cotton, not knit or crocheted, not containing 15% or more by wt of down, etc",New,"CAFTA-DR textiles & apparel (Jordan, El Salvador, or Guatemala)",
6201.30.30,"Rec perf outwear, men's/boys' anoraks, windbreakers & similar articles, not knit/crochet, of cotton, containing 15% or more by weight of down, etc",New,"CAFTA-DR textiles & apparel (Jordan, El Salvador, or Guatemala)",
6201.30.40,"Rec perf outwear, men's or boys' anoraks, windbreakers and similar articles, nesoi, not knitted or crocheted, of cotton, water resistant",New,"CAFTA-DR textiles & apparel (Jordan, El Salvador, or Guatemala)",
6201.30.50,"Rec perf outwear, men's/boys' anoraks, windbreakers & similar articles nesoi, not knit/crochet, of cotton, not cont. 15% or more by wt of down, etc",New,"CAFTA-DR textiles & apparel (Jordan, El Salvador, or Guatemala)",
6201.30.60,"Men's/boys' anoraks, windbreakers & sim articles, not knit/crochet, of cotton, containing 15% or more by weight down, etc, o/than rec perf outwear",New,"CAFTA-DR textiles & apparel (Jordan, El Salvador, or Guatemala)",
6201.30.70,"Men's or boys' anoraks, windbreakers and similar articles, nesoi, not knitted or crocheted, of cotton, water resistant, o/than rec perf outwear",New,"CAFTA-DR textiles & apparel (Jordan, El Salvador, or Guatemala)",
6201.30.80,"Men's/boys' anoraks, windbreakers & sim articles nesoi, not knit/crochet, of cotton, not cont. 15% or more by wt of down, etc, o/than rec perf outwear",New,"CAFTA-DR textiles & apparel (Jordan, El Salvador, or Guatemala)",
6201.40.10,"Men's or boys' overcoats, carcoats, capes & similar coats of man-made fibers, not knit or crocheted, cont. 15% or more by wt of down, etc",New,"CAFTA-DR textiles & apparel (Jordan, El Salvador, or Guatemala)",
6201.40.15,"Men's or boys' overcoats, carcoats, capes & similar coats of man-made fibers, not knit or crocheted, cont. 36 percent or more of wool, nesoi",New,"CAFTA-DR textiles & apparel (Jordan, El Salvador, or Guatemala)",
6201.40.20,"Men's or boys' overcoats, carcoats, capes & similar coats, not knit or crocheted, of manmade fibers, nesoi",New,"CAFTA-DR textiles & apparel (Jordan, El Salvador, or Guatemala)",
6201.40.25,"Rec perf outwear, men's/boys' anoraks, windbreakers & similar articles, not knit/crochet, of man-made fibers, cont. 15% or more by wt of down, etc",New,"CAFTA-DR textiles & apparel (Jordan, El Salvador, or Guatemala)",
6201.40.35,"Rec perf outwear, men's/boys' padded, sleeveless jackets, not knit/crochet, man-made fibers, not containing 15% or more by weight of down, etc",New,"CAFTA-DR textiles & apparel (Jordan, El Salvador, or Guatemala)",
6201.40.40,"Rec perf outwear, men's/boys' anoraks, etc, nesoi, not knit/crochet, of manmade fibers, containing 36 percent or more of wool or fine animal hair",New,"CAFTA-DR textiles & apparel (Jordan, El Salvador, or Guatemala)",
6201.40.45,"Rec perf outwear, men's/boys' anoraks, windbreakers and similar articles, not knitted or crocheted, of manmade fibers, nesoi, water resistant",New,"CAFTA-DR textiles & apparel (Jordan, El Salvador, or Guatemala)",
6201.40.50,"Rec perf outwear, men's/boys' anoraks, windbreakers and similar articles, not knitted or crocheted, of manmade fibers, nesoi",New,"CAFTA-DR textiles & apparel (Jordan, El Salvador, or Guatemala)",
6201.40.55,"Men's/boys' anoraks, windbreakers & similar articles, not knit/crochet, man-made fibers, cont. 15% or more by wt of down, etc, o/than rec perf outwear",New,"CAFTA-DR textiles & apparel (Jordan, El Salvador, or Guatemala)",
6201.40.60,"Men's/boys' padded, sleeveless jackets, not knit/crochet, man-made fibers, not containing 15% or more by wt of down, etc, o/than rec perf outwear",New,"CAFTA-DR textiles & apparel (Jordan, El Salvador, or Guatemala)",
6201.40.65,"Men's/boys' anoraks, etc, nesoi, not knit/crochet, manmade fibers, containing 36 percent or more of wool or fine animal hair, o/than rec perf outwear",New,"CAFTA-DR textiles & apparel (Jordan, El Salvador, or Guatemala)",
6201.40.70,"Men's or boys' anoraks, windbreakers & similar articles, not knitted or crocheted, of manmade fibers, nesoi, water resistant, o/than rec perf outwear",New,"CAFTA-DR textiles & apparel (Jordan, El Salvador, or Guatemala)",
6201.40.75,"Men's or boys' anoraks, windbreakers and similar articles, not knitted or crocheted, of manmade fibers, nesoi, o/than rec perf outwear",New,"CAFTA-DR textiles & apparel (Jordan, El Salvador, or Guatemala)",
6201.90.19,"Men's or boys' overcoats, carcoats, capes, cloaks, & sim coats, of tex mats (except wool, cotton or mmf), cont > or = 70% by wt silk, not k/c",New,"CAFTA-DR textiles & apparel (Jordan, El Salvador, or Guatemala)",
6201.90.29,"Men's or boys' overcoats, carcoats, capes, cloaks, & sim coats, of tex mats (except wool, cotton or mmf), cont under 70% by wt silk, not k/c",New,"CAFTA-DR textiles & apparel (Jordan, El Salvador, or Guatemala)",
6201.90.39,"Rec perf outwear, men's/boys' anoraks, wind- breakers & sim articles, not k/c, of tex mats (except wool, cotton or mmf), cont 70% or more by wt silk",New,"CAFTA-DR textiles & apparel (Jordan, El Salvador, or Guatemala)",
6201.90.49,"Rec perf outwear, men's/boys' anoraks, wind- breakers & sim articles, not k/c, text mats (not wool, cotton or mmf), cont under 70% by wt of silk",New,"CAFTA-DR textiles & apparel (Jordan, El Salvador, or Guatemala)",
6201.90.59,"Men's/boys' anoraks, wind-breakers & sim articles, not k/c, tex mats (not wool, cotton or mmf), cont 70% or more by wt silk, o/than rec perf outwear",New,"CAFTA-DR textiles & apparel (Jordan, El Salvador, or Guatemala)",
6201.90.69,"Men's/boys' anoraks, wind-breakers & sim articles, not k/c, of tex mats (not wool, cotton or mmf), cont under 70% by wt of silk, o/than rec perf out",New,"CAFTA-DR textiles & apparel (Jordan, El Salvador, or Guatemala)",
6202.20.11,"Women's or girls' overcoats, carcoats, capes, cloaks and similar coats, not knitted or crocheted, of wool or fine animal hair",New,"CAFTA-DR textiles & apparel (Jordan, El Salvador, or Guatemala)",
6202.20.19,"Rec perf outwear, women's or girls' padded, sleeveless jackets, not knitted or crocheted, of wool or fine animal hair",New,"CAFTA-DR textiles & apparel (Jordan, El Salvador, or Guatemala)",
6202.20.29,"Rec perf outwear, women's or girls' anoraks, windbreakers and similar articles nesoi, not knitted or crocheted, of wool or fine animal hair",New,"CAFTA-DR textiles & apparel (Jordan, El Salvador, or Guatemala)",
6202.20.35,"Women's or girls' padded, sleeveless jackets, not knitted or crocheted, of wool or fine animal hair, o/than rec perf outwear",New,"CAFTA-DR textiles & apparel (Jordan, El Salvador, or Guatemala)",
6202.20.40,"Women's or girls' anoraks, windbreakers and similar articles nesoi, not knitted or crocheted, of wool or fine animal hair, o/than rec pert outwear",New,"CAFTA-DR textiles & apparel (Jordan, El Salvador, or Guatemala)",
6202.30.12,"Women's or girls' overcoats, carcoats, etc, not knitted or crocheted, of cotton, containing 15% or more by weight of down, etc",New,"CAFTA-DR textiles & apparel (Jordan, El Salvador, or Guatemala)",
6202.30.20,"Women's or girls' overcoats, carcoats, etc, not knitted or crocheted, of cotton, not containing 15% or more by weight of down, etc",New,"CAFTA-DR textiles & apparel (Jordan, El Salvador, or Guatemala)",
6202.30.30,"Rec perf outwear, women's/girls' anoraks, windbreakers 7 similar articles, not knitt/crochet, cotton, cont. 15% or more by weight of down",New,"CAFTA-DR textiles & apparel (Jordan, El Salvador, or Guatemala)",
6202.30.40,"Rec perf outwear, women's/girls' anoraks, windbreakers and similar articles, not knitted or crocheted, of cotton, nesoi, water resistant",New,"CAFTA-DR textiles & apparel (Jordan, El Salvador, or Guatemala)",
6202.30.50,"Rec perf outwear, women's/girls' anoraks, windbreakers & similar articles, nt knit/crochet, of cotton, nt cont. 15% or more by wt of down, etc",New,"CAFTA-DR textiles & apparel (Jordan, El Salvador, or Guatemala)",
6202.30.60,"Women's/girls' anoraks, windbreakers & similar articles, not knit/crochet, cotton, cont. 15% or more by weight of down, o/than rec perf outwear",New,"CAFTA-DR textiles & apparel (Jordan, El Salvador, or Guatemala)",
6202.30.70,"Women's or girls' anoraks, windbreakers and similar articles, not knitted or crocheted, of cotton, nesoi, water resistant, o/than rec perf outwear",New,"CAFTA-DR textiles & apparel (Jordan, El Salvador, or Guatemala)",
6202.30.80,"Women's/girls' anoraks, windbreakers & similar articles, nt knit/crochet, cotton, nt cont. 15% or more by wt of down, etc, o/than rec perf outwear",New,"CAFTA-DR textiles & apparel (Jordan, El Salvador, or Guatemala)",
6202.40.10,"Women's or girls' overcoats, carcoats, etc, not knitted or crocheted, of man-made fibers, containing 15% or more by weight of down, etc",New,"CAFTA-DR textiles & apparel (Jordan, El Salvador, or Guatemala)",
6202.40.15,"Women's or girls' overcoats, carcoats, etc, not knitted or crocheted, of m-m fibers, cont. 36% or more of wool or fine animal hair, nesoi",New,"CAFTA-DR textiles & apparel (Jordan, El Salvador, or Guatemala)",
6202.40.20,"Women's or girls' overcoats, carcoats, capes, cloaks and similar articles, not knitted or crocheted, of man-made fibers, nesoi",New,"CAFTA-DR textiles & apparel (Jordan, El Salvador, or Guatemala)",
6202.40.25,"Rec perf outwear, women's/girls' anoraks, windbreakers & similar articles, not knit/crochet, of man-made fibers, cont. 15% or more by wt of down, etc",New,"CAFTA-DR textiles & apparel (Jordan, El Salvador, or Guatemala)",
6202.40.35,"Rec perf outwear, women's/girls' padded, sleeveless jackets, not knit/crochet, man-made fibers, not cont. 15% or more by weight of down, etc",New,"CAFTA-DR textiles & apparel (Jordan, El Salvador, or Guatemala)",
6202.40.40,"Rec perf outwear, women's/girls' anoraks, windbreakers, etc, nt knit/crochet, manmade fibers, cont. 36% or more of wool or fine animal hair, nesoi",New,"CAFTA-DR textiles & apparel (Jordan, El Salvador, or Guatemala)",
6202.40.45,"Rec perf outwear, women's/girls' anoraks, windbreakers & similar articles, not knit/crochet, manmade fibers, nesoi, water resistant",New,"CAFTA-DR textiles & apparel (Jordan, El Salvador, or Guatemala)",
6202.40.50,"Rec perf outwear, women's/girls' anoraks, windbreakers & similar articles, not knitted or crocheted, of man-made fibers, nesoi",New,"CAFTA-DR textiles & apparel (Jordan, El Salvador, or Guatemala)",
6202.40.55,"Women's/girls' anoraks, windbreakers & like articles, not knit/crochet, man-made fibers, cont. 15% or more by wt of down, etc, o/than rec perf outwear",New,"CAFTA-DR textiles & apparel (Jordan, El Salvador, or Guatemala)",
6202.40.60,"Women's/girls' padded, sleeveless jackets, not knit/crochet, man-made fibers, not cont. 15% or more by wt of down, etc, o/than rec perf outwear",New,"CAFTA-DR textiles & apparel (Jordan, El Salvador, or Guatemala)",
6202.40.65,"Women's/girls' anoraks, windbreakers, etc, nt knit/crochet, mm fibers, cont. 36% or more wool or fine animal hair, nesoi, o/than rec perf outwear",New,"CAFTA-DR textiles & apparel (Jordan, El Salvador, or Guatemala)",
6202.40.70,"Women's/girls' anoraks, windbreakers & similar articles, not knit/crochet, of manmade fibers, nesoi, water resistant, o/than rec perf outwear",New,"CAFTA-DR textiles & apparel (Jordan, El Salvador, or Guatemala)",
6202.40.75,"Women's or girls' anoraks, windbreakers and similar articles, not knitted or crocheted, of man- made fibers, nesoi, o/than rec perf outwear",New,"CAFTA-DR textiles & apparel (Jordan, El Salvador, or Guatemala)",
6202.90.19,"Women's or girls' overcoats, carcoats, capes, cloaks & sim coats, of tex mats (except wool, cotton or mmf), con 70% or more wt silk, not k/c",New,"CAFTA-DR textiles & apparel (Jordan, El Salvador, or Guatemala)",
6202.90.29,"Women's or girls' overcoats, carcoats, capes, cloaks, & sim coats, of tex mats (except wool, cotton or mmf), cont under 70% by wt silk, not k/c",New,"CAFTA-DR textiles & apparel (Jordan, El Salvador, or Guatemala)",
6202.90.39,"Rec perf outwear, women's/girls' anoraks, wind- breakers & similar articles, not k/c, tex mats (not wool, cotton or mmf), cont 70% or more by wt silk",New,"CAFTA-DR textiles & apparel (Jordan, El Salvador, or Guatemala)",
6202.90.49,"Rec perf outwear, women's/girls' anoraks, wind- breakers & similar articles, not k/c, tex mats (not wool, cotton or mmf), cont < 70% by wt of silk",New,"CAFTA-DR textiles & apparel (Jordan, El Salvador, or Guatemala)",
6202.90.59,"Women's/girls' anoraks, wind-breakers & sim articles, not k/c, tex mats (not wool, cotton or mmf), cont 70% or more by wt silk, o/than rec perf out",New,"CAFTA-DR textiles & apparel (Jordan, El Salvador, or Guatemala)",
6202.90.69,"Women's/girls' anoraks, wind-breakers & sim articles, not k/c, of tex mats (not wool, cotton or mmf), cont < 70% by wt of silk, o/than rec perf out",New,"CAFTA-DR textiles & apparel (Jordan, El Salvador, or Guatemala)",
6203.11.15,"Men's/boys' suits of wool, not knitted or crocheted, 30% or more of silk or silk waste, of wool yarn w/avg fiber diameter 18.5 micron or <",New,"CAFTA-DR textiles & apparel (Jordan, El Salvador, or Guatemala)",
6203.11.30,"Men's or boys' suits of wool or fine animal hair, not knitted or crocheted, containing 30 percent or more of silk or silk waste, nesoi",New,"CAFTA-DR textiles & apparel (Jordan, El Salvador, or Guatemala)",
6203.11.60,"Men's or boys' suits of wool, not knitted or crocheted, nesoi, of wool yarn with average fiber diameter of 18.5 micron or less",New,"CAFTA-DR textiles & apparel (Jordan, El Salvador, or Guatemala)",
6203.11.90,"Men's or boys' suits of wool or fine animal hair, not knitted or crocheted, nesoi",New,"CAFTA-DR textiles & apparel (Jordan, El Salvador, or Guatemala)",
6203.12.10,"Men's or boys' suits, of synthetic fibers, not knitted or crocheted, containing 36 percent or more by weight of wool or fine animal hair",New,"CAFTA-DR textiles & apparel (Jordan, El Salvador, or Guatemala)",
6203.12.20,"Men's or boys' suits, of synthetic fibers, under 36% by weight of wool, not knitted or crocheted",New,"CAFTA-DR textiles & apparel (Jordan, El Salvador, or Guatemala)",
6203.19.10,"Men's or boys' suits, not knitted or crocheted, of cotton",New,"CAFTA-DR textiles & apparel (Jordan, El Salvador, or Guatemala)",
6203.19.20,"Men's or boys' suits, of artificial fibers, not knitted or crocheted, containing 36 percent or more of wool or fine animal hair",New,"CAFTA-DR textiles & apparel (Jordan, El Salvador, or Guatemala)",
6203.19.30,"Men's or boys' suits, of artificial fibers, nesoi, not knitted or crocheted",New,"CAFTA-DR textiles & apparel (Jordan, El Salvador, or Guatemala)",
6203.19.50,"Men's or boys' suits, of textile mats (except wool, cotton or mmf), containing 70% or more by weight of silk or silk waste, not knit or croch",New,"CAFTA-DR textiles & apparel (Jordan, El Salvador, or Guatemala)",
6203.19.90,"Men's or boys' suits, of textile mats (except wool, cotton or mmf), containing under 70% by weight of silk or silk waste, not knit or croch",New,"CAFTA-DR textiles & apparel (Jordan, El Salvador, or Guatemala)",
6203.22.10,"Men's or boys' judo, karate and other oriental martial arts uniforms, not knitted or crocheted, of cotton",New,"CAFTA-DR textiles & apparel (Jordan, El Salvador, or Guatemala)",
6203.22.30,"Men's or boys' ensembles, not knitted or crocheted, of cotton, other than judo, karate and other oriental martial arts uniforms",New,"CAFTA-DR textiles & apparel (Jordan, El Salvador, or Guatemala)",
6203.23.00,"Men's or boys' ensembles, not knitted or crocheted, of synthetic fibers",New,"CAFTA-DR textiles & apparel (Jordan, El Salvador, or Guatemala)",
6203.29.10,"Men's or boys' ensembles, not knitted or crocheted, of worsted wool fabric with wool yarn having average fiber diameter of 18.5 micron or <",New,"CAFTA-DR textiles & apparel (Jordan, El Salvador, or Guatemala)",
6203.29.15,"Men's or boys' ensembles, not knitted or crocheted, of wool or fine animal hair",New,"CAFTA-DR textiles & apparel (Jordan, El Salvador, or Guatemala)",
6203.29.20,"Men's or boys' ensembles, not knitted or crocheted, of artificial fibers",New,"CAFTA-DR textiles & apparel (Jordan, El Salvador, or Guatemala)",
6203.29.30,"Men's or boys' ensembles, not knitted or crocheted, of textile materials nesoi",New,"CAFTA-DR textiles & apparel (Jordan, El Salvador, or Guatemala)",
6203.31.50,"Men's or boys' suit-type jackets and blazers, of worsted wool fabric of wool yarn fiber avg diameter 18.5 micron or <, not knitt/crocheted",New,"CAFTA-DR textiles & apparel (Jordan, El Salvador, or Guatemala)",
6203.31.90,"Men's or boys' suit-type jackets and blazers, of wool or fine animal hair, not knitted or crocheted",New,"CAFTA-DR textiles & apparel (Jordan, El Salvador, or Guatemala)",
6203.32.10,"Men's or boys' suit-type jackets and blazers, not knitted or crocheted, of cotton, containing 36 percent or more of flax fibers",New,"CAFTA-DR textiles & apparel (Jordan, El Salvador, or Guatemala)",
6203.32.20,"Men's or boys' suit-type jackets and blazers, not knitted or crocheted, of cotton, under 36% by weight of flax",New,"CAFTA-DR textiles & apparel (Jordan, El Salvador, or Guatemala)",
6203.33.10,"Men's or boys' suit-type jackets and blazers, not knitted or crocheted, of synthetic fibers, cont. 36% or more of wool or fine animal hair",New,"CAFTA-DR textiles & apparel (Jordan, El Salvador, or Guatemala)",
6203.33.20,"Men's or boys' suit-type jackets and blazers, not knitted or crocheted, of synthetic fibers, under 36% by weight of wool",New,"CAFTA-DR textiles & apparel (Jordan, El Salvador, or Guatemala)",
6203.39.10,"Men's or boys' suit-type jackets and blazers, of artificial fibers, containing 36% or more by weight of wool or fine animal hair, not k/c",New,"CAFTA-DR textiles & apparel (Jordan, El Salvador, or Guatemala)",
6203.39.20,"Men's or boys' suit-type jackets and blazers, not knitted or crocheted, of artificial fibers, under 36% by weight of wool",New,"CAFTA-DR textiles & apparel (Jordan, El Salvador, or Guatemala)",
6203.39.50,"Men's or boys' suit-type jackets and blazers, of textile materials (except wool, cotton or mmf), cont 70% or more by weight of silk, not k/c",New,"CAFTA-DR textiles & apparel (Jordan, El Salvador, or Guatemala)",
6203.39.90,"Men's or boys' suit-type jackets and blazers, of text materials (except wool, cotton or mmf), containing under 70% by weight of silk, not k/c",New,"CAFTA-DR textiles & apparel (Jordan, El Salvador, or Guatemala)",
6203.41.01,"Rec perf outwear, men's/boys' trousers & breeches, wool or fine an. hair, cont elastomeric fib, water resist, w/o belt loops, weighing >9 kg/doz",New,"CAFTA-DR textiles & apparel (Jordan, El Salvador, or Guatemala)",
6203.41.03,"Rec perf outwear, men's/boys' trousers and breeches, other than of HTS 6203.41.01, of wool yarn having average fiber diameter of 18.5 micron or less",New,"CAFTA-DR textiles & apparel (Jordan, El Salvador, or Guatemala)",
6203.41.06,"Rec perf outwear, men's/boys' trousers and breeches, other than of HTS 6203.41.01, nesoi",New,"CAFTA-DR textiles & apparel (Jordan, El Salvador, or Guatemala)",
6203.41.08,"Rec perf outwear, men's/boys' bib and brace overalls, not knitted or crocheted, of wool or fine animal hair",New,"CAFTA-DR textiles & apparel (Jordan, El Salvador, or Guatemala)",
6203.41.25,"Men's/boys' trousers & breeches, wool or fine an. hair, cont elastomeric fib, water resist, w/o belt loops, wt >9 kg/doz, o/than rec perf outwear",New,"CAFTA-DR textiles & apparel (Jordan, El Salvador, or Guatemala)",
6203.41.30,"Men's/boys' trousers and breeches, o/ than of HTS 6203.41.25, wool yarn w/ average fiber diam of 18.5 micron or less, o/than rec perf outwear",New,"CAFTA-DR textiles & apparel (Jordan, El Salvador, or Guatemala)",
6203.41.60,"Men's or boys' trousers and breeches, other than of HTSA 6203.41.25, nesoi, o/than rec perf outwear",New,"CAFTA-DR textiles & apparel (Jordan, El Salvador, or Guatemala)",
6203.41.80,"Men's or boys' bib and brace overalls, not knitted or crocheted, of wool or fine animal hair, o/than rec perf outwear",New,"CAFTA-DR textiles & apparel (Jordan, El Salvador, or Guatemala)",
6203.42.03,"Rec perf outwear, men's/boys' trousers, overalls & shorts, not knit/crochet, of cotton, cont. 10 to 15% or more by weight of down",New,"CAFTA-DR textiles & apparel (Jordan, El Salvador, or Guatemala)",
6203.42.05,"Rec perf outwear, men's/boys' bib and brace overalls, not knitted or crocheted, of cotton, not containing 10 to 15% or more by weight of down, etc",New,"CAFTA-DR textiles & apparel (Jordan, El Salvador, or Guatemala)",
6203.42.07,"Rec perf outwear, men's/boys' trousers & shorts, not bibs, not knit/crochet, cotton, not containing 15% or more by weight of down, etc",New,"CAFTA-DR textiles & apparel (Jordan, El Salvador, or Guatemala)",
6203.42.17,"Men's or boys' trousers, overalls & shorts, not knitted or crocheted, of cotton, cont. 10 to 15% or more by weight of down. o/than rec perf outwear",New,"CAFTA-DR textiles & apparel (Jordan, El Salvador, or Guatemala)",
6203.42.25,"Men's/boys' bib & brace overalls, not knit/crochet, cotton, not containing 10 to 15% or more by weight of down, etc, o/than rec perf outwear",New,"CAFTA-DR textiles & apparel (Jordan, El Salvador, or Guatemala)",
6203.42.45,"Men's/boys' trousers &shorts, not bibs, not knit/crochet, cotton, not containing 15% or more by weight of down, etc, o/than rec perf outwear",New,"CAFTA-DR textiles & apparel (Jordan, El Salvador, or Guatemala)",
6203.43.01,"Rec perf outwear, men's/boys' trousers, bib & brace overalls, breeches & shorts, not knit/crochet, syn. fibers, cont. 15% or more of down, etc",New,"CAFTA-DR textiles & apparel (Jordan, El Salvador, or Guatemala)",
6203.43.03,"Rec perf outwear, men's/boys' bib and brace overalls, not knitted or crocheted, of synthetic fibers, water resistant, not down",New,"CAFTA-DR textiles & apparel (Jordan, El Salvador, or Guatemala)",
6203.43.05,"Rec perf outwear, men's/boys' bib and brace overalls, not knitted or crocheted, of synthetic fibers, not down, not water resistant",New,"CAFTA-DR textiles & apparel (Jordan, El Salvador, or Guatemala)",
6203.43.09,"Rec perf outwear, men's /boys' trousers, etc, not knit/crochet, of synthetic fibers, containing 36 percent or more of wool or fine animal hair",New,"CAFTA-DR textiles & apparel (Jordan, El Salvador, or Guatemala)",
6203.43.11,"Rec perf outwear, men's/boys' trousers and breeches, not knitted or crocheted, of synthetic fibers, nesoi, water resistant",New,"CAFTA-DR textiles & apparel (Jordan, El Salvador, or Guatemala)",
6203.43.13,"Rec perf outwear, men's/boys' trousers, breeches & shorts, not k/c, synth fibers, cont under 15% wt down etc, cont under 36% wt wool, n/water resist,",New,"CAFTA-DR textiles & apparel (Jordan, El Salvador, or Guatemala)",
6203.43.45,"Men's /boys' trousers, bib & brace overalls, breeches & shorts, not knit/crochet, syn. fibers, cont. 15% or more down, etc, o/than rec perf outwear",New,"CAFTA-DR textiles & apparel (Jordan, El Salvador, or Guatemala)",
6203.43.55,"Men's or boys' bib and brace overalls, not knitted or crocheted, of synthetic fibers, water resistant, not down, o/than rec perf outwear",New,"CAFTA-DR textiles & apparel (Jordan, El Salvador, or Guatemala)",
6203.43.60,"Men's or boys' bib and brace overalls, not knitted or crocheted, of synthetic fibers, not down, not water resistant, o/than rec perf outwear",New,"CAFTA-DR textiles & apparel (Jordan, El Salvador, or Guatemala)",
6203.43.65,"Men's or boys' trousers, breeches and shorts, not knitted or crocheted, of synthetic fibers, certified hand-loomed and folklore products",New,"CAFTA-DR textiles & apparel (Jordan, El Salvador, or Guatemala)",
6203.43.70,"Men's/boys' trousers, etc, not knit/crochet, synthetic fibers, containing 36 percent or more of wool or fine animal hair, o/than rec perf outwear",New,"CAFTA-DR textiles & apparel (Jordan, El Salvador, or Guatemala)",
6203.43.75,"Men's or boys' trousers and breeches, not knitted or crocheted, of synthetic fibers, nesoi, water resistant, o/than rec perf outwear",New,"CAFTA-DR textiles & apparel (Jordan, El Salvador, or Guatemala)",
6203.43.90,"Men's/boys' trousers, breeches, shorts, not k/c, synth fibers, con under 15% wt down etc, cont und 36% wt wool, n/water resist, not rec perf outwear",New,"CAFTA-DR textiles & apparel (Jordan, El Salvador, or Guatemala)",
6203.49.01,"Rec perf outwear, men's/boys' bib and brace overalls, not knitted or crocheted, of artificial fibers",New,"CAFTA-DR textiles & apparel (Jordan, El Salvador, or Guatemala)",
6203.49.05,"Rec perf outwear, men's/boys' trousers, breeches and shorts, not knitted or crocheted, of artificial fibers, nesoi",New,"CAFTA-DR textiles & apparel (Jordan, El Salvador, or Guatemala)",
6203.49.07,"Rec perf outwear, men's/boys' trousers, bib & brace overalls, breeches & shorts, not k/c, tex mats (not wool, cotton, mmf), cont > or = 70% wt silk",New,"CAFTA-DR textiles & apparel (Jordan, El Salvador, or Guatemala)",
6203.49.09,"Rec perf outwear, men's/boys' trousers, bib/brace overalls, breeches & shorts, not k/c, tex mats (not wool, cotton, mmf), con < 70% by wt silk,",New,"CAFTA-DR textiles & apparel (Jordan, El Salvador, or Guatemala)",
6203.49.25,"Men's or boys' bib and brace overalls, not knitted or crocheted, of artificial fibers, o/than rec perf outwear",New,"CAFTA-DR textiles & apparel (Jordan, El Salvador, or Guatemala)",
6203.49.35,"Men's or boys' trousers, breeches and shorts, not knitted or crocheted, of artificial fibers, certified hand-loomed and folklore products",New,"CAFTA-DR textiles & apparel (Jordan, El Salvador, or Guatemala)",
6203.49.50,"Men's or boys' trousers, breeches and shorts, not knitted or crocheted, of artificial fibers, nesoi, o/than rec perf outwear",New,"CAFTA-DR textiles & apparel (Jordan, El Salvador, or Guatemala)",
6203.49.60,"Men's/boys' trousers, bib/brace overalls, breeches & shorts, not k/c, tex mats (not wool, cotton, mmf), cont > or = 70% wt silk, , not rec P outwear",New,"CAFTA-DR textiles & apparel (Jordan, El Salvador, or Guatemala)",
6203.49.90,"Men's/boys' trousers, bib/brace overalls, breeches & shorts, not k/c, tex mats (not wool, cotton, mmf), con < 70% by wt silk, o/than rec perf outwear",New,"CAFTA-DR textiles & apparel (Jordan, El Salvador, or Guatemala)",
6204.11.00,"Women's or girls' suits, not knitted or crocheted, of wool or fine animal hair",New,"CAFTA-DR textiles & apparel (Jordan, El Salvador, or Guatemala)",
6204.12.00,"Women's or girls' suits, not knitted or crocheted, of cotton",New,"CAFTA-DR textiles & apparel (Jordan, El Salvador, or Guatemala)",
6204.13.10,"Women's or girls' suits, not knitted or crocheted, of synthetic fibers, containing 36 percent or more of wool or fine animal hair",New,"CAFTA-DR textiles & apparel (Jordan, El Salvador, or Guatemala)",
6204.13.20,"Women's or girls' suits, not knitted or crocheted, of synthetic fibers, nesoi",New,"CAFTA-DR textiles & apparel (Jordan, El Salvador, or Guatemala)",
6204.19.10,"Women's or girls' suits, not knitted or crocheted, of artificial fibers, containing 36 percent or more of wool or fine animal hair",New,"CAFTA-DR textiles & apparel (Jordan, El Salvador, or Guatemala)",
6204.19.20,"Women's or girls' suits, not knitted or crocheted, of artificial fibers, nesoi",New,"CAFTA-DR textiles & apparel (Jordan, El Salvador, or Guatemala)",
6204.19.40,"Women's or girls' suits, of textile materials (except wool,cotton or mmf), containing 70% or more by weight of silk or silk waste, not k/c",New,"CAFTA-DR textiles & apparel (Jordan, El Salvador, or Guatemala)",
6204.19.80,"Women's or girls' suits, of textile material (except wool,cotton or mmf), containing under 70% by weight of silk or silk waste, not knit/croc",New,"CAFTA-DR textiles & apparel (Jordan, El Salvador, or Guatemala)",
6204.21.00,"Women's or girls' ensembles, not knitted or crocheted, of wool or fine animal hair",New,"CAFTA-DR textiles & apparel (Jordan, El Salvador, or Guatemala)",
6204.22.10,"Women's or girls' judo, karate and other oriental martial arts uniforms, not knitted or crocheted, of cotton",New,"CAFTA-DR textiles & apparel (Jordan, El Salvador, or Guatemala)",
6204.22.30,"Women's or girls' ensembles, not knitted or crocheted, of cotton, other than judo, karate and other oriental martial arts uniforms",New,"CAFTA-DR textiles & apparel (Jordan, El Salvador, or Guatemala)",
6204.23.00,"Women's or girls' ensembles, not knitted or crocheted, of synthetic fibers",New,"CAFTA-DR textiles & apparel (Jordan, El Salvador, or Guatemala)",
6204.29.20,"Women's or girls' ensembles, not knitted or crocheted, of artificial fibers",New,"CAFTA-DR textiles & apparel (Jordan, El Salvador, or Guatemala)",
6204.29.40,"Women's or girls' ensembles, not knitted or crocheted, of textile materials nesoi",New,"CAFTA-DR textiles & apparel (Jordan, El Salvador, or Guatemala)",
6204.31.10,"Women's or girls' suit-type jackets & blazers, of wool or fine animal hair, not knitted or crocheted, cont. 30% or more of silk/silk waste",New,"CAFTA-DR textiles & apparel (Jordan, El Salvador, or Guatemala)",
6204.31.20,"Women's or girls' suit-type jackets and blazers, of wool or fine animal hair, not knitted or crocheted, under 30% by weight of silk",New,"CAFTA-DR textiles & apparel (Jordan, El Salvador, or Guatemala)",
6204.32.10,"Women's or girls' suit-type jackets and blazers, of cotton, not knitted or crocheted, containing 36 percent or more of flax fibers",New,"CAFTA-DR textiles & apparel (Jordan, El Salvador, or Guatemala)",
6204.32.20,"Women's or girls' suit-type jackets and blazers, of cotton, not knitted or crocheted, under 36% flax",New,"CAFTA-DR textiles & apparel (Jordan, El Salvador, or Guatemala)",
6204.33.10,"Women's or girls' suit-type jackets and blazers, not knitted or crocheted, of synthetic fibers, cont. 30% or more of silk/silk waste",New,"CAFTA-DR textiles & apparel (Jordan, El Salvador, or Guatemala)",
6204.33.20,"Women's or girls' suit-type jackets and blazers, not knitted or crocheted, of synthetic fibers, containing 36 percent or more of flax fibers",New,"CAFTA-DR textiles & apparel (Jordan, El Salvador, or Guatemala)",
6204.33.40,"Women's or girls' suit-type jackets & blazers, not knitted or crocheted, of synthetic fibers, cont. 36% or more of wool or fine animal hair",New,"CAFTA-DR textiles & apparel (Jordan, El Salvador, or Guatemala)",
6204.33.50,"Women's or girls' suit-type jackets and blazers, not knitted or crocheted, of synthetic fibers, nesoi",New,"CAFTA-DR textiles & apparel (Jordan, El Salvador, or Guatemala)",
6204.39.20,"Women's or girls' suit-type jackets & blazers, not knitted or crocheted, of artificial fibers, cont. 36% or more of wool or fine animal hair",New,"CAFTA-DR textiles & apparel (Jordan, El Salvador, or Guatemala)",
6204.39.30,"Women's or girls' suit-type jackets and blazers, not knitted or crocheted, of artificial fibers, under 36% by weight of wool",New,"CAFTA-DR textiles & apparel (Jordan, El Salvador, or Guatemala)",
6204.39.60,"Women's or girls' suit-type jackets and blazers, not knitted/crocheted, of textile materials nesoi, cont. 70% + of silk or silk waste",New,"CAFTA-DR textiles & apparel (Jordan, El Salvador, or Guatemala)",
6204.39.80,"Women's or girls' suit-type jackets and blazers, not knitted or crocheted, of textile materials nesoi",New,"CAFTA-DR textiles & apparel (Jordan, El Salvador, or Guatemala)",
6204.41.10,"Women's or girls' dresses, not knitted or crocheted, of wool or fine animal hair, containing 30 percent of silk or silk waste",New,"CAFTA-DR textiles & apparel (Jordan, El Salvador, or Guatemala)",
6204.41.20,"Women's or girls' dresses, not knitted or crocheted, of wool or fine animal hair, under 30% by weight of silk",New,"CAFTA-DR textiles & apparel (Jordan, El Salvador, or Guatemala)",
6204.42.10,"Women's or girls' dresses, not knitted or crocheted, of cotton, certified hand-loomed and folklore products",New,"CAFTA-DR textiles & apparel (Jordan, El Salvador, or Guatemala)",
6204.42.20,"Women's or girls' dresses, not knitted or crocheted, of cotton, containing 36 percent or more of flax fibers, other than certified",New,"CAFTA-DR textiles & apparel (Jordan, El Salvador, or Guatemala)",
6204.42.30,"Women's or girls' dresses, not knitted or crocheted, of cotton, nesoi",New,"CAFTA-DR textiles & apparel (Jordan, El Salvador, or Guatemala)",
6204.43.10,"Women's or girls' dresses, not knitted or crocheted, of synthetic fibers, certified hand-loomed and folklore products",New,"CAFTA-DR textiles & apparel (Jordan, El Salvador, or Guatemala)",
6204.43.20,"Women's or girls' dresses, not knit or crocheted, of synthetic fibers, containing 30% or more of silk or silk waste, other than certified",New,"CAFTA-DR textiles & apparel (Jordan, El Salvador, or Guatemala)",
6204.43.30,"Women's or girls' dresses, of synthetic fibers, not knitted or crocheted, containing 36 percent or more of wool or fine animal hair, nesoi",New,"CAFTA-DR textiles & apparel (Jordan, El Salvador, or Guatemala)",
6204.43.40,"Women's or girls' dresses, not knitted or crocheted, of synthetic fibers, nesoi",New,"CAFTA-DR textiles & apparel (Jordan, El Salvador, or Guatemala)",
6204.44.20,"Women's or girls' dresses, not knitted or crocheted, of artificial fibers, nesoi, certified hand-loomed and folklore products",New,"CAFTA-DR textiles & apparel (Jordan, El Salvador, or Guatemala)",
6204.44.30,"Women's or girls' dresses, not knitted or crocheted, of artificial fibers, containing 36 percent or more of wool or fine animal hair",New,"CAFTA-DR textiles & apparel (Jordan, El Salvador, or Guatemala)",
6204.44.40,"Women's or girls' dresses, not knitted or crocheted, of artificial fibers, nesoi",New,"CAFTA-DR textiles & apparel (Jordan, El Salvador, or Guatemala)",
6204.49.10,"Women's or girls' dresses, not knitted or crocheted, containing 70% or more by weight of silk or silk waste",New,"CAFTA-DR textiles & apparel (Jordan, El Salvador, or Guatemala)",
6204.49.50,"Women's or girls' dresses, not knitted or crocheted, of textile materials nesoi",New,"CAFTA-DR textiles & apparel (Jordan, El Salvador, or Guatemala)",
6204.51.00,"Women's or girls' skirts and divided skirts, not knitted or crocheted, of wool or fine animal hair",New,"CAFTA-DR textiles & apparel (Jordan, El Salvador, or Guatemala)",
6204.52.10,"Women's or girls' skirts and divided skirts, not knitted or crocheted, of cotton, certified hand- loomed and folklore products",New,"CAFTA-DR textiles & apparel (Jordan, El Salvador, or Guatemala)",
6204.52.20,"Women's or girls' skirts and divided skirts, not knitted or crocheted, of cotton, nesoi",New,"CAFTA-DR textiles & apparel (Jordan, El Salvador, or Guatemala)",
6204.53.10,"Women's or girls' skirts and divided skirts, not knitted or crocheted, of synthetic fibers, certified hand-loomed and folklore products",New,"CAFTA-DR textiles & apparel (Jordan, El Salvador, or Guatemala)",
6204.53.20,"Women's or girls' skirts & divided skirts, nt knit or crocheted, of synthetic fibers, cont. 36% or more of wool or fine animal hair, nesoi",New,"CAFTA-DR textiles & apparel (Jordan, El Salvador, or Guatemala)",
6204.53.30,"Women's or girls' skirts and divided skirts, not knitted or crocheted, of synthetic fibers, nesoi",New,"CAFTA-DR textiles & apparel (Jordan, El Salvador, or Guatemala)",
6204.59.10,"Women's or girls' skirts and divided skirts, not knitted or crocheted, of artificial fibers, certified hand-loomed and folklore products",New,"CAFTA-DR textiles & apparel (Jordan, El Salvador, or Guatemala)",
6204.59.20,"Women's or girls' skirts & divided skirts, nt knit or crocheted, of artificial fibers, cont. 36% or more of wool or fine animal hair, nesoi",New,"CAFTA-DR textiles & apparel (Jordan, El Salvador, or Guatemala)",
6204.59.30,"Women's or girls' skirts and divided skirts, not knitted or crocheted, of artificial fibers, nesoi",New,"CAFTA-DR textiles & apparel (Jordan, El Salvador, or Guatemala)",
6204.59.40,"Women's or girls' skirts and divided skirts, not knitted or crocheted, of textile materials nesoi",New,"CAFTA-DR textiles & apparel (Jordan, El Salvador, or Guatemala)",
6204.61.05,"Rec perf outwear, women's/girls' trousers & breeches,not k/c, wool or f.a.h., cont elastomeric fib, water resist, w/o belt loops, wt > 6 kg/doz,",New,"CAFTA-DR textiles & apparel (Jordan, El Salvador, or Guatemala)",
6204.61.15,"Rec perf outwear, women's/girls' trousers & breeches, not k/c, wool, w/o elastomeric fib, not water resist, w belt loops, weighing under 6 kg/doz,",New,"CAFTA-DR textiles & apparel (Jordan, El Salvador, or Guatemala)",
6204.61.60,"Women's or girls' trousers & breeches, not k/c, wool or f.a.h., cont elastomeric fib, water resist, w/o belt loops, wt > 6 kg/doz, not rec perf outwr",New,"CAFTA-DR textiles & apparel (Jordan, El Salvador, or Guatemala)",
6204.61.80,"Women's or girls' trousers & breeches, not k/c, wool, w/o elastomeric fib, not water resist, w/belt loops, wt under 6 kg/doz, o/than rec perf outwear",New,"CAFTA-DR textiles & apparel (Jordan, El Salvador, or Guatemala)",
6204.62.03,"Rec perf outwear, women's/girls' trousers, bib/brace overalls, breeches & shorts, not knit/crochet, cotton, cont. 15% or more by wt of down, etc",New,"CAFTA-DR textiles & apparel (Jordan, El Salvador, or Guatemala)",
6204.62.05,"Rec perf outwear, women's/girls' bib and brace overalls, not knitted or crocheted, of cotton, not containing 15% or more by weight of down, etc",New,"CAFTA-DR textiles & apparel (Jordan, El Salvador, or Guatemala)",
6204.62.15,"Rec perf outwear, women's or girls' trousers, breeches and shorts, not knitted or crocheted, of cotton, nesoi",New,"CAFTA-DR textiles & apparel (Jordan, El Salvador, or Guatemala)",
6204.62.50,"Women's/girls' trousers, bib/brace overalls, breeches & shorts, not knit/ crochet, cotton, cont. 15% or more by wt down, etc, o/than rec perf outwear",New,"CAFTA-DR textiles & apparel (Jordan, El Salvador, or Guatemala)",
6204.62.60,"Women's/girls' bib/brace overalls, not knit/crochet, cotton, not containing 15% or more by weight of down, etc. o/than rec perf outwear",New,"CAFTA-DR textiles & apparel (Jordan, El Salvador, or Guatemala)",
6204.62.70,"Women's or girls' trousers, breeches and shorts, not knitted or crocheted, of cotton, nesoi, certified hand-loomed and folklore products",New,"CAFTA-DR textiles & apparel (Jordan, El Salvador, or Guatemala)",
6204.62.80,"Women's or girls' trousers, breeches and shorts, not knitted or crocheted, of cotton, nesoi, o/than rec perf outwear",New,"CAFTA-DR textiles & apparel (Jordan, El Salvador, or Guatemala)",
6204.63.01,"Rec perf outwear, women's/girls' trousers, bib/brace overalls, breeches & shorts, not knit/crochet, syn. fibers, cont. 15% or more down, etc.",New,"CAFTA-DR textiles & apparel (Jordan, El Salvador, or Guatemala)",
6204.63.02,"Rec perf outwear, women's/girls' bib/brace overalls, not knit/crochet, syn. fibers, water resistant, not cont. 15% or more by wt. of down, etc",New,"CAFTA-DR textiles & apparel (Jordan, El Salvador, or Guatemala)",
6204.63.03,"Rec perf outwear, women's/girls' bib/ brace overalls of synthetic fibers, not knit/crochet, not cont. 15% or more by wt of down, etc, nesoi",New,"CAFTA-DR textiles & apparel (Jordan, El Salvador, or Guatemala)",
6204.63.08,"Rec perf outwear, women's/girls' trousers, breeches & shorts, not knit/ crochet, syn. fibers, cont. 36% or more of wool or fine animal hair, nesoi",New,"CAFTA-DR textiles & apparel (Jordan, El Salvador, or Guatemala)",
6204.63.09,"Rec perf outwear, women's/girls' trousers, breeches and shorts, not knitted or crocheted, of synthetic fibers, nesoi, water resistant",New,"CAFTA-DR textiles & apparel (Jordan, El Salvador, or Guatemala)",
6204.63.11,"Rec perf outwear, women's or girls' trousers, breeches and shorts, not knitted or crocheted, of synthetic fibers, nesoi",New,"CAFTA-DR textiles & apparel (Jordan, El Salvador, or Guatemala)",
6204.63.50,"Women's/girls' trousers, bib/brace overalls, breeches & shorts, not knit/crochet, syn. fibers, cont. 15% or more down, etc., o/than rec perf outwear",New,"CAFTA-DR textiles & apparel (Jordan, El Salvador, or Guatemala)",
6204.63.55,"Women's/girls' bib/brace overalls, not knit/crochet, syn. fibers, water resistant, not cont. 15% or more by wt. of down, etc, o/than rec perf outwear",New,"CAFTA-DR textiles & apparel (Jordan, El Salvador, or Guatemala)",
6204.63.60,"Women's/girls' bib & brace overalls of synthetic fibers, not knit/crochet, not cont. 15% or more by wt of down, etc, nesoi, o/than rec perf outwear",New,"CAFTA-DR textiles & apparel (Jordan, El Salvador, or Guatemala)",
6204.63.65,"Women's or girls' trousers, breeches & shorts, not knit or crocheted, of synthetic fibers, nesoi, certified hand-loomed & folklore products",New,"CAFTA-DR textiles & apparel (Jordan, El Salvador, or Guatemala)",
6204.63.70,"Women's/girls' trousers, breeches & shorts, not knit/crochet, syn. fibers, cont. 36% or more wool or fine animal hair, nesoi, o/than rec perf outwear",New,"CAFTA-DR textiles & apparel (Jordan, El Salvador, or Guatemala)",
6204.63.75,"Women's or girls' trousers, breeches and shorts, not knitted or crocheted, of synthetic fibers, nesoi, water resistant, o/than rec perf outwear",New,"CAFTA-DR textiles & apparel (Jordan, El Salvador, or Guatemala)",
6204.63.90,"Women's or girls' trousers, breeches and shorts, not knitted or crocheted, of synthetic fibers, nesoi, o/than rec perf outwear",New,"CAFTA-DR textiles & apparel (Jordan, El Salvador, or Guatemala)",
6204.69.01,"Rec perf outwear, women's or girls' bib and brace overalls, not knitted or crocheted, of artificial fibers",New,"CAFTA-DR textiles & apparel (Jordan, El Salvador, or Guatemala)",
6204.69.02,"Rec perf outwear, women's/girls' trousers, breeches & shorts, not knit/crochet, artificial fibers, cont. 36% or more of wool or fine animal hair",New,"CAFTA-DR textiles & apparel (Jordan, El Salvador, or Guatemala)",
6204.69.03,"Rec perf outwear, women's/girls' trousers, breeches and shorts, not knitted or crocheted, of artificial fibers, nesoi",New,"CAFTA-DR textiles & apparel (Jordan, El Salvador, or Guatemala)",
6204.69.04,"Rec perf outwear, women's/girls' trousers, bib/brace overalls, breeches & shorts, not k/c, silk or silk waste, cont > or = 70% wt silk or silk waste,",New,"CAFTA-DR textiles & apparel (Jordan, El Salvador, or Guatemala)",
6204.69.05,"Rec perf outwear, women's/girls' trousers, bib/brace overalls, breeches & shorts, not k/c, silk or silk waste, cont under 70% by wt silk/silk waste,",New,"CAFTA-DR textiles & apparel (Jordan, El Salvador, or Guatemala)",
6204.69.06,"Rec perf outwear, women's or girls' trousers, bib and brace overalls, breeches and shorts, not knitted or crocheted, of textile materials nesoi",New,"CAFTA-DR textiles & apparel (Jordan, El Salvador, or Guatemala)",
6204.69.15,"Women's or girls' bib and brace overalls, not knitted or crocheted, of artificial fibers, o/than rec perf outwear",New,"CAFTA-DR textiles & apparel (Jordan, El Salvador, or Guatemala)",
6204.69.22,"Women's/girls' trousers, breeches & shorts, not knit/crochet, artificial fibers, cont. 36% or more wool or fine animal hair, o/than rec perf outwear",New,"CAFTA-DR textiles & apparel (Jordan, El Salvador, or Guatemala)",
6204.69.28,"Women's or girls' trousers, breeches and shorts, not knitted or crocheted, of artificial fibers, nesoi, o/than rec perf outwear",New,"CAFTA-DR textiles & apparel (Jordan, El Salvador, or Guatemala)",
6204.69.45,"Women's/girls' trousers, bib/brace overalls, breeches & shorts, not k/c, silk or silk waste, cont > or = 70% wt silk,silk waste, not rec perf outwear",New,"CAFTA-DR textiles & apparel (Jordan, El Salvador, or Guatemala)",
6204.69.65,"Women's/girls' trousers, bib/brace overalls, breeches & shorts,not k/c, silk or silk waste, cont under 70% by wt silk/silk waste, not rec perf outwr",New,"CAFTA-DR textiles & apparel (Jordan, El Salvador, or Guatemala)",
6204.69.80,"Women's/girls' trousers, bib/brace overalls, breeches & shorts, not knit/crochet, textile materials nesoi, o/than red perf outwear",New,"CAFTA-DR textiles & apparel (Jordan, El Salvador, or Guatemala)",
6205.20.10,"Men's or boys' shirts, not knitted or crocheted, of cotton, certified hand-loomed and folklore products",New,"CAFTA-DR textiles & apparel (Jordan, El Salvador, or Guatemala)",
6205.20.20,"Men's or boys' shirts, not knitted or crocheted, of cotton, nesoi",New,"CAFTA-DR textiles & apparel (Jordan, El Salvador, or Guatemala)",
6205.30.10,"Men's or boys' shirts, not knitted or crocheted, of manmade fibers, certified hand-loomed and folklore products",New,"CAFTA-DR textiles & apparel (Jordan, El Salvador, or Guatemala)",
6205.30.15,"Men's or boys' shirts, not knitted or crocheted, of manmade fibers, containing 36 percent or more of wool or fine animal hair, nesoi",New,"CAFTA-DR textiles & apparel (Jordan, El Salvador, or Guatemala)",
6205.30.20,"Men's or boys' shirts, not knitted or crocheted, of manmade fibers, nesoi",New,"CAFTA-DR textiles & apparel (Jordan, El Salvador, or Guatemala)",
6205.90.05,"Men's or boys' shirts, not knitted or crocheted, of wool or fine animal hair, certified hand-loomed and folklore products",New,"CAFTA-DR textiles & apparel (Jordan, El Salvador, or Guatemala)",
6205.90.07,"Men's or boys' shirts, not knitted or crocheted, of wool or fine animal hair, nesoi",New,"CAFTA-DR textiles & apparel (Jordan, El Salvador, or Guatemala)",
6205.90.10,"Men's or boys' shirts, of silk or silk waste, containing 70% or more by wt of silk or silk waste, not knitted or crocheted",New,"CAFTA-DR textiles & apparel (Jordan, El Salvador, or Guatemala)",
6205.90.30,"Men's or boys' shirts, of silk or silk waste, containing under 70% by wt of silk or silk waste, not knitted or crocheted",New,"CAFTA-DR textiles & apparel (Jordan, El Salvador, or Guatemala)",
6205.90.40,"Men's or boys' shirts, not knitted or crocheted, of textile materials, nesoi",New,"CAFTA-DR textiles & apparel (Jordan, El Salvador, or Guatemala)",
6206.10.00,"Women's or girls' blouses, shirts and shirt-blouses, not knitted or crocheted, of silk or silk waste",New,"CAFTA-DR textiles & apparel (Jordan, El Salvador, or Guatemala)",
6206.20.10,"Women's or girls' blouses and shirts, not knitted or crocheted, of wool or fine animal hair, certified hand-loomed and folklore products",New,"CAFTA-DR textiles & apparel (Jordan, El Salvador, or Guatemala)",
6206.20.20,"Women's or girls' blouses & shirts, not knitted or crocheted, of wool or fine animal hair, containing 30% or more of silk/silk waste, nesoi",New,"CAFTA-DR textiles & apparel (Jordan, El Salvador, or Guatemala)",
6206.20.30,"Women's or girls' blouses and shirts, not knitted or crocheted, of wool or fine animal hair, nesoi",New,"CAFTA-DR textiles & apparel (Jordan, El Salvador, or Guatemala)",
6206.30.10,"Women's or girls' blouses and shirts, not knitted or crocheted, of cotton, certified hand-loomed and folklore products",New,"CAFTA-DR textiles & apparel (Jordan, El Salvador, or Guatemala)",
6206.30.20,"Women's or girls' blouses and shirts, not knitted or crocheted, of cotton, containing 36 percent or more of flax fibers, nesoi",New,"CAFTA-DR textiles & apparel (Jordan, El Salvador, or Guatemala)",
6206.30.30,"Women's or girls' blouses and shirts, not knitted or crocheted, of cotton, nesoi",New,"CAFTA-DR textiles & apparel (Jordan, El Salvador, or Guatemala)",
6206.40.10,"Women's or girls' blouses and shirts, not knitted or crocheted, of manmade fibers, certified hand- loomed and folklore products",New,"CAFTA-DR textiles & apparel (Jordan, El Salvador, or Guatemala)",
6206.40.20,"Women's or girls' blouses and shirts, not knitted or crocheted, of manmade fibers, containing 30 percent or more of silk/silk waste, nesoi",New,"CAFTA-DR textiles & apparel (Jordan, El Salvador, or Guatemala)",
6206.40.25,"Women's or girls' blouses, shirts and shirt-blouses, not knitted or crocheted, of manmade fibers, containing 36% or more of wool, nesoi",New,"CAFTA-DR textiles & apparel (Jordan, El Salvador, or Guatemala)",
6206.40.30,"Women's or girls' blouses and shirts, not knitted or crocheted, of manmade fibers, nesoi",New,"CAFTA-DR textiles & apparel (Jordan, El Salvador, or Guatemala)",
6206.90.00,"Women's or girls' blouses, shirts and shirt-blouses, not knitted or crocheted, of textile materials nesoi",New,"CAFTA-DR textiles & apparel (Jordan, El Salvador, or Guatemala)",
6207.11.00,"Men's or boys' underpants and briefs, not knitted or crocheted, of cotton",New,"CAFTA-DR textiles & apparel (Jordan, El Salvador, or Guatemala)",
6207.19.10,"Men's or boys' underpants and briefs, of textile mats (except cotton), cont 70% or more wt of silk or silk waste, not knitted/crocheted",New,"CAFTA-DR textiles & apparel (Jordan, El Salvador, or Guatemala)",
6207.19.90,"Men's or boys' underpants and briefs, of textile mats (except cotton), cont under 70% by wt of silk or silk waste, not knitted/crocheted",New,"CAFTA-DR textiles & apparel (Jordan, El Salvador, or Guatemala)",
6207.21.00,"Men's or boys' nightshirts and pajamas, not knitted or crocheted, of cotton",New,"CAFTA-DR textiles & apparel (Jordan, El Salvador, or Guatemala)",
6207.22.00,"Men's or boys' nightshirts and pajamas, not knitted or crocheted, of man-made fibers",New,"CAFTA-DR textiles & apparel (Jordan, El Salvador, or Guatemala)",
6207.29.10,"Men's or boys' nightshirts and pajamas, of textile materials (except cotton or mmf), cont 70% or more by wt of silk or silk waste, not k/c",New,"CAFTA-DR textiles & apparel (Jordan, El Salvador, or Guatemala)",
6207.29.90,"Men's or boys' nightshirts and pajamas, of textile materials (except cotton or mmf), cont under 70% by weight of silk or silk waste, not k/c",New,"CAFTA-DR textiles & apparel (Jordan, El Salvador, or Guatemala)",
6207.91.10,"Men's or boys' bathrobes, dressing gowns and similar articles, not knitted or crocheted, of cotton",New,"CAFTA-DR textiles & apparel (Jordan, El Salvador, or Guatemala)",
6207.91.30,"Men's or boys' singlets and other undershirts, not knitted or crocheted, of cotton",New,"CAFTA-DR textiles & apparel (Jordan, El Salvador, or Guatemala)",
6207.99.20,"Men's or boys' bathrobes, dressing gowns and similar articles, not knitted or crocheted, of wool or fine animal hair",New,"CAFTA-DR textiles & apparel (Jordan, El Salvador, or Guatemala)",
6207.99.40,"Men's or boys' singlets and other undershirts, not knitted or crocheted, of wool or fine animal hair",New,"CAFTA-DR textiles & apparel (Jordan, El Salvador, or Guatemala)",
6207.99.70,"Men's or boys' undershirts, bathrobes, & sim art, cont 70% or more by wt of silk or silk waste, not knitted or crocheted",New,"CAFTA-DR textiles & apparel (Jordan, El Salvador, or Guatemala)",
6207.99.75,"Men's or boys' bathrobes, dressing gowns and similar articles, not knitted or crocheted, of man- made fibers",New,"CAFTA-DR textiles & apparel (Jordan, El Salvador, or Guatemala)",
6207.99.85,"Men's or boys' singlets and other undershirts, not knitted or crocheted, of man-made fibers, nesoi",New,"CAFTA-DR textiles & apparel (Jordan, El Salvador, or Guatemala)",
6207.99.90,"Men's or boys' undershirts, bathrobes, & sim art, of text mats (except of cotton, mmf, wool, silk), not knitted or crocheted",New,"CAFTA-DR textiles & apparel (Jordan, El Salvador, or Guatemala)",
6208.11.00,"Women's or girls' slips and petticoats, not knitted or crocheted, of man-made fibers",New,"CAFTA-DR textiles & apparel (Jordan, El Salvador, or Guatemala)",
6208.19.20,"Women's or girls' slips and petticoats, not knitted or crocheted, of cotton",New,"CAFTA-DR textiles & apparel (Jordan, El Salvador, or Guatemala)",
6208.19.50,"Women's or girls' slips and petticoats, of textile materials (except mmf or cotton), cont 70% or more by wt of silk or silk waste, not k/c",New,"CAFTA-DR textiles & apparel (Jordan, El Salvador, or Guatemala)",
6208.19.90,"Women's or girls' slips and petticoats, of textile materials (except mmf or cotton), cont under 70% by weight of silk or silk waste, not k/c",New,"CAFTA-DR textiles & apparel (Jordan, El Salvador, or Guatemala)",
6208.21.00,"Women's or girls' nightdresses and pajamas, not knitted or crocheted, of cotton",New,"CAFTA-DR textiles & apparel (Jordan, El Salvador, or Guatemala)",
6208.22.00,"Women's or girls' nightdresses and pajamas, not knitted or crocheted, of man-made fibers",New,"CAFTA-DR textiles & apparel (Jordan, El Salvador, or Guatemala)",
6208.29.10,"Women's or girls' nightdresses and pajamas, of textile materials (except cotton or mmf), cont > or = 70% by wt of silk or silk waste, not k/c",New,"CAFTA-DR textiles & apparel (Jordan, El Salvador, or Guatemala)",
6208.29.90,"Women's or girls' nightdresses and pajamas, of textile materials (except cotton or mmf), cont under 70% by wt of silk or silk waste, not k/c",New,"CAFTA-DR textiles & apparel (Jordan, El Salvador, or Guatemala)",
6208.91.10,"Women's or girls' bathrobes, dressing gowns and similar articles, not knitted or crocheted, of cotton",New,"CAFTA-DR textiles & apparel (Jordan, El Salvador, or Guatemala)",
6208.91.30,"Women's or girls' undershirts and underpants, not knitted or crocheted, of cotton",New,"CAFTA-DR textiles & apparel (Jordan, El Salvador, or Guatemala)",
6208.92.00,"Women's or girls' singlets & other undershirts, briefs, panties, bathrobes & similar articles, not knitted or crocheted, of man-made fibers",New,"CAFTA-DR textiles & apparel (Jordan, El Salvador, or Guatemala)",
6208.99.20,"Women's or girls' undershirts, underpants, bathrobes & like articles, not knitted or crocheted, of wool or fine animal hair",New,"CAFTA-DR textiles & apparel (Jordan, El Salvador, or Guatemala)",
6208.99.30,"Women's or girls' singlet & other undershirt, briefs, panties, negligees, dressing gowns & sim art, of silk, con > or = 70% wt silk, not k/c",New,"CAFTA-DR textiles & apparel (Jordan, El Salvador, or Guatemala)",
6208.99.50,"Women's or girls' singlets & other undershirts, briefs, panties, negligees, dressing gowns & sim art, of silk, con < 70% wt silk, not k/c",New,"CAFTA-DR textiles & apparel (Jordan, El Salvador, or Guatemala)",
6208.99.80,"Women's or girls' undershirts, underpants, bathrobes & like articles, not knitted or crocheted, of textile materials nesoi",New,"CAFTA-DR textiles & apparel (Jordan, El Salvador, or Guatemala)",
6209.20.10,"Babies' dresses, not knitted or crocheted, of cotton",New,"CAFTA-DR textiles & apparel (Jordan, El Salvador, or Guatemala)",
6209.20.20,"Babies' blouses and shirts, except those imported as parts of sets, not knitted or crocheted, of cotton",New,"CAFTA-DR textiles & apparel (Jordan, El Salvador, or Guatemala)",
6209.20.30,"Babies' trousers, breeches and shorts, except those imported as parts of sets, not knitted or crocheted, of cotton",New,"CAFTA-DR textiles & apparel (Jordan, El Salvador, or Guatemala)",
6209.20.50,"Babies' garments & clothing acc. nesoi, of cotton, incl. sunsuits & sim app, sets & parts of sets, & diapers, not knitted or crocheted",New,"CAFTA-DR textiles & apparel (Jordan, El Salvador, or Guatemala)",
6209.30.10,"Babies' blouses and shirts, except those imported as parts of sets, not knitted or crocheted, of synthetic fibers",New,"CAFTA-DR textiles & apparel (Jordan, El Salvador, or Guatemala)",
6209.30.20,"Babies' trousers, breeches and shorts, except those imported as parts of sets, not knitted or crocheted, of synthetic fibers",New,"CAFTA-DR textiles & apparel (Jordan, El Salvador, or Guatemala)",
6209.30.30,"Babies' garments and clothing accessories, not knitted or crocheted, nesoi, of synthetic fibers",New,"CAFTA-DR textiles & apparel (Jordan, El Salvador, or Guatemala)",
6209.90.05,"Babies' garments and clothing accessories, not knitted or crocheted, of wool or fine animal hair",New,"CAFTA-DR textiles & apparel (Jordan, El Salvador, or Guatemala)",
6209.90.10,"Babies' blouses and shirts, except those imported as parts of sets, not knitted or crocheted, of artificial fibers",New,"CAFTA-DR textiles & apparel (Jordan, El Salvador, or Guatemala)",
6209.90.20,"Babies' trousers, breeches and shorts, except those imported as parts of sets, not knitted or crocheted, of artificial fibers",New,"CAFTA-DR textiles & apparel (Jordan, El Salvador, or Guatemala)",
6209.90.30,"Babies' garments and clothing accessories, not knitted or crocheted, nesoi, of artificial fibers",New,"CAFTA-DR textiles & apparel (Jordan, El Salvador, or Guatemala)",
6209.90.50,"Babies' garments and clothing accessories, of text mats (except wool, cotton or mmf), cont 70% or more by wt of silk or silk waste, not k/c",New,"CAFTA-DR textiles & apparel (Jordan, El Salvador, or Guatemala)",
6209.90.90,"Babies' garments and clothing accessories, of textile mats (except wool, cotton or mmf), cont under 70% by wt of silk or silk waste, not k/c",New,"CAFTA-DR textiles & apparel (Jordan, El Salvador, or Guatemala)",
6210.10.20,"Garments, not knitted or crocheted, made up of fabrics of heading 5602 or 5603 formed on a base of paper or covered or lined with paper",New,"CAFTA-DR textiles & apparel (Jordan, El Salvador, or Guatemala)",
6210.10.50,"Nonwoven dispos apparel designed for hosps, clinics, labs or cont area use, made up of fab of 5602/5603, n/formed or lined w paper, not k/c",New,"CAFTA-DR textiles & apparel (Jordan, El Salvador, or Guatemala)",
6210.10.70,"Disposable briefs and panties designed for one time use, made up of fabrics of 5602 or 5603, not formed or lined w paper, not k/c",New,"CAFTA-DR textiles & apparel (Jordan, El Salvador, or Guatemala)",
6210.10.90,"Garments, nesoi, made up of fabrics of heading 5602 or 5603, not formed or lined w paper, not k/c",New,"CAFTA-DR textiles & apparel (Jordan, El Salvador, or Guatemala)",
6210.20.30,"Men's or boys' garments, sim to 6201.11-6201.19, of mmf, outer surf impreg, coated etc. w rub/plast, underlying fab completely obsc, not k/c",New,"CAFTA-DR textiles & apparel (Jordan, El Salvador, or Guatemala)",
6210.20.50,"Men's or boys' overcoats/carcoats/capes/etc. of mmf, other than with outer sur. impreg/coated/etc. w/ rub/plast, n knitted/crocheted",New,"CAFTA-DR textiles & apparel (Jordan, El Salvador, or Guatemala)",
6210.20.70,"Men's or boys' overcoats/carcoats/capes/etc. of tx mat (excl mmf), outer sur. impreg/etc. w/rub/plast completely obscuring fab, n k/c",New,"CAFTA-DR textiles & apparel (Jordan, El Salvador, or Guatemala)",
6210.20.90,"Men's or boys' overcoats/carcoats/capes/etc. of tx mat (excl mmf), other than with outer sur. impreg/coated/etc. w/ rub/plast, n k/c",New,"CAFTA-DR textiles & apparel (Jordan, El Salvador, or Guatemala)",
6210.30.30,"Women's or girls' overcoats/carcoats/capes/etc. of mmf, outer sur. impreg/coated/etc. w/rub/plast completely obscuring fab, n k/c",New,"CAFTA-DR textiles & apparel (Jordan, El Salvador, or Guatemala)",
6210.30.50,"Women's or girls' overcoats/carcoats/capes/etc. of mmf, other than with outer sur. impreg/coated/etc. w/rub/plast, n k/c",New,"CAFTA-DR textiles & apparel (Jordan, El Salvador, or Guatemala)",
6210.30.70,"Women's or girls' overcoats/carcoats/capes/etc. of tx mat (excl mmf), fabric impreg/coated w/rub/plast completely obscuring fab, n k/c",New,"CAFTA-DR textiles & apparel (Jordan, El Salvador, or Guatemala)",
6210.30.90,"Women's or girls' overcoats/carcoats/capes/etc. of tx mat (excl mmf), other than with outer sur. impreg/coated etc. w/rub/plast, n k/c",New,"CAFTA-DR textiles & apparel (Jordan, El Salvador, or Guatemala)",
6210.40.15,"Rec perf outwear, men's/boys' garm, nesoi, of fab 5903/5906/5907, not k/c, mmf, w/out sur. impreg/coatd/etc. w/rub/plast completely obscuring fab,",New,"CAFTA-DR textiles & apparel (Jordan, El Salvador, or Guatemala)",
6210.40.25,"Rec perf outwear, men's/boys' garm, nesoi, of fab of 5903/5906/5907, not k/c, mmf, o/than w/outer sur. impreg/coated/etc. w/rub/plast,",New,"CAFTA-DR textiles & apparel (Jordan, El Salvador, or Guatemala)",
6210.40.28,"Rec perf outwear, men's/boys' garm, nesoi, fab of 5903/5906/5907, not k/c, tex mat (excl mmf), w/out sur. impreg/etc. w/rub/plast compl obscuring fab",New,"CAFTA-DR textiles & apparel (Jordan, El Salvador, or Guatemala)",
6210.40.29,"Rec perf outwear, men's or boys' garm, nesoi, of fab of 5903/5906/5907, not k/c, tex mat (excl mmf), w/out sur. impreg/etc. w/rub/plast",New,"CAFTA-DR textiles & apparel (Jordan, El Salvador, or Guatemala)",
6210.40.35,"Men's/boys' garm, nesoi, fab of 5903/5906/5907, not k/c, mmf, w/out sur. impreg/coated/etc. w/rub/plast completely obscuring fab, not rec perf outwear",New,"CAFTA-DR textiles & apparel (Jordan, El Salvador, or Guatemala)",
6210.40.55,"Men's or boys' garm, nesoi, of fab of 5903/5906/5907, not k/c, mmf, o/than w/outer sur. impreg/coated/etc. w/rub/plast, o/than rec perf outwear",New,"CAFTA-DR textiles & apparel (Jordan, El Salvador, or Guatemala)",
6210.40.75,"Men's/boys' garm, nesoi, fab of 5903/5906/5907, n k/c, tex mat (excl mmf), w/oute sur. impreg/etc. w/rub/plast compl obscuring fab,not rec perf outwr",New,"CAFTA-DR textiles & apparel (Jordan, El Salvador, or Guatemala)",
6210.40.80,"Men's or boys' garm, nesoi, of fab of 5903/5906/5907, not k/c, tex mat (excl mmf), w/out sur. impreg/etc. w/rub/plast, o/than rec perf outwear",New,"CAFTA-DR textiles & apparel (Jordan, El Salvador, or Guatemala)",
6210.50.03,"Rec perf outwear, women's/girls' garm, nesoi, fab of 5903/5906/5907, not k/c, mmf, w/outer sur. impreg/coated/etc. w/rub/plast compl obscuring fab",New,"CAFTA-DR textiles & apparel (Jordan, El Salvador, or Guatemala)",
6210.50.05,"Rec perf outwear, women's/girls' garm, nesoi, fab of 5903/5906/5907, not k/c, mmf, o/than w/out sur. impreg/etc. w/rub/plast",New,"CAFTA-DR textiles & apparel (Jordan, El Salvador, or Guatemala)",
6210.50.12,"Rec perf outwear, women/girls' garm, nesoi, fab of 5903/5906/5907, n k/c, tex mat (excl mmf), w/out sur. impreg/etc. w/rub/plast comp obscuring fab",New,"CAFTA-DR textiles & apparel (Jordan, El Salvador, or Guatemala)",
6210.50.22,"Rec perf outwear, wom's/girls' garm, nesoi, fab of 5903/5906/5907, n k/c, tex mat (excpt mmf), o/than w/out sur. impreg/coated w/rub/plas",New,"CAFTA-DR textiles & apparel (Jordan, El Salvador, or Guatemala)",
6210.50.35,"Women's/girls' garm, nesoi, fab of 5903/5906/5907, n k/c, mmf, w/out sur. impreg/coated/etc. w/rub/plast compl obscuring fab, o/than rec perf outwear",New,"CAFTA-DR textiles & apparel (Jordan, El Salvador, or Guatemala)",
6210.50.55,"Women's or girls' garm, nesoi, of fab of 5903/5906/5907, n k/c, of mmf, other than w/outer sur. impreg/etc. w/rub/plast, o/than rec perf outwear",New,"CAFTA-DR textiles & apparel (Jordan, El Salvador, or Guatemala)",
6210.50.75,"Wom's/girls' garm, nesoi, fab of 5903/5906/5907, n k/c, of tex mat (excl mmf), w/o sur. impreg/etc. w/rub/plast comp obscur fab, not rec perf outwear",New,"CAFTA-DR textiles & apparel (Jordan, El Salvador, or Guatemala)",
6210.50.80,"Wom's/girls' garm, nesoi, fab of 5903/5906/5907, not k/c, tex mat (except mmf), o/than w/out sur. impreg/coated w/rub/plas, o/than rec perf outwear",New,"CAFTA-DR textiles & apparel (Jordan, El Salvador, or Guatemala)",
6211.11.10,"Men's or boys' swimwear, not knitted or crocheted, of man-made fibers",New,"CAFTA-DR textiles & apparel (Jordan, El Salvador, or Guatemala)",
6211.11.40,"Men's or boys' swimwear, of textile materials (except mmf), containing 70% or more by weight of silk or silk waste, not knit or crocheted",New,"CAFTA-DR textiles & apparel (Jordan, El Salvador, or Guatemala)",
6211.11.80,"Men's or boys' swimwear, of textile materials (except mmf), containing under 70% by weight of silk or silk waste, not knit or crocheted",New,"CAFTA-DR textiles & apparel (Jordan, El Salvador, or Guatemala)",
6211.12.10,"Women's or girls' swimwear, not knitted or crocheted, of man-made fibers",New,"CAFTA-DR textiles & apparel (Jordan, El Salvador, or Guatemala)",
6211.12.40,"Women's or girls' swimwear, of textile materials (except mmf), containing 70% or more by weight of silk or silk waste, not knit or crocheted",New,"CAFTA-DR textiles & apparel (Jordan, El Salvador, or Guatemala)",
6211.12.80,"Women's or girls' swimwear, of textile materials (except mmf), containing under 70% by weight of silk or silk waste, not knit or crocheted",New,"CAFTA-DR textiles & apparel (Jordan, El Salvador, or Guatemala)",
6211.20.04,"Anoraks, windbreakers and similar articles imported as parts of ski-suits, con 15% or more by wt of down & waterfowl plumage, etc, not k/c",New,"CAFTA-DR textiles & apparel (Jordan, El Salvador, or Guatemala)",
6211.20.08,"Anoraks, windbreakers and similar articles imported as parts of ski-suits, con under 15% by wt of down & waterfowl plumage, etc, not k/c",New,"CAFTA-DR textiles & apparel (Jordan, El Salvador, or Guatemala)",
6211.20.15,"Men's or boys' ski-suits, not knitted or crocheted, water resistant, not containing 15% or more by weight of down, etc",New,"CAFTA-DR textiles & apparel (Jordan, El Salvador, or Guatemala)",
6211.20.24,"Men's or boys' anoraks, windbreakers and sim art impted as pts of ski-suits, of wool, con < 15% wt of down etc, not water resist, not k/c",New,"CAFTA-DR textiles & apparel (Jordan, El Salvador, or Guatemala)",
6211.20.28,"Men's or boys' anoraks, etc. imported as parts of ski-suits, of tx mats (except wool), con 15% wt of down etc, not water resist, not k/c",New,"CAFTA-DR textiles & apparel (Jordan, El Salvador, or Guatemala)",
6211.20.34,"Men's or boys' trousers and breeches imported as parts of ski-suits, of wool, con under 15% by wt of down etc., not water resist, not k/c",New,"CAFTA-DR textiles & apparel (Jordan, El Salvador, or Guatemala)",
6211.20.38,"Men's or boys' trousers & breeches imported as pts of ski-suits, of tx mat (except wool), con 15% wt down etc, not water resist, not k/c",New,"CAFTA-DR textiles & apparel (Jordan, El Salvador, or Guatemala)",
6211.20.44,"Men's or boys' ski-suits nesoi, of wool or fine animal hair, con under 15% wt down etc, not water resist, not knitted/crocheted",New,"CAFTA-DR textiles & apparel (Jordan, El Salvador, or Guatemala)",
6211.20.48,"Men's or boys' ski-suits nesoi, of tx mats (except wool or fine animal hair), con under 15% wt down etc, not water resist, not knitted/croch",New,"CAFTA-DR textiles & apparel (Jordan, El Salvador, or Guatemala)",
6211.20.54,"Women's or girls' anoraks, windbreakers and sim art impted as pts of ski-suits, of wool, con 15% wt down etc, not water resist, not k/c",New,"CAFTA-DR textiles & apparel (Jordan, El Salvador, or Guatemala)",
6211.20.58,"Women's or girls' anoraks and sim art imported as pts of ski-suits, of tx mats (except wool), con < 15% wt down etc, not wat resist, n k/c",New,"CAFTA-DR textiles & apparel (Jordan, El Salvador, or Guatemala)",
6211.20.64,"Women's or girls' trousers and breeches imported as parts of ski-suits, of wool, cont under 15% by wt of down etc, not water resist, not k/c",New,"CAFTA-DR textiles & apparel (Jordan, El Salvador, or Guatemala)",
6211.20.68,"Women's or girls' trousers & breeches imp as pts of ski-suits, of tx mats (except wool), con < 15% wt of down etc, not wat resist, not k/c",New,"CAFTA-DR textiles & apparel (Jordan, El Salvador, or Guatemala)",
6211.20.74,"Women's or girls' ski-suits nesoi, of wool or fine animal hair, con under 15% by wt of down etc, not water resistant, not knit or crocheted",New,"CAFTA-DR textiles & apparel (Jordan, El Salvador, or Guatemala)",
6211.20.78,"Women's or girls' ski-suits nesoi, of tx mats (except wool), con under 15% by weight of down etc, not water resistant, not knit or crocheted",New,"CAFTA-DR textiles & apparel (Jordan, El Salvador, or Guatemala)",
6211.32.50,"Rec pref outwear, men's or boys' track suits or other garments nesoi, not knitted or crocheted, of cotton",New,"CAFTA-DR textiles & apparel (Jordan, El Salvador, or Guatemala)",
6211.32.90,"Men's or boys' track suits or other garments nesoi, not knitted or crocheted, of cotton, o/than rec perf outwear",New,"CAFTA-DR textiles & apparel (Jordan, El Salvador, or Guatemala)",
6211.33.50,"Rec perf outwear, men's or boys' track suits or other garments nesoi, not knitted or crocheted, of man- made fibers",New,"CAFTA-DR textiles & apparel (Jordan, El Salvador, or Guatemala)",
6211.33.90,"Men's or boys' track suits or other garments nesoi, not knitted or crocheted, of man-made fibers, o/than rec perf outwear",New,"CAFTA-DR textiles & apparel (Jordan, El Salvador, or Guatemala)",
6211.39.03,"Rec perf outwear, men's or boys' track suits or other garments nesoi, not knitted or crocheted, of wool or fine animal hair",New,"CAFTA-DR textiles & apparel (Jordan, El Salvador, or Guatemala)",
6211.39.07,"Rec pref outwear, men's/boys' garments (excl swimwear or ski-suits), nesoi, not k/c, tex mat (not wool, cotton,mmf), cont 70% or more wt of silk",New,"CAFTA-DR textiles & apparel (Jordan, El Salvador, or Guatemala)",
6211.39.15,"Rec perf outwear, men's/boys' garments (excl swimwr or ski-suits), nesoi, not k/c, tex mat (not wool, cotton, mmf), cont under 70% by wt of silk",New,"CAFTA-DR textiles & apparel (Jordan, El Salvador, or Guatemala)",
6211.39.30,"Men's or boys' track suits or other garments nesoi, not knitted or crocheted, of wool or fine animal hair, o/than rec perf outwear",New,"CAFTA-DR textiles & apparel (Jordan, El Salvador, or Guatemala)",
6211.39.60,"Men's/boys' garments (excl swimwr or ski-suits), nesoi, not k/c, tex mat (not wool, cotton or mmf), cont 70% or more wt of silk, not rec perf outwear",New,"CAFTA-DR textiles & apparel (Jordan, El Salvador, or Guatemala)",
6211.39.80,"Men's/boys' garments (excl swimwr or ski-suits), nesoi, not k/c, tex mat (not wool, cotton, mmf), cont under 70% by wt of silk, not rec perf outwear",New,"CAFTA-DR textiles & apparel (Jordan, El Salvador, or Guatemala)",
6211.42.05,"Rec perf outwear, women's or girls' track suits or other garments nesoi, not knitted or crocheted, of cotton",New,"CAFTA-DR textiles & apparel (Jordan, El Salvador, or Guatemala)",
6211.42.10,"Women's or girls' track suits or other garments nesoi, not knitted or crocheted, of cotton, o/than rec perf outwear",New,"CAFTA-DR textiles & apparel (Jordan, El Salvador, or Guatemala)",
6211.43.05,"Rec perf outwear, women's or girls' track suits or other garments nesoi, not knitted or crocheted, of man-made fibers",New,"CAFTA-DR textiles & apparel (Jordan, El Salvador, or Guatemala)",
6211.43.10,"Women's or girls' track suits or other garments nesoi, not knitted or crocheted, of man-made fibers, o/than rec perf outwear",New,"CAFTA-DR textiles & apparel (Jordan, El Salvador, or Guatemala)",
6211.49.03,"Rec perf outwear, women's/girls' garments (excl swimwr or ski-suits), nesoi, not k/c, tex mat (not wool, cotton, mmf), cont 70% or more wt of silk",New,"CAFTA-DR textiles & apparel (Jordan, El Salvador, or Guatemala)",
6211.49.15,"Rec perf outwear, women's or girls' track suits or other garments nesoi, not knitted or crocheted, of wool or fine animal hair",New,"CAFTA-DR textiles & apparel (Jordan, El Salvador, or Guatemala)",
6211.49.25,"Rec pref outwear, women's/girls' garments (excl swimwr or ski-suits), nesoi, not k/c, tex mat (not wool, cotton,mmf), cont under 70% by wt of silk",New,"CAFTA-DR textiles & apparel (Jordan, El Salvador, or Guatemala)",
6211.49.50,"Women's/girls' garms (excl swimwr or ski-suits), nesoi, not k/c, tex mat (not wool, cotton, mmf), cont 70% or more wt of silk,o/than rec perf outwear",New,"CAFTA-DR textiles & apparel (Jordan, El Salvador, or Guatemala)",
6211.49.60,"Women's or girls' track suits or other garments nesoi, not knitted or crocheted, of wool or fine animal hair, o/than rec perf outwear",New,"CAFTA-DR textiles & apparel (Jordan, El Salvador, or Guatemala)",
6211.49.80,"Women's/girls' garm (excl swimwr or ski-suits), nesoi, not k/c, tex mat (not wool, cotton, mmf), cont under 70% by wt of silk, not rec perf outwear",New,"CAFTA-DR textiles & apparel (Jordan, El Salvador, or Guatemala)",
6212.10.30,"Brassieres, containing lace, net or embroidery, containing 70% or more by weight of silk or silk waste, whether or not knitted or crocheted",New,"CAFTA-DR textiles & apparel (Jordan, El Salvador, or Guatemala)",
6212.10.50,"Brassieres containing lace, net or embroidery, containing under 70% by weight of silk or silk waste, whether or not knitted or crocheted",New,"CAFTA-DR textiles & apparel (Jordan, El Salvador, or Guatemala)",
6212.10.70,"Brassieres, not containing lace, net or embroidery, containing 70% or more by wt of silk or silk waste, whether or not knitted or crocheted",New,"CAFTA-DR textiles & apparel (Jordan, El Salvador, or Guatemala)",
6212.10.90,"Brassieres, not containing lace, net or embroidery, containing under 70% by wt of silk or silk waste, whether or not knitted or crocheted",New,"CAFTA-DR textiles & apparel (Jordan, El Salvador, or Guatemala)",
6212.20.00,Girdles and panty-girdles,New,"CAFTA-DR textiles & apparel (Jordan, El Salvador, or Guatemala)",
6212.30.00,Corsets,New,"CAFTA-DR textiles & apparel (Jordan, El Salvador, or Guatemala)",
6212.90.00,"Braces, suspenders, garters and similar articles and parts thereof",New,"CAFTA-DR textiles & apparel (Jordan, El Salvador, or Guatemala)",
6213.20.10,"Handkerchiefs, not knitted or crocheted, of cotton, hemmed, not containing lace or embroidery",New,"CAFTA-DR textiles & apparel (Jordan, El Salvador, or Guatemala)",
6213.20.20,"Handkerchiefs, not knitted or crocheted, of cotton, nesoi",New,"CAFTA-DR textiles & apparel (Jordan, El Salvador, or Guatemala)",
6213.90.05,"Handkerchiefs, not knitted or crocheted, containing 70% or more by weight of silk or silk waste",New,"CAFTA-DR textiles & apparel (Jordan, El Salvador, or Guatemala)",
6213.90.07,"Handkerchiefs, of silk or silk waste, containing less than 70 percent by weight of silk or silk waste",New,"CAFTA-DR textiles & apparel (Jordan, El Salvador, or Guatemala)",
6213.90.10,"Handkerchiefs, not knitted or crocheted, of man- made fibers",New,"CAFTA-DR textiles & apparel (Jordan, El Salvador, or Guatemala)",
6213.90.20,"Handkerchiefs, not knitted or crocheted, of textile materials, nesoi",New,"CAFTA-DR textiles & apparel (Jordan, El Salvador, or Guatemala)",
6214.10.10,"Shawls, scarves, mufflers, mantillas, veils and the like, not knitted or crocheted, containing 70% or more silk or silk waste",New,"CAFTA-DR textiles & apparel (Jordan, El Salvador, or Guatemala)",
6214.10.20,"Shawls, scarves, mufflers, mantillas, veils and the like, not knitted or crocheted, containing less than 70% silk or silk waste",New,"CAFTA-DR textiles & apparel (Jordan, El Salvador, or Guatemala)",
6214.20.00,"Shawls, scarves, mufflers, mantillas, veils and the like, not knitted or crocheted, of wool or fine animal hair",New,"CAFTA-DR textiles & apparel (Jordan, El Salvador, or Guatemala)",
6214.30.00,"Shawls, scarves, mufflers, mantillas, veils and the like, not knitted or crocheted, of synthetic fibers",New,"CAFTA-DR textiles & apparel (Jordan, El Salvador, or Guatemala)",
6214.40.00,"Shawls, scarves, mufflers, mantillas, veils and the like, not knitted or crocheted, of artificial fibers",New,"CAFTA-DR textiles & apparel (Jordan, El Salvador, or Guatemala)",
6214.90.00,"Shawls, scarves, mufflers, mantillas, veils and the like, not knitted or crocheted, of textile materials nesoi",New,"CAFTA-DR textiles & apparel (Jordan, El Salvador, or Guatemala)",
6215.10.00,"Ties, bow ties and cravats, not knitted or crocheted, of silk or silk waste",New,"CAFTA-DR textiles & apparel (Jordan, El Salvador, or Guatemala)",
6215.20.00,"Ties, bow ties and cravats, not knitted or crocheted, of man-made fibers",New,"CAFTA-DR textiles & apparel (Jordan, El Salvador, or Guatemala)",
6215.90.00,"Ties, bow ties and cravats, not knitted or crocheted, of textile materials nesoi",New,"CAFTA-DR textiles & apparel (Jordan, El Salvador, or Guatemala)",
6216.00.05,"Ice hockey and field hockey gloves, not knitted or crocheted, impregnated, coated or covered with plastics or rubber",New,"CAFTA-DR textiles & apparel (Jordan, El Salvador, or Guatemala)",
6216.00.08,"Gloves, mittens & mitts, for sports, including ski & snowmobile gloves, etc., not knitted/crocheted, impreg. or cov. with plastic/rubber",New,"CAFTA-DR textiles & apparel (Jordan, El Salvador, or Guatemala)",
6216.00.13,"Gloves etc. (excl. for sports etc.), not k/c, impreg. etc. with plas/rub, w/o four., cut & sewn, of veg. fibers, over 50% by wt. plas/rub",New,"CAFTA-DR textiles & apparel (Jordan, El Salvador, or Guatemala)",
6216.00.17,"Gloves etc. (excl. for sports), not k/c, impreg. etc. with plas/rub, w/o four., cut & sewn, of veg. fibers, cont. <50% by wt. plas./rubber",New,"CAFTA-DR textiles & apparel (Jordan, El Salvador, or Guatemala)",
6216.00.19,"Gloves, mittens and mitts (excl sports), w/o four, impreg etc, cut & sewn from pre-exist impreg fab, of non-veg fib, con > 50% wt plas/rub",New,"CAFTA-DR textiles & apparel (Jordan, El Salvador, or Guatemala)",
6216.00.21,"Gloves, mittens and mitts (excl sports), w/o four, impreg etc, cut & sewn from pre-exist impreg fab, of non-veg fib, con < 50% wt plas/rub",New,"CAFTA-DR textiles & apparel (Jordan, El Salvador, or Guatemala)",
6216.00.24,"Gloves, mittens and mitts (excl sports), w/o four, impreg etc, not cut & sewn from pre-exist fab, con 50% or more wt cotton/mmf, not k/c",New,"CAFTA-DR textiles & apparel (Jordan, El Salvador, or Guatemala)",
6216.00.26,"Gloves, mittens and mitts (excl sports), w/o four, impreg etc, not cut & sewn from pre-exist fab, con under 50% wt cotton or mmf, not k/c",New,"CAFTA-DR textiles & apparel (Jordan, El Salvador, or Guatemala)",
6216.00.29,"Gloves, mittens and mitts (excl sports), impreg, etc., with fourchettes, cont 50% or more by wt of coton, mmf or combo thereof, not knit/croc",New,"CAFTA-DR textiles & apparel (Jordan, El Salvador, or Guatemala)",
6216.00.31,"Gloves, mittens and mitts (excl sports), impreg, etc., with fourchettes, cont under 50% by wt of coton, mmf or combo thereof, not knit/croc",New,"CAFTA-DR textiles & apparel (Jordan, El Salvador, or Guatemala)",
6216.00.33,"Ice hockey and field hockey gloves, not knitted or crocheted, of cotton, not impregnated, coated or covered with plastics or rubber",New,"CAFTA-DR textiles & apparel (Jordan, El Salvador, or Guatemala)",
6216.00.35,"Gloves, mittens & mitts, all the foregoing for sports use, including ski & snowmobile gloves, mittens & mitts, of cotton",New,"CAFTA-DR textiles & apparel (Jordan, El Salvador, or Guatemala)",
6216.00.38,"Gloves, mittens & mitts (excl. for sports), not impregnated, coated or covered with plastics or rubber, of cotton, without fourchettes",New,"CAFTA-DR textiles & apparel (Jordan, El Salvador, or Guatemala)",
6216.00.41,"Gloves, mittens & mitts (excl. for sports), not impregnated, coated or covered with plastics or rubber, of cotton, with fourchettes",New,"CAFTA-DR textiles & apparel (Jordan, El Salvador, or Guatemala)",
6216.00.43,"Ice hockey and field hockey gloves, not knitted or crocheted, of man-made fibers, not impregnated etc. with plastics or rubber",New,"CAFTA-DR textiles & apparel (Jordan, El Salvador, or Guatemala)",
6216.00.46,"Gloves, mittens & mitts, for sports use, incl. ski & snowmobile, of man-made fibers, not impregnated/coated with plastics or rubber",New,"CAFTA-DR textiles & apparel (Jordan, El Salvador, or Guatemala)",
6216.00.54,"Gloves, mittens & mitts (excl. for sports), not impregnated, coated or covered with plastics or rubber, of man-made fibers, w/o fourchettes",New,"CAFTA-DR textiles & apparel (Jordan, El Salvador, or Guatemala)",
6216.00.58,"Gloves, mittens & mitts (excl. for sports), not impregnated, coated or covered with plastics or rubber, of mmf, with fourchettes",New,"CAFTA-DR textiles & apparel (Jordan, El Salvador, or Guatemala)",
6216.00.80,"Gloves, mittens and mitts, not knitted or crocheted, of wool or fine animal hair, nesoi",New,"CAFTA-DR textiles & apparel (Jordan, El Salvador, or Guatemala)",
6216.00.90,"Gloves, mittens and mitts, not knitted or crocheted, of textile materials nesoi",New,"CAFTA-DR textiles & apparel (Jordan, El Salvador, or Guatemala)",
6217.10.10,"Made up clothing accessories (excl those of heading 6212), containing 70% or more by weight of silk or silk waste, not knitted or crocheted",New,"CAFTA-DR textiles & apparel (Jordan, El Salvador, or Guatemala)",
6217.10.85,"Headbands, ponytail holders and similar articles, of textile materials containing < 70% by weight of silk, not knit/crochet",New,"CAFTA-DR textiles & apparel (Jordan, El Salvador, or Guatemala)",
6217.10.95,"Made up clothing accessories (excl of heading 6212 or headbands, ponytail holders & like), containing < 70% wgt of silk, not knit/crochet",New,"CAFTA-DR textiles & apparel (Jordan, El Salvador, or Guatemala)",
6217.90.10,"Parts of garments or of clothing accessories (excl those of heading 6212), containing 70% or more by weight of silk or silk waste, not k/c",New,"CAFTA-DR textiles & apparel (Jordan, El Salvador, or Guatemala)",
6217.90.90,"Parts of garments or of clothing accessories (excl those of heading 6212), containing under 70% by weight of silk or silk waste, n/knit/croc",New,"CAFTA-DR textiles & apparel (Jordan, El Salvador, or Guatemala)",
6301.10.00,Electric blankets,New,"CAFTA-DR textiles & apparel (Jordan, El Salvador, or Guatemala)",
6301.20.00,"Blankets (other than electric blankets) and traveling rugs, of wool or fine animal hair",New,"CAFTA-DR textiles & apparel (Jordan, El Salvador, or Guatemala)",
6301.30.00,"Blankets (other than electric blankets) and traveling rugs, of cotton",New,"CAFTA-DR textiles & apparel (Jordan, El Salvador, or Guatemala)",
6301.40.00,"Blankets (other than electric blankets) and traveling rugs, of synthetic fibers",New,"CAFTA-DR textiles & apparel (Jordan, El Salvador, or Guatemala)",
6301.90.00,"Blankets and traveling rugs, nesoi",New,"CAFTA-DR textiles & apparel (Jordan, El Salvador, or Guatemala)",
6302.10.00,"Bed linen, knitted or crocheted",New,"CAFTA-DR textiles & apparel (Jordan, El Salvador, or Guatemala)",
6302.21.30,"Bed linen, not knitted or crocheted, printed, of cotton, cont any embroidery, lace, braid, edging, trimming, piping or applique work, napped",New,"CAFTA-DR textiles & apparel (Jordan, El Salvador, or Guatemala)",
6302.21.50,"Bed linen, not knit or crocheted, printed, of cotton, cont any embroidery, lace, braid, edging, trimming, piping or applique work, n/napped",New,"CAFTA-DR textiles & apparel (Jordan, El Salvador, or Guatemala)",
6302.21.70,"Bed linen, not knit or crocheted, printed, of cotton, not cont any embroidery, lace,braid, edging, trimming, piping or applique work, napped",New,"CAFTA-DR textiles & apparel (Jordan, El Salvador, or Guatemala)",
6302.21.90,"Bed linen, not knit or croc, printed, of cotton, not cont any embroidery, lace, braid, edging, trimming, piping or applique work, not napped",New,"CAFTA-DR textiles & apparel (Jordan, El Salvador, or Guatemala)",
6302.22.10,"Bed linen, not knitted or crocheted, printed, of manmade fibers, containing embroidery, lace, braid, etc or applique work",New,"CAFTA-DR textiles & apparel (Jordan, El Salvador, or Guatemala)",
6302.22.20,"Bed linen, not knitted or crocheted, printed, of manmade fibers, nesoi",New,"CAFTA-DR textiles & apparel (Jordan, El Salvador, or Guatemala)",
6302.29.00,"Bed linen, not knitted or crocheted, printed, of textile materials nesoi",New,"CAFTA-DR textiles & apparel (Jordan, El Salvador, or Guatemala)",
6302.31.30,"Bed linen, not knit/croc, not printed, of cotton, cont any embroidery, lace, braid, edging, trimming, piping or applique work, napped",New,"CAFTA-DR textiles & apparel (Jordan, El Salvador, or Guatemala)",
6302.31.50,"Bed linen, not knit/croc, not printed, of cotton, cont any embroidery, lace, braid, edging, trimming, piping or applique work, not napped",New,"CAFTA-DR textiles & apparel (Jordan, El Salvador, or Guatemala)",
6302.31.70,"Bed linen, not knit/croc, not printed, of cotton, not cont any embroidery, lace, braid, edging, trimming, piping or applique work, napped",New,"CAFTA-DR textiles & apparel (Jordan, El Salvador, or Guatemala)",
6302.31.90,"Bed linen, not knit/croc, not printed, of cotton, not cont any embroidery, lace, braid, edging, trimming,piping or applique work, not napped",New,"CAFTA-DR textiles & apparel (Jordan, El Salvador, or Guatemala)",
6302.32.10,"Bed linen, not knitted or crocheted, not printed, of manmade fiber, containing embroidery, lace, braid, etc or applique work",New,"CAFTA-DR textiles & apparel (Jordan, El Salvador, or Guatemala)",
6302.32.20,"Bed linen, not knitted or crocheted, not printed, of manmade fibers, nesoi",New,"CAFTA-DR textiles & apparel (Jordan, El Salvador, or Guatemala)",
6302.39.00,"Bed linen, not knitted or crocheted, not printed, of textile materials nesoi",New,"CAFTA-DR textiles & apparel (Jordan, El Salvador, or Guatemala)",
6302.40.10,"Table linen, knitted or crocheted, of vegetable fiber (except of cotton)",New,"CAFTA-DR textiles & apparel (Jordan, El Salvador, or Guatemala)",
6302.40.20,"Table linen, knitted or crocheted, nesoi",New,"CAFTA-DR textiles & apparel (Jordan, El Salvador, or Guatemala)",
6302.51.10,"Damask tablecloths and napkins, not knitted or crocheted, of cotton",New,"CAFTA-DR textiles & apparel (Jordan, El Salvador, or Guatemala)",
6302.51.20,"Plain woven tablecloths and napkins, not knitted or crocheted, of cotton",New,"CAFTA-DR textiles & apparel (Jordan, El Salvador, or Guatemala)",
6302.51.30,"Tablecloths and napkins, other than plain woven or damask, not knitted or crocheted, of cotton",New,"CAFTA-DR textiles & apparel (Jordan, El Salvador, or Guatemala)",
6302.51.40,"Table linen, other than tablecloths and napkins, not knitted or crocheted, of cotton, nesoi",New,"CAFTA-DR textiles & apparel (Jordan, El Salvador, or Guatemala)",
6302.53.00,"Table linen of man-made fibers, not knitted or crocheted",New,"CAFTA-DR textiles & apparel (Jordan, El Salvador, or Guatemala)",
6302.59.10,"Tablecloths and napkins of flax, not knitted or crocheted",New,"CAFTA-DR textiles & apparel (Jordan, El Salvador, or Guatemala)",
6302.59.20,"Table linen of flax, other than tablecloths and napkins, not knitted or crocheted",New,"CAFTA-DR textiles & apparel (Jordan, El Salvador, or Guatemala)",
6302.59.30,"Table linen, of textile materials other than of cotton, flax or man-made fibers, not knitted or crocheted",New,"CAFTA-DR textiles & apparel (Jordan, El Salvador, or Guatemala)",
6302.60.00,"Toilet linen and kitchen linen, of terry toweling or similar terry fabrics, of cotton",New,"CAFTA-DR textiles & apparel (Jordan, El Salvador, or Guatemala)",
6302.91.00,"Toilet and kitchen linen, other than terry toweling or similar terry fabrics of cotton",New,"CAFTA-DR textiles & apparel (Jordan, El Salvador, or Guatemala)",
6302.93.10,"Toilet and kitchen linen, of manmade fibers, of pile or tufted construction",New,"CAFTA-DR textiles & apparel (Jordan, El Salvador, or Guatemala)",
6302.93.20,"Toilet and kitchen linen, of manmade fibers, nesoi",New,"CAFTA-DR textiles & apparel (Jordan, El Salvador, or Guatemala)",
6302.99.10,"Toilet and kitchen linen of textile materials nesoi, containing 85% or more by weight of silk or silk waste",New,"CAFTA-DR textiles & apparel (Jordan, El Salvador, or Guatemala)",
6302.99.15,Toilet and kitchen linen of flax,New,"CAFTA-DR textiles & apparel (Jordan, El Salvador, or Guatemala)",
6302.99.20,"Toilet and kitchen linen of textile materials nesoi, containing less than 85% by weight of silk or silk waste",New,"CAFTA-DR textiles & apparel (Jordan, El Salvador, or Guatemala)",
6303.12.00,"Curtains (including drapes), interior blinds and valances of synthetic fibers, knitted or crocheted",New,"CAFTA-DR textiles & apparel (Jordan, El Salvador, or Guatemala)",
6303.19.11,"Curtains (including drapes), interior blinds and valances of cotton, knitted or crocheted",New,"CAFTA-DR textiles & apparel (Jordan, El Salvador, or Guatemala)",
6303.19.21,"Curtains (including drapes),interior blinds and valances of textile materials other than of cotton or synthetic fibers, knitted or crocheted",New,"CAFTA-DR textiles & apparel (Jordan, El Salvador, or Guatemala)",
6303.91.00,"Curtains (including drapes), interior blinds and valances of cotton, not knitted or crocheted",New,"CAFTA-DR textiles & apparel (Jordan, El Salvador, or Guatemala)",
6303.92.10,"Curtains/drapes, inter. blinds, etc. of syn fib, made up from fab of subh 5407.60.11/5407.60.21/5407.60.91, not knitted or crocheted",New,"CAFTA-DR textiles & apparel (Jordan, El Salvador, or Guatemala)",
6303.92.20,"Curtains (including drapes), interior blinds and valances, nesoi, of synthetic fibers, not knitted or crocheted",New,"CAFTA-DR textiles & apparel (Jordan, El Salvador, or Guatemala)",
6303.99.00,"Curtains (including drapes),interior blinds, valances of textile materials other than of cotton or of synthetic fibers,not knitted/crocheted",New,"CAFTA-DR textiles & apparel (Jordan, El Salvador, or Guatemala)",
6304.11.10,"Bedspreads of cotton, knitted or crocheted, excluding those of heading 9404",New,"CAFTA-DR textiles & apparel (Jordan, El Salvador, or Guatemala)",
6304.11.20,"Bedspreads of man-made fibers, knitted or crocheted, excluding those of heading 9404",New,"CAFTA-DR textiles & apparel (Jordan, El Salvador, or Guatemala)",
6304.11.30,"Bedspreads of textile materials other than of cotton or of man-made fibers, knitted or crocheted, excluding those of heading 9404",New,"CAFTA-DR textiles & apparel (Jordan, El Salvador, or Guatemala)",
6304.19.05,"Bedspreads, not knitted or crocheted, of cotton, containing any embroidery, lace, etc.",New,"CAFTA-DR textiles & apparel (Jordan, El Salvador, or Guatemala)",
6304.19.10,"Bedspreads, not knitted or crocheted, of cotton, nesoi",New,"CAFTA-DR textiles & apparel (Jordan, El Salvador, or Guatemala)",
6304.19.15,"Bedspreads, not knitted or crocheted, of manmade fibers, containing any embroidery, lace, etc.",New,"CAFTA-DR textiles & apparel (Jordan, El Salvador, or Guatemala)",
6304.19.20,"Bedspreads, not knitted or crocheted, of manmade fibers, nesoi",New,"CAFTA-DR textiles & apparel (Jordan, El Salvador, or Guatemala)",
6304.19.30,"Bedspreads, not knitted or crocheted, other than those of cotton or man-made fibers, excluding those of heading 9404",New,"CAFTA-DR textiles & apparel (Jordan, El Salvador, or Guatemala)",
6304.20.00,"Bed nets made from warp knit fabrics, impregneted or coated with chemicals specified in subheading note 1 to this chapter",New,"CAFTA-DR textiles & apparel (Jordan, El Salvador, or Guatemala)",
6304.91.01,"Furnishing articles, excluding those of heading 9404 and other than bedspreads and bed nets, knitted or crocheted",New,"CAFTA-DR textiles & apparel (Jordan, El Salvador, or Guatemala)",
6304.92.00,"Furnishing articles (excluding those of heading 9404 and other than bedspreads) not knitted or crocheted, of cotton",New,"CAFTA-DR textiles & apparel (Jordan, El Salvador, or Guatemala)",
6304.93.00,"Furnishing articles (excluding those of heading 9404 and other than bedspreads) not knitted or crocheted, of synthetic fibers",New,"CAFTA-DR textiles & apparel (Jordan, El Salvador, or Guatemala)",
6304.99.10,"Wall hangings, not knitted or crocheted, of wool or fine animal hair, the foregoing certified hand- loomed and folklore products",New,"CAFTA-DR textiles & apparel (Jordan, El Salvador, or Guatemala)",
6304.99.15,"Wall hangings, not knitted or crocheted, of wool or fine animal hair, nesoi",New,"CAFTA-DR textiles & apparel (Jordan, El Salvador, or Guatemala)",
6304.99.25,"Wall hangings of jute, excluding those of heading 9404",New,"CAFTA-DR textiles & apparel (Jordan, El Salvador, or Guatemala)",
6304.99.35,"Furnishing articles (excl. those of heading 9404 and other than bedspreads and jute wall hangings) of veg. fibers (excl. cotton), not k/c",New,"CAFTA-DR textiles & apparel (Jordan, El Salvador, or Guatemala)",
6304.99.40,"Certified hand-loomed and folklore pillow covers of wool or fine animal hair, not knitted or crocheted",New,"CAFTA-DR textiles & apparel (Jordan, El Salvador, or Guatemala)",
6304.99.60,"Furnishing articles (excluding those of heading 9404 and other than bedspreads) not knitted or crocheted, of textile materials, nesoi",New,"CAFTA-DR textiles & apparel (Jordan, El Salvador, or Guatemala)",
6305.10.00,"Sacks and bags of a kind used for the packing of goods, of jute or of other textile bast fibers of heading 5303",New,"CAFTA-DR textiles & apparel (Jordan, El Salvador, or Guatemala)",
6305.20.00,"Sacks and bags of a kind used for the packing of goods, of cotton",New,"CAFTA-DR textiles & apparel (Jordan, El Salvador, or Guatemala)",
6305.32.00,"Flexible intermed. bulk containers of a kind used for packing goods, of man-made textile materials",New,"CAFTA-DR textiles & apparel (Jordan, El Salvador, or Guatemala)",
6305.33.00,"Other sacks/bags for packing goods, of mm tex.mat.(not flex.intermed.bulk containers), of polyethylene or polypro. strip or the like",New,"CAFTA-DR textiles & apparel (Jordan, El Salvador, or Guatemala)",
6305.39.00,"Sacks and bags of a kind used for the packing of goods, of man-made textile materials, nesoi",New,"CAFTA-DR textiles & apparel (Jordan, El Salvador, or Guatemala)",
6305.90.00,"Sacks and bags of a kind used for the packing of goods, of textile materials, nesoi",New,"CAFTA-DR textiles & apparel (Jordan, El Salvador, or Guatemala)",
6306.12.00,"Tarpaulins, awnings and sunblinds, of synthetic fibers",New,"CAFTA-DR textiles & apparel (Jordan, El Salvador, or Guatemala)",
6306.19.11,"Tarpaulins, awnings and sunblinds, of cotton",New,"CAFTA-DR textiles & apparel (Jordan, El Salvador, or Guatemala)",
6306.19.21,"Tarpaulins, awnings and sunblinds, of textile materials other than of cotton or synthetic fibers",New,"CAFTA-DR textiles & apparel (Jordan, El Salvador, or Guatemala)",
6306.22.10,Backpacking tents of synthetic fibers,New,"CAFTA-DR textiles & apparel (Jordan, El Salvador, or Guatemala)",
6306.22.90,"Tents other than backpacking tents, of synthetic fibers",New,"CAFTA-DR textiles & apparel (Jordan, El Salvador, or Guatemala)",
6306.29.11,Tents of cotton,New,"CAFTA-DR textiles & apparel (Jordan, El Salvador, or Guatemala)",
6306.29.21,Tents of textile materials other than of cotton or synthetic fibers,New,"CAFTA-DR textiles & apparel (Jordan, El Salvador, or Guatemala)",
6306.30.00,Sails of textile materials,New,"CAFTA-DR textiles & apparel (Jordan, El Salvador, or Guatemala)",
6306.40.41,Pneumatic mattresses of cotton,New,"CAFTA-DR textiles & apparel (Jordan, El Salvador, or Guatemala)",
6306.40.49,Pneumatic mattresses of textile materials other than of cotton,New,"CAFTA-DR textiles & apparel (Jordan, El Salvador, or Guatemala)",
6306.90.10,"Camping goods, nesoi, of cotton",New,"CAFTA-DR textiles & apparel (Jordan, El Salvador, or Guatemala)",
6306.90.50,"Camping goods, nesoi, of textile materials other than of cotton",New,"CAFTA-DR textiles & apparel (Jordan, El Salvador, or Guatemala)",
6307.10.10,"Dustcloths, mop cloths and polishing cloths, of cotton",New,"CAFTA-DR textiles & apparel (Jordan, El Salvador, or Guatemala)",
6307.10.20,"Floor cloths, dishcloths and similar cleaning cloths of textile materials (except dustcloths, mops cloths and polishing cloths of cotton)",New,"CAFTA-DR textiles & apparel (Jordan, El Salvador, or Guatemala)",
6307.20.00,Lifejackets and lifebelts of textile materials,New,"CAFTA-DR textiles & apparel (Jordan, El Salvador, or Guatemala)",
6307.90.30,Made-up labels of textile materials,New,"CAFTA-DR textiles & apparel (Jordan, El Salvador, or Guatemala)",
6307.90.40,Cords and tassels of textile materials,New,"CAFTA-DR textiles & apparel (Jordan, El Salvador, or Guatemala)",
6307.90.50,"Corset lacings, footwear lacings or similar lacings of textile materials",New,"CAFTA-DR textiles & apparel (Jordan, El Salvador, or Guatemala)",
6307.90.60,Surgical drapes of fabric formed on a base of paper or covered or lined with paper,New,"CAFTA-DR textiles & apparel (Jordan, El Salvador, or Guatemala)",
6307.90.68,Surgical drapes of spunlaced or bonded fiber fabric disposable surgical drapes of man-made fibers,New,"CAFTA-DR textiles & apparel (Jordan, El Salvador, or Guatemala)",
6307.90.72,"Surgical drapes, nesoi, not spunlaced or bonded fiber fabric",New,"CAFTA-DR textiles & apparel (Jordan, El Salvador, or Guatemala)",
6307.90.75,"Toys for pets, of textile materials",New,"CAFTA-DR textiles & apparel (Jordan, El Salvador, or Guatemala)",
6307.90.85,"Wall banners, of man-made fibers",New,"CAFTA-DR textiles & apparel (Jordan, El Salvador, or Guatemala)",
6307.90.89,"Surgical towels; cotton towels of pile/tufted const.; pillow shells, of cotton; shells for quilts etc., and similar articles of cotton",New,"CAFTA-DR textiles & apparel (Jordan, El Salvador, or Guatemala)",
6307.90.98,"National flags and other made-up articles of textile materials, nesoi",New,"CAFTA-DR textiles & apparel (Jordan, El Salvador, or Guatemala)",
6308.00.00,"Needlecraft sets for making up into rugs, etc., consist of woven fabric and yarn, whether/not w/accessories, put up packings for retail sale",New,"CAFTA-DR textiles & apparel (Jordan, El Salvador, or Guatemala)",
6310.10.10,"Used or new rags, scrap and worn out articles of twine, cordage, rope or cables, of wool or fine animal hair, sorted",New,"CAFTA-DR textiles & apparel (Jordan, El Salvador, or Guatemala)",
6310.10.20,"Used or new rags, scrap and worn out articles of twine, cordage, rope or cables, of textile materials nesoi, sorted",New,"CAFTA-DR textiles & apparel (Jordan, El Salvador, or Guatemala)",
6310.90.10,"Used or new rags, scrap and worn out articles of twine, cordage, rope or cables, of wool or fine animal hair, not sorted",New,"CAFTA-DR textiles & apparel (Jordan, El Salvador, or Guatemala)",
6310.90.20,"Used or new rags, scrap and worn out articles of twine, cordage, rope or cables, of textile materials nesoi, not sorted",New,"CAFTA-DR textiles & apparel (Jordan, El Salvador, or Guatemala)",
6501.00.30,"Hat forms, hat bodies and hoods, not blocked to shape or with made brims; plateaux & manchons; all of fur felt, for men or boys",New,"CAFTA-DR textiles & apparel (Jordan, El Salvador, or Guatemala)",
6501.00.60,"Hat forms, hat bodies and hoods, not blocked to shape or with made brims; plateaux & manchons; all of fur felt, not for men or boys",New,"CAFTA-DR textiles & apparel (Jordan, El Salvador, or Guatemala)",
6501.00.90,"Hat forms, hat bodies and hoods, not blocked to shape or with made brims; plateaux & manchons; all of felt, other than fur felt",New,"CAFTA-DR textiles & apparel (Jordan, El Salvador, or Guatemala)",
6502.00.20,"Hat shapes, plaited or assembled from strips, not blocked/lined/trimmed & w/o made brims, of veg. fibers or materls, or paper yarn, sewed",New,"CAFTA-DR textiles & apparel (Jordan, El Salvador, or Guatemala)",
6502.00.40,"Hat shapes, plaited or asmbld from strips, n/blocked/lined/trimmed & w/o made brims, of veg. fibers or materls, not sewed/bleached/colored",New,"CAFTA-DR textiles & apparel (Jordan, El Salvador, or Guatemala)",
6502.00.60,"Hat shapes, plaited or asmbld from strips, n/blocked/lined/trimmed & w/o made brims, of veg. fibers or materls, not sewed but bleachd/colord",New,"CAFTA-DR textiles & apparel (Jordan, El Salvador, or Guatemala)",
6502.00.90,"Hat shapes, plaited or assembled from strips, not blocked/lined/trimmed & w/o made brims, not veg. fibers/veg. materials/paper yarn, nesoi",New,"CAFTA-DR textiles & apparel (Jordan, El Salvador, or Guatemala)",
6504.00.30,"Hats and headgear, plaited or assembled from strips of veg. fibers or unspun fibrous veg. materials and/or paper yarn, sewed",New,"CAFTA-DR textiles & apparel (Jordan, El Salvador, or Guatemala)",
6504.00.60,"Hats and headgear, plaited or assembled from strips of veg. fibers or unspun fibrous veg. materials and/or paper yarn, not sewed",New,"CAFTA-DR textiles & apparel (Jordan, El Salvador, or Guatemala)",
6504.00.90,"Hats and headgear, plaited or assembled from strips of any material (o/than veg. fibers/unspun fibrous veg. materials and/or paper yarn)",New,"CAFTA-DR textiles & apparel (Jordan, El Salvador, or Guatemala)",
6505.00.01,"Hair-nets of any material, whether or not lined or trimmed",New,"CAFTA-DR textiles & apparel (Jordan, El Salvador, or Guatemala)",
6505.00.04,Hats and headgear of fur felt made from hat forms and hat bodies of 6501,New,"CAFTA-DR textiles & apparel (Jordan, El Salvador, or Guatemala)",
6505.00.08,"Hats and headgear made from hat forms and hat bodies of 6501, except of fur felt",New,"CAFTA-DR textiles & apparel (Jordan, El Salvador, or Guatemala)",
6505.00.15,"Hats and headgear, of cotton and/or flax, knitted",New,"CAFTA-DR textiles & apparel (Jordan, El Salvador, or Guatemala)",
6505.00.20,"Headwear, of cotton, not knitted; certified hand- loomed and folklore hats & headgear, of cotton or flax, not knitted",New,"CAFTA-DR textiles & apparel (Jordan, El Salvador, or Guatemala)",
6505.00.25,"Hats and headgear, of cotton or flax, not knitted, not certified hand-loomed folklore goods",New,"CAFTA-DR textiles & apparel (Jordan, El Salvador, or Guatemala)",
6505.00.30,"Hats and headgear, of wool, knitted or crocheted or made up from knitted or crocheted fabric",New,"CAFTA-DR textiles & apparel (Jordan, El Salvador, or Guatemala)",
6505.00.40,"Hats and headgear, of wool, made up from felt or of textile material, not knitted or crocheted or made up from knitted or crocheted fabric",New,"CAFTA-DR textiles & apparel (Jordan, El Salvador, or Guatemala)",
6505.00.50,"Hats and headgear, of man-made fibers, knitted or crocheted or made up from knitted or crocheted fabric, wholly or in part of braid",New,"CAFTA-DR textiles & apparel (Jordan, El Salvador, or Guatemala)",
6505.00.60,"Hats and headgear, of man-made fibers, knitted or crocheted or made up from knitted or crocheted fabrics, not in part of braid",New,"CAFTA-DR textiles & apparel (Jordan, El Salvador, or Guatemala)",
6505.00.70,"Hats and headgear, of man-made fibers, made up from felt or of textile material, not knitted or crocheted, wholly or in part braid",New,"CAFTA-DR textiles & apparel (Jordan, El Salvador, or Guatemala)",
6505.00.80,"Hats and headgear, of man-made fibers, made up from felt or of textile material, not knitted or crocheted, not in part of braid",New,"CAFTA-DR textiles & apparel (Jordan, El Salvador, or Guatemala)",
6505.00.90,"Hats and headgear, of textile materials (other than of cotton, flax, wool or man-made fibers), nesoi",New,"CAFTA-DR textiles & apparel (Jordan, El Salvador, or Guatemala)",
6506.91.00,"Headgear (other than safety headgear), nesoi, of rubber or plastics, whether or not lined or trimmed",New,"CAFTA-DR textiles & apparel (Jordan, El Salvador, or Guatemala)",
6506.99.30,"Headgear, nesoi, of furskin, whether or not lined or trimmed",New,"CAFTA-DR textiles & apparel (Jordan, El Salvador, or Guatemala)",
6506.99.60,"Headgear (other than safety headgear), nesoi, of materials other than rubber, plastics, or furskins, whether or not lined or trimmed",New,"CAFTA-DR textiles & apparel (Jordan, El Salvador, or Guatemala)",
6507.00.00,"Headbands, linings, covers, hat foundations, hat frames, peaks (visors) and chinstraps, for headgear",New,"CAFTA-DR textiles & apparel (Jordan, El Salvador, or Guatemala)",
7019.11.00,Glass fiber chopped strands of a length of not more than 50mm,New,"CAFTA-DR textiles & apparel (Jordan, El Salvador, or Guatemala)",
7019.12.00,Glass fiber rovings,New,"CAFTA-DR textiles & apparel (Jordan, El Salvador, or Guatemala)",
7019.13.05,"Fiberglass rubber reinforcing yarn,not color,of electrically nonconduct. continuous filament 9 to 11 microns diam & impreg for adhesion to polym.",New,"CAFTA-DR textiles & apparel (Jordan, El Salvador, or Guatemala)",
7019.13.15,"Glass fiber yarns, not colored, other than fiberglass rubber reinforcing yarn",New,"CAFTA-DR textiles & apparel (Jordan, El Salvador, or Guatemala)",
7019.13.24,"Fiberglass rubber reinforce yarn,color,of electrically nonconduct. continuous filament 9 to 11 microns diam & impreg for adhesion to polym.",New,"CAFTA-DR textiles & apparel (Jordan, El Salvador, or Guatemala)",
7019.13.28,"Glass fiber yarns, colored, other than fiberglass rubber reinforcing yarn",New,"CAFTA-DR textiles & apparel (Jordan, El Salvador, or Guatemala)",
7019.13.35,"Glass fiber slivers, other than glass fiber yarns, whether or not colored, nesoi",New,"CAFTA-DR textiles & apparel (Jordan, El Salvador, or Guatemala)",
7019.19.30,Glass fiber chopped strands of a length more than 50 mm,New,"CAFTA-DR textiles & apparel (Jordan, El Salvador, or Guatemala)",
7019.19.70,"Fiberglass rubber reinforce cord,of electrically nonconduct. contin. filament 9 to 11 microns diam & impreg for adhesion to polymeric comp.",New,"CAFTA-DR textiles & apparel (Jordan, El Salvador, or Guatemala)",
7019.19.91,"Glass fiber slivers, rovings, yarns, chopped strands and mats thereof, nesoi",New,"CAFTA-DR textiles & apparel (Jordan, El Salvador, or Guatemala)",
7019.61.05,"Closed woven fiberglass tire cord fabric of rovings,n/o 30 cm wide,of elect. nonconductive cont. filament 9-11 micron diam & impreg for adhesion",New,"CAFTA-DR textiles & apparel (Jordan, El Salvador, or Guatemala)",
7019.61.10,"Closed woven glass fiber fabric of rovings, n/o 30 cm in width, other than fiberglass tire cord fabric",New,"CAFTA-DR textiles & apparel (Jordan, El Salvador, or Guatemala)",
7019.61.30,"Closed woven fiberglass tire cord fabric of roving,o/30 cm wide,n/color, of elect. nonconduct. contin. fil. 9-11 micron diam & impreg for adhesion",New,"CAFTA-DR textiles & apparel (Jordan, El Salvador, or Guatemala)",
7019.61.40,"Closed woven glass fiber fabric of rovings, o/30 cm wide, not colored, other than fiberglass tire cord fabric",New,"CAFTA-DR textiles & apparel (Jordan, El Salvador, or Guatemala)",
7019.61.70,"Closed woven fiberglass tire cord fabric of roving,o/30 cm wide,color,of elect nonconduct. cont. filament 9-11 micron diam & impreg for adhesion",New,"CAFTA-DR textiles & apparel (Jordan, El Salvador, or Guatemala)",
7019.61.90,"Closed woven glass fiber fabrics of rovings, o/30 cm wide, colored, other than fiberglass tire cord fabric",New,"CAFTA-DR textiles & apparel (Jordan, El Salvador, or Guatemala)",
7019.63.05,"Closed woven glass yarn fabric, not coated/laminated, tire cord fabric, n/o 30 cm wide",New,"CAFTA-DR textiles & apparel (Jordan, El Salvador, or Guatemala)",
7019.63.15,"Closed woven glass yarn fabric, not coated/laminated, n/o 30 cm in width, other than fiberglass tire cord fabric",New,"CAFTA-DR textiles & apparel (Jordan, El Salvador, or Guatemala)",
7019.63.30,"Closed woven glass yarn fabric, not coated/laminated, not color, tire cord fabric, o/30 cm wide",New,"CAFTA-DR textiles & apparel (Jordan, El Salvador, or Guatemala)",
7019.63.40,"Closed woven glass yarn fabric, not coated/laminated, o/30 cm in width, not colored, other than fiberglass tire cord fabric",New,"CAFTA-DR textiles & apparel (Jordan, El Salvador, or Guatemala)",
7019.63.70,"Closed woven glass yarn fabric, not coated/laminated, tire cord fabric, colored, o/30 cm wide",New,"CAFTA-DR textiles & apparel (Jordan, El Salvador, or Guatemala)",
7019.63.90,"Closed woven glass yarn fabric, not coated/laminated, o/30 cm in width, colored, other than fiberglass tire cord fabric",New,"CAFTA-DR textiles & apparel (Jordan, El Salvador, or Guatemala)",
7019.64.05,"Closed woven glass yarn fabric, coated/laminated, tire cord fabric, n/o 30 cm wide",New,"CAFTA-DR textiles & apparel (Jordan, El Salvador, or Guatemala)",
7019.64.15,"Closed woven glass yarn fabric, coated/laminated, n/o 30 cm wide other than fiberclass tire cord fabric",New,"CAFTA-DR textiles & apparel (Jordan, El Salvador, or Guatemala)",
7019.64.30,"Closed woven glass yarn fabric, coated/laminated, not color, tire cord fabric, o/30 cm wide",New,"CAFTA-DR textiles & apparel (Jordan, El Salvador, or Guatemala)",
7019.64.40,"Closed woven glass yarn fabric, coated/laminated, o/30 cm in width, not colored, other than fiberglass tire cord fabric",New,"CAFTA-DR textiles & apparel (Jordan, El Salvador, or Guatemala)",
7019.64.70,"Closed woven glass yarn fabric, coated/laminated, tire cord fabric, colored, o/30 cm wide",New,"CAFTA-DR textiles & apparel (Jordan, El Salvador, or Guatemala)",
7019.64.90,"Closed woven glass yarn fabric, coated/laminated, o/30 cm in width, colored, other than fiberglass tire cord fabric",New,"CAFTA-DR textiles & apparel (Jordan, El Salvador, or Guatemala)",
7019.65.51,"Open woven glass fabrics, n/o 30 cm wide, tire cord fabric, of electrical nonconduct. contin. filament 9- 11 mirco diam & impreg for adhesion",New,"CAFTA-DR textiles & apparel (Jordan, El Salvador, or Guatemala)",
7019.65.90,"Open woven glass fabrics, n/o 30 cm wide, other than fiberglass tire cord fabric",New,"CAFTA-DR textiles & apparel (Jordan, El Salvador, or Guatemala)",
7019.66.30,"Open woven glass fabrics, o/ 30cm wide & less than 250 g/m2, fiberglass tire cord fabric, not colored",New,"CAFTA-DR textiles & apparel (Jordan, El Salvador, or Guatemala)",
7019.66.40,"Open woven glass fabrics, o/30 cm wide & less than 250 g/m2, other than fiberglass tire cord fabric, not colored",New,"CAFTA-DR textiles & apparel (Jordan, El Salvador, or Guatemala)",
7019.66.70,"Open woven glass fabrics, o/30 cm wide & less than 250 g/m2, fiberglass tire cord fabric, colored",New,"CAFTA-DR textiles & apparel (Jordan, El Salvador, or Guatemala)",
7019.66.90,"Open woven glass fabrics, o/30 cm wide & less than 250 g/m2, other than fiberglass tire cord fabric, colored",New,"CAFTA-DR textiles & apparel (Jordan, El Salvador, or Guatemala)",
7019.69.30,"Open woven glass fabrics o/30 cm wide & 250 g/m2 or more, fiberglass tire cord fabric, not colored",New,"CAFTA-DR textiles & apparel (Jordan, El Salvador, or Guatemala)",
7019.69.40,"Open woven glass fabrics o/30 cm wide & 250 g/m2 or more, other than fiberglass tire cord fabric, not colored",New,"CAFTA-DR textiles & apparel (Jordan, El Salvador, or Guatemala)",
7019.69.70,"Open woven glass fabrics o/30 cm wide & 250 g/m2 or more, fiberglass tire cord fabric, colored",New,"CAFTA-DR textiles & apparel (Jordan, El Salvador, or Guatemala)",
7019.69.90,"Open woven glass fabrics o/30 cm wide & 250 g/m2 or more, other than fiberglass tire cord fabric, colored",New,"CAFTA-DR textiles & apparel (Jordan, El Salvador, or Guatemala)",
9404.30.40,"Sleeping bags, containing 20% or more by weight of feathers and/or down",New,"CAFTA-DR textiles & apparel (Jordan, El Salvador, or Guatemala)",
9404.30.80,"Sleeping bags, not containing 20% or more by weight of feathers and/or down",New,"CAFTA-DR textiles & apparel (Jordan, El Salvador, or Guatemala)",
9404.40.10,"Quilts, eiderdowns, comforters and similar articles, of cotton, w/o embroidery/lace/braid/edging, etc.",New,"CAFTA-DR textiles & apparel (Jordan, El Salvador, or Guatemala)",
9404.40.90,"Quilts, eiderdowns, comforters and similar articles, not of cotton or of cotton w/ embroidery/lace/braid/edging, etc.",New,"CAFTA-DR textiles & apparel (Jordan, El Salvador, or Guatemala)",
9404.90.10,"Pillows, cushions and similar furnishings, of cotton",New,"CAFTA-DR textiles & apparel (Jordan, El Salvador, or Guatemala)",
9404.90.20,"Pillows, cushions and similar furnishings, other than of cotton",New,"CAFTA-DR textiles & apparel (Jordan, El Salvador, or Guatemala)",
9404.90.81,"Arts. of bedding & similar furnishings stuffed or internally fitted w/any material nesoi, of cotton, w/o embroidery/lace/braid/edging, etc.",New,"CAFTA-DR textiles & apparel (Jordan, El Salvador, or Guatemala)",
9404.90.96,Arts. of bedding & similar furnishings stuffed or internally fitted w/any material nesoi,New,"CAFTA-DR textiles & apparel (Jordan, El Salvador, or Guatemala)",
